{"resourceType":"ImplementationGuide","id":"ig","url":"http://fhir.org/guides/argonaut/ImplementationGuide/ig","name":"Implementation Guide Template","status":"draft","experimental":true,"publisher":"FHIR Project","package":[{"name":"base","resource":[{"extension":[{"url":"http://hl7.org/fhir/StructureDefinition/implementationguide-page","valueUri":"Observation-weight.html"}],"example":true,"sourceReference":{"reference":"Observation/weight"}},{"extension":[{"url":"http://hl7.org/fhir/StructureDefinition/implementationguide-page","valueUri":"Observation-vitals-panel.html"}],"example":true,"sourceReference":{"reference":"Observation/vitals-panel"}},{"extension":[{"url":"http://hl7.org/fhir/StructureDefinition/implementationguide-page","valueUri":"Observation-usg.html"}],"example":true,"sourceReference":{"reference":"Observation/usg"}},{"extension":[{"url":"http://hl7.org/fhir/StructureDefinition/implementationguide-page","valueUri":"Observation-urobilinogen.html"}],"example":true,"sourceReference":{"reference":"Observation/urobilinogen"}},{"extension":[{"url":"http://hl7.org/fhir/StructureDefinition/implementationguide-page","valueUri":"Observation-urine-wbcs.html"}],"example":true,"sourceReference":{"reference":"Observation/urine-wbcs"}},{"extension":[{"url":"http://hl7.org/fhir/StructureDefinition/implementationguide-page","valueUri":"Observation-urine-sediment.html"}],"example":true,"sourceReference":{"reference":"Observation/urine-sediment"}},{"extension":[{"url":"http://hl7.org/fhir/StructureDefinition/implementationguide-page","valueUri":"Observation-urine-rbcs.html"}],"example":true,"sourceReference":{"reference":"Observation/urine-rbcs"}},{"extension":[{"url":"http://hl7.org/fhir/StructureDefinition/implementationguide-page","valueUri":"Observation-urine-protein.html"}],"example":true,"sourceReference":{"reference":"Observation/urine-protein"}},{"extension":[{"url":"http://hl7.org/fhir/StructureDefinition/implementationguide-page","valueUri":"Observation-urine-ph.html"}],"example":true,"sourceReference":{"reference":"Observation/urine-ph"}},{"extension":[{"url":"http://hl7.org/fhir/StructureDefinition/implementationguide-page","valueUri":"Observation-urine-nitrite.html"}],"example":true,"sourceReference":{"reference":"Observation/urine-nitrite"}},{"extension":[{"url":"http://hl7.org/fhir/StructureDefinition/implementationguide-page","valueUri":"Observation-urine-leukocyte-esterase.html"}],"example":true,"sourceReference":{"reference":"Observation/urine-leukocyte-esterase"}},{"extension":[{"url":"http://hl7.org/fhir/StructureDefinition/implementationguide-page","valueUri":"Observation-urine-ketone.html"}],"example":true,"sourceReference":{"reference":"Observation/urine-ketone"}},{"extension":[{"url":"http://hl7.org/fhir/StructureDefinition/implementationguide-page","valueUri":"Observation-urine-hemoglobin.html"}],"example":true,"sourceReference":{"reference":"Observation/urine-hemoglobin"}},{"extension":[{"url":"http://hl7.org/fhir/StructureDefinition/implementationguide-page","valueUri":"Observation-urine-glucose.html"}],"example":true,"sourceReference":{"reference":"Observation/urine-glucose"}},{"extension":[{"url":"http://hl7.org/fhir/StructureDefinition/implementationguide-page","valueUri":"Observation-urine-epi-cells.html"}],"example":true,"sourceReference":{"reference":"Observation/urine-epi-cells"}},{"extension":[{"url":"http://hl7.org/fhir/StructureDefinition/implementationguide-page","valueUri":"Observation-urine-color.html"}],"example":true,"sourceReference":{"reference":"Observation/urine-color"}},{"extension":[{"url":"http://hl7.org/fhir/StructureDefinition/implementationguide-page","valueUri":"Observation-urine-clarity.html"}],"example":true,"sourceReference":{"reference":"Observation/urine-clarity"}},{"extension":[{"url":"http://hl7.org/fhir/StructureDefinition/implementationguide-page","valueUri":"Observation-urine-cells.html"}],"example":true,"sourceReference":{"reference":"Observation/urine-cells"}},{"extension":[{"url":"http://hl7.org/fhir/StructureDefinition/implementationguide-page","valueUri":"Observation-urine-bilirubin.html"}],"example":true,"sourceReference":{"reference":"Observation/urine-bilirubin"}},{"extension":[{"url":"http://hl7.org/fhir/StructureDefinition/implementationguide-page","valueUri":"Observation-urine-bacteria.html"}],"example":true,"sourceReference":{"reference":"Observation/urine-bacteria"}},{"extension":[{"url":"http://hl7.org/fhir/StructureDefinition/implementationguide-page","valueUri":"DiagnosticReport-urinalysis.html"}],"example":true,"sourceReference":{"reference":"DiagnosticReport/urinalysis"}},{"extension":[{"url":"http://hl7.org/fhir/StructureDefinition/implementationguide-page","valueUri":"Device-udi-1.html"}],"example":true,"sourceReference":{"reference":"Device/udi-1"}},{"extension":[{"url":"http://hl7.org/fhir/StructureDefinition/implementationguide-page","valueUri":"Observation-temperature.html"}],"example":true,"sourceReference":{"reference":"Observation/temperature"}},{"extension":[{"url":"http://hl7.org/fhir/StructureDefinition/implementationguide-page","valueUri":"Observation-some-day-smoker.html"}],"example":true,"sourceReference":{"reference":"Observation/some-day-smoker"}},{"extension":[{"url":"http://hl7.org/fhir/StructureDefinition/implementationguide-page","valueUri":"Observation-serum-total-bilirubin.html"}],"example":true,"sourceReference":{"reference":"Observation/serum-total-bilirubin"}},{"extension":[{"url":"http://hl7.org/fhir/StructureDefinition/implementationguide-page","valueUri":"Observation-serum-sodium.html"}],"example":true,"sourceReference":{"reference":"Observation/serum-sodium"}},{"extension":[{"url":"http://hl7.org/fhir/StructureDefinition/implementationguide-page","valueUri":"Observation-serum-potassium.html"}],"example":true,"sourceReference":{"reference":"Observation/serum-potassium"}},{"extension":[{"url":"http://hl7.org/fhir/StructureDefinition/implementationguide-page","valueUri":"Observation-serum-creatinine.html"}],"example":true,"sourceReference":{"reference":"Observation/serum-creatinine"}},{"extension":[{"url":"http://hl7.org/fhir/StructureDefinition/implementationguide-page","valueUri":"Observation-serum-co2.html"}],"example":true,"sourceReference":{"reference":"Observation/serum-co2"}},{"extension":[{"url":"http://hl7.org/fhir/StructureDefinition/implementationguide-page","valueUri":"Observation-serum-chloride.html"}],"example":true,"sourceReference":{"reference":"Observation/serum-chloride"}},{"extension":[{"url":"http://hl7.org/fhir/StructureDefinition/implementationguide-page","valueUri":"Observation-serum-calcium.html"}],"example":true,"sourceReference":{"reference":"Observation/serum-calcium"}},{"extension":[{"url":"http://hl7.org/fhir/StructureDefinition/implementationguide-page","valueUri":"Observation-respiratory-rate.html"}],"example":true,"sourceReference":{"reference":"Observation/respiratory-rate"}},{"extension":[{"url":"http://hl7.org/fhir/StructureDefinition/implementationguide-page","valueUri":"Procedure-rehab.html"}],"example":true,"sourceReference":{"reference":"Procedure/rehab"}},{"extension":[{"url":"http://hl7.org/fhir/StructureDefinition/implementationguide-page","valueUri":"Patient-peter-chalmers.html"}],"example":true,"sourceReference":{"reference":"Patient/peter-chalmers"}},{"extension":[{"url":"http://hl7.org/fhir/StructureDefinition/implementationguide-page","valueUri":"Observation-oxygen-saturation.html"}],"example":true,"sourceReference":{"reference":"Observation/oxygen-saturation"}},{"extension":[{"url":"http://hl7.org/fhir/StructureDefinition/implementationguide-page","valueUri":"Observation-neutrophils.html"}],"example":true,"sourceReference":{"reference":"Observation/neutrophils"}},{"extension":[{"url":"http://hl7.org/fhir/StructureDefinition/implementationguide-page","valueUri":"DiagnosticReport-metabolic-panel.html"}],"example":true,"sourceReference":{"reference":"DiagnosticReport/metabolic-panel"}},{"extension":[{"url":"http://hl7.org/fhir/StructureDefinition/implementationguide-page","valueUri":"Observation-mchc.html"}],"example":true,"sourceReference":{"reference":"Observation/mchc"}},{"extension":[{"url":"http://hl7.org/fhir/StructureDefinition/implementationguide-page","valueUri":"Condition-liveborn-birth.html"}],"example":true,"sourceReference":{"reference":"Condition/liveborn-birth"}},{"extension":[{"url":"http://hl7.org/fhir/StructureDefinition/implementationguide-page","valueUri":"Observation-length.html"}],"example":true,"sourceReference":{"reference":"Observation/length"}},{"extension":[{"url":"http://hl7.org/fhir/StructureDefinition/implementationguide-page","valueUri":"Immunization-imm-1.html"}],"example":true,"sourceReference":{"reference":"Immunization/imm-1"}},{"extension":[{"url":"http://hl7.org/fhir/StructureDefinition/implementationguide-page","valueUri":"Observation-hemoglobin.html"}],"example":true,"sourceReference":{"reference":"Observation/hemoglobin"}},{"extension":[{"url":"http://hl7.org/fhir/StructureDefinition/implementationguide-page","valueUri":"Observation-height.html"}],"example":true,"sourceReference":{"reference":"Observation/height"}},{"extension":[{"url":"http://hl7.org/fhir/StructureDefinition/implementationguide-page","valueUri":"Observation-heart-rate.html"}],"example":true,"sourceReference":{"reference":"Observation/heart-rate"}},{"extension":[{"url":"http://hl7.org/fhir/StructureDefinition/implementationguide-page","valueUri":"Observation-head-circumference.html"}],"example":true,"sourceReference":{"reference":"Observation/head-circumference"}},{"extension":[{"url":"http://hl7.org/fhir/StructureDefinition/implementationguide-page","valueUri":"Condition-hc1.html"}],"example":true,"sourceReference":{"reference":"Condition/hc1"}},{"extension":[{"url":"http://hl7.org/fhir/StructureDefinition/implementationguide-page","valueUri":"Goal-goal-1.html"}],"example":true,"sourceReference":{"reference":"Goal/goal-1"}},{"extension":[{"url":"http://hl7.org/fhir/StructureDefinition/implementationguide-page","valueUri":"Observation-erythrocytes.html"}],"example":true,"sourceReference":{"reference":"Observation/erythrocytes"}},{"extension":[{"url":"http://hl7.org/fhir/StructureDefinition/implementationguide-page","valueUri":"DocumentReference-episode-summary.html"}],"example":true,"sourceReference":{"reference":"DocumentReference/episode-summary"}},{"extension":[{"url":"http://hl7.org/fhir/StructureDefinition/implementationguide-page","valueUri":"CarePlan-colonoscopy.html"}],"example":true,"sourceReference":{"reference":"CarePlan/colonoscopy"}},{"extension":[{"url":"http://hl7.org/fhir/StructureDefinition/implementationguide-page","valueUri":"DiagnosticReport-cbc.html"}],"example":true,"sourceReference":{"reference":"DiagnosticReport/cbc"}},{"extension":[{"url":"http://hl7.org/fhir/StructureDefinition/implementationguide-page","valueUri":"CarePlan-careteam-1.html"}],"example":true,"sourceReference":{"reference":"CarePlan/careteam-1"}},{"extension":[{"url":"http://hl7.org/fhir/StructureDefinition/implementationguide-page","valueUri":"Observation-bun.html"}],"example":true,"sourceReference":{"reference":"Observation/bun"}},{"extension":[{"url":"http://hl7.org/fhir/StructureDefinition/implementationguide-page","valueUri":"Observation-bp-data-absent.html"}],"example":true,"sourceReference":{"reference":"Observation/bp-data-absent"}},{"extension":[{"url":"http://hl7.org/fhir/StructureDefinition/implementationguide-page","valueUri":"Observation-bmi.html"}],"example":true,"sourceReference":{"reference":"Observation/bmi"}},{"extension":[{"url":"http://hl7.org/fhir/StructureDefinition/implementationguide-page","valueUri":"Observation-blood-pressure.html"}],"example":true,"sourceReference":{"reference":"Observation/blood-pressure"}},{"extension":[{"url":"http://hl7.org/fhir/StructureDefinition/implementationguide-page","valueUri":"Observation-blood-glucose.html"}],"example":true,"sourceReference":{"reference":"Observation/blood-glucose"}},{"extension":[{"url":"http://hl7.org/fhir/StructureDefinition/implementationguide-page","valueUri":"Bundle-argo-ms3.html"}],"example":true,"sourceReference":{"reference":"Bundle/argo-ms3"}},{"extension":[{"url":"http://hl7.org/fhir/StructureDefinition/implementationguide-page","valueUri":"MedicationStatement-argo-ms2.html"}],"example":true,"sourceReference":{"reference":"MedicationStatement/argo-ms2"}},{"extension":[{"url":"http://hl7.org/fhir/StructureDefinition/implementationguide-page","valueUri":"MedicationStatement-argo-ms1.html"}],"example":true,"sourceReference":{"reference":"MedicationStatement/argo-ms1"}},{"extension":[{"url":"http://hl7.org/fhir/StructureDefinition/implementationguide-page","valueUri":"Bundle-argo-mo3.html"}],"example":true,"sourceReference":{"reference":"Bundle/argo-mo3"}},{"extension":[{"url":"http://hl7.org/fhir/StructureDefinition/implementationguide-page","valueUri":"MedicationOrder-argo-mo2.html"}],"example":true,"sourceReference":{"reference":"MedicationOrder/argo-mo2"}},{"extension":[{"url":"http://hl7.org/fhir/StructureDefinition/implementationguide-page","valueUri":"MedicationOrder-argo-mo1.html"}],"example":true,"sourceReference":{"reference":"MedicationOrder/argo-mo1"}},{"extension":[{"url":"http://hl7.org/fhir/StructureDefinition/implementationguide-page","valueUri":"Medication-argo-med2.html"}],"example":true,"sourceReference":{"reference":"Medication/argo-med2"}},{"extension":[{"url":"http://hl7.org/fhir/StructureDefinition/implementationguide-page","valueUri":"Medication-argo-med1.html"}],"example":true,"sourceReference":{"reference":"Medication/argo-med1"}},{"extension":[{"url":"http://hl7.org/fhir/StructureDefinition/implementationguide-page","valueUri":"Encounter-691.html"}],"example":true,"sourceReference":{"reference":"Encounter/691"}},{"extension":[{"url":"http://hl7.org/fhir/StructureDefinition/implementationguide-page","valueUri":"Practitioner-1234.html"}],"example":true,"sourceReference":{"reference":"Practitioner/1234"}},{"extension":[{"url":"http://hl7.org/fhir/StructureDefinition/implementationguide-page","valueUri":"AllergyIntolerance-23.html"}],"example":true,"sourceReference":{"reference":"AllergyIntolerance/23"}},{"extension":[{"url":"http://hl7.org/fhir/StructureDefinition/implementationguide-page","valueUri":"Practitioner-5678.html"}],"example":true,"sourceReference":{"reference":"Practitioner/5678"}},{"extension":[{"url":"http://hl7.org/fhir/StructureDefinition/implementationguide-page","valueUri":"ValueSet-vacc-status.html"}],"example":false,"sourceReference":{"reference":"ValueSet/vacc-status"}},{"extension":[{"url":"http://hl7.org/fhir/StructureDefinition/implementationguide-page","valueUri":"ValueSet-usrealm-birthsex.html"}],"example":false,"sourceReference":{"reference":"ValueSet/usrealm-birthsex"}},{"extension":[{"url":"http://hl7.org/fhir/StructureDefinition/implementationguide-page","valueUri":"ValueSet-ucum.html"}],"example":false,"sourceReference":{"reference":"ValueSet/ucum"}},{"extension":[{"url":"http://hl7.org/fhir/StructureDefinition/implementationguide-page","valueUri":"ValueSet-ucum-vitals-common.html"}],"example":false,"sourceReference":{"reference":"ValueSet/ucum-vitals-common"}},{"extension":[{"url":"http://hl7.org/fhir/StructureDefinition/implementationguide-page","valueUri":"ValueSet-substance.html"}],"example":false,"sourceReference":{"reference":"ValueSet/substance"}},{"extension":[{"url":"http://hl7.org/fhir/StructureDefinition/implementationguide-page","valueUri":"ValueSet-substance-sct.html"}],"example":false,"sourceReference":{"reference":"ValueSet/substance-sct"}},{"extension":[{"url":"http://hl7.org/fhir/StructureDefinition/implementationguide-page","valueUri":"ValueSet-substance-rxnorm.html"}],"example":false,"sourceReference":{"reference":"ValueSet/substance-rxnorm"}},{"extension":[{"url":"http://hl7.org/fhir/StructureDefinition/implementationguide-page","valueUri":"ValueSet-substance-ndfrt.html"}],"example":false,"sourceReference":{"reference":"ValueSet/substance-ndfrt"}},{"extension":[{"url":"http://hl7.org/fhir/StructureDefinition/implementationguide-page","valueUri":"ValueSet-provider-role.html"}],"example":false,"sourceReference":{"reference":"ValueSet/provider-role"}},{"extension":[{"url":"http://hl7.org/fhir/StructureDefinition/implementationguide-page","valueUri":"ValueSet-procedure-type.html"}],"example":false,"sourceReference":{"reference":"ValueSet/procedure-type"}},{"extension":[{"url":"http://hl7.org/fhir/StructureDefinition/implementationguide-page","valueUri":"ValueSet-procedure-icd10pcs.html"}],"example":false,"sourceReference":{"reference":"ValueSet/procedure-icd10pcs"}},{"extension":[{"url":"http://hl7.org/fhir/StructureDefinition/implementationguide-page","valueUri":"ValueSet-omb-race.html"}],"example":false,"sourceReference":{"reference":"ValueSet/omb-race"}},{"extension":[{"url":"http://hl7.org/fhir/StructureDefinition/implementationguide-page","valueUri":"ValueSet-omb-ethnicity.html"}],"example":false,"sourceReference":{"reference":"ValueSet/omb-ethnicity"}},{"extension":[{"url":"http://hl7.org/fhir/StructureDefinition/implementationguide-page","valueUri":"ValueSet-observation-value-codes.html"}],"example":false,"sourceReference":{"reference":"ValueSet/observation-value-codes"}},{"extension":[{"url":"http://hl7.org/fhir/StructureDefinition/implementationguide-page","valueUri":"ValueSet-observation-ccdavitalsignresult.html"}],"example":false,"sourceReference":{"reference":"ValueSet/observation-ccdavitalsignresult"}},{"extension":[{"url":"http://hl7.org/fhir/StructureDefinition/implementationguide-page","valueUri":"ValueSet-observation-ccdasmokingstatus.html"}],"example":false,"sourceReference":{"reference":"ValueSet/observation-ccdasmokingstatus"}},{"extension":[{"url":"http://hl7.org/fhir/StructureDefinition/implementationguide-page","valueUri":"ValueSet-ndc-vaccine-codes.html"}],"example":false,"sourceReference":{"reference":"ValueSet/ndc-vaccine-codes"}},{"extension":[{"url":"http://hl7.org/fhir/StructureDefinition/implementationguide-page","valueUri":"ValueSet-narrative-status.html"}],"example":false,"sourceReference":{"reference":"ValueSet/narrative-status"}},{"extension":[{"url":"http://hl7.org/fhir/StructureDefinition/implementationguide-page","valueUri":"ValueSet-medication-codes.html"}],"example":false,"sourceReference":{"reference":"ValueSet/medication-codes"}},{"extension":[{"url":"http://hl7.org/fhir/StructureDefinition/implementationguide-page","valueUri":"ValueSet-languages.html"}],"example":false,"sourceReference":{"reference":"ValueSet/languages"}},{"extension":[{"url":"http://hl7.org/fhir/StructureDefinition/implementationguide-page","valueUri":"ValueSet-device-kind.html"}],"example":false,"sourceReference":{"reference":"ValueSet/device-kind"}},{"extension":[{"url":"http://hl7.org/fhir/StructureDefinition/implementationguide-page","valueUri":"ValueSet-detailed-race.html"}],"example":false,"sourceReference":{"reference":"ValueSet/detailed-race"}},{"extension":[{"url":"http://hl7.org/fhir/StructureDefinition/implementationguide-page","valueUri":"ValueSet-detailed-ethnicity.html"}],"example":false,"sourceReference":{"reference":"ValueSet/detailed-ethnicity"}},{"extension":[{"url":"http://hl7.org/fhir/StructureDefinition/implementationguide-page","valueUri":"ValueSet-condition-category.html"}],"example":false,"sourceReference":{"reference":"ValueSet/condition-category"}},{"extension":[{"url":"http://hl7.org/fhir/StructureDefinition/implementationguide-page","valueUri":"ValueSet-argo-codesystem.html"}],"example":false,"sourceReference":{"reference":"ValueSet/argo-codesystem"}},{"extension":[{"url":"http://hl7.org/fhir/StructureDefinition/implementationguide-page","valueUri":"StructureDefinition-argo-resource-documentation.html"}],"example":false,"sourceReference":{"reference":"StructureDefinition/argo-resource-documentation"}},{"extension":[{"url":"http://hl7.org/fhir/StructureDefinition/implementationguide-page","valueUri":"StructureDefinition-argo-race.html"}],"example":false,"sourceReference":{"reference":"StructureDefinition/argo-race"}},{"extension":[{"url":"http://hl7.org/fhir/StructureDefinition/implementationguide-page","valueUri":"StructureDefinition-argo-profile-link.html"}],"example":false,"sourceReference":{"reference":"StructureDefinition/argo-profile-link"}},{"extension":[{"url":"http://hl7.org/fhir/StructureDefinition/implementationguide-page","valueUri":"StructureDefinition-argo-ethnicity.html"}],"example":false,"sourceReference":{"reference":"StructureDefinition/argo-ethnicity"}},{"extension":[{"url":"http://hl7.org/fhir/StructureDefinition/implementationguide-page","valueUri":"StructureDefinition-argo-birthsex.html"}],"example":false,"sourceReference":{"reference":"StructureDefinition/argo-birthsex"}},{"extension":[{"url":"http://hl7.org/fhir/StructureDefinition/implementationguide-page","valueUri":"SearchParameter-race.html"}],"example":false,"sourceReference":{"reference":"SearchParameter/race"}},{"extension":[{"url":"http://hl7.org/fhir/StructureDefinition/implementationguide-page","valueUri":"SearchParameter-ethnicity.html"}],"example":false,"sourceReference":{"reference":"SearchParameter/ethnicity"}},{"extension":[{"url":"http://hl7.org/fhir/StructureDefinition/implementationguide-page","valueUri":"OperationDefinition-docref.html"}],"example":false,"sourceReference":{"reference":"OperationDefinition/docref"}},{"extension":[{"url":"http://hl7.org/fhir/StructureDefinition/implementationguide-page","valueUri":"Conformance-server.html"}],"example":true,"sourceReference":{"reference":"Conformance/server"}},{"extension":[{"url":"http://hl7.org/fhir/StructureDefinition/implementationguide-page","valueUri":"Conformance-client.html"}],"example":true,"sourceReference":{"reference":"Conformance/client"}},{"extension":[{"url":"http://hl7.org/fhir/StructureDefinition/implementationguide-page","valueUri":"ConceptMap-ndc-cvx.html"}],"example":false,"sourceReference":{"reference":"ConceptMap/ndc-cvx"}}]},{"name":"C:\\work\\org.hl7.fhir.us\\argonaut-r2\\resources\\allergyintolerance-argonaut-profile-spreadsheet","resource":[{"extension":[{"url":"http://hl7.org/fhir/StructureDefinition/implementationguide-page","valueUri":"StructureDefinition-argo-allergyintolerance.html"}],"example":false,"name":"Argonaut AllergyIntolerance Profile","sourceReference":{"reference":"StructureDefinition/argo-allergyintolerance"}}]},{"name":"C:\\work\\org.hl7.fhir.us\\argonaut-r2\\resources\\careplan-argonaut-profile-spreadsheet","resource":[{"extension":[{"url":"http://hl7.org/fhir/StructureDefinition/implementationguide-page","valueUri":"StructureDefinition-argo-careplan.html"}],"example":false,"name":"Argonaut CarePlan Profile","sourceReference":{"reference":"StructureDefinition/argo-careplan"}}]},{"name":"C:\\work\\org.hl7.fhir.us\\argonaut-r2\\resources\\careteam-argonaut-profile-spreadsheet","resource":[{"extension":[{"url":"http://hl7.org/fhir/StructureDefinition/implementationguide-page","valueUri":"StructureDefinition-argo-careteam.html"}],"example":false,"name":"Argonaut CareTeam Profile","sourceReference":{"reference":"StructureDefinition/argo-careteam"}}]},{"name":"C:\\work\\org.hl7.fhir.us\\argonaut-r2\\resources\\condition-argonaut-profile-spreadsheet","resource":[{"extension":[{"url":"http://hl7.org/fhir/StructureDefinition/implementationguide-page","valueUri":"StructureDefinition-argo-condition.html"}],"example":false,"name":"Argonaut Condition Profile","sourceReference":{"reference":"StructureDefinition/argo-condition"}}]},{"name":"C:\\work\\org.hl7.fhir.us\\argonaut-r2\\resources\\device-argonaut-profile-spreadsheet","resource":[{"extension":[{"url":"http://hl7.org/fhir/StructureDefinition/implementationguide-page","valueUri":"StructureDefinition-argo-device.html"}],"example":false,"name":"Argonaut Device Profile","sourceReference":{"reference":"StructureDefinition/argo-device"}}]},{"name":"C:\\work\\org.hl7.fhir.us\\argonaut-r2\\resources\\diagnosticreport-argonaut-profile-spreadsheet","resource":[{"extension":[{"url":"http://hl7.org/fhir/StructureDefinition/implementationguide-page","valueUri":"StructureDefinition-argo-diagnosticreport.html"}],"example":false,"name":"Argonaut DiagnosticReport Profile","sourceReference":{"reference":"StructureDefinition/argo-diagnosticreport"}}]},{"name":"C:\\work\\org.hl7.fhir.us\\argonaut-r2\\resources\\documentreference-argonaut-profile-spreadsheet","resource":[{"extension":[{"url":"http://hl7.org/fhir/StructureDefinition/implementationguide-page","valueUri":"StructureDefinition-argo-documentreference.html"}],"example":false,"name":"Argonaut DocumentReference Profile","sourceReference":{"reference":"StructureDefinition/argo-documentreference"}}]},{"name":"C:\\work\\org.hl7.fhir.us\\argonaut-r2\\resources\\goal-argonaut-profile-spreadsheet","resource":[{"extension":[{"url":"http://hl7.org/fhir/StructureDefinition/implementationguide-page","valueUri":"StructureDefinition-argo-goal.html"}],"example":false,"name":"Argonaut Goal Profile","sourceReference":{"reference":"StructureDefinition/argo-goal"}}]},{"name":"C:\\work\\org.hl7.fhir.us\\argonaut-r2\\resources\\immunization-argonaut-profile-spreadsheet","resource":[{"extension":[{"url":"http://hl7.org/fhir/StructureDefinition/implementationguide-page","valueUri":"StructureDefinition-argo-immunization.html"}],"example":false,"name":"Argonaut Immunization Profile","sourceReference":{"reference":"StructureDefinition/argo-immunization"}}]},{"name":"C:\\work\\org.hl7.fhir.us\\argonaut-r2\\resources\\medication-argonaut-profile-spreadsheet","resource":[{"extension":[{"url":"http://hl7.org/fhir/StructureDefinition/implementationguide-page","valueUri":"StructureDefinition-argo-medication.html"}],"example":false,"name":"Argonaut Medication Profile","sourceReference":{"reference":"StructureDefinition/argo-medication"}}]},{"name":"C:\\work\\org.hl7.fhir.us\\argonaut-r2\\resources\\medicationorder-argonaut-profile-spreadsheet","resource":[{"extension":[{"url":"http://hl7.org/fhir/StructureDefinition/implementationguide-page","valueUri":"StructureDefinition-argo-medicationorder.html"}],"example":false,"name":"Argonaut MedicationOrder Profile","sourceReference":{"reference":"StructureDefinition/argo-medicationorder"}}]},{"name":"C:\\work\\org.hl7.fhir.us\\argonaut-r2\\resources\\medicationstatement-argonaut-profile-spreadsheet","resource":[{"extension":[{"url":"http://hl7.org/fhir/StructureDefinition/implementationguide-page","valueUri":"StructureDefinition-argo-medicationstatement.html"}],"example":false,"name":"Argonaut MedicationStatement Profile","sourceReference":{"reference":"StructureDefinition/argo-medicationstatement"}}]},{"name":"C:\\work\\org.hl7.fhir.us\\argonaut-r2\\resources\\observationresults-argonaut-profile-spreadsheet","resource":[{"extension":[{"url":"http://hl7.org/fhir/StructureDefinition/implementationguide-page","valueUri":"StructureDefinition-argo-observationresults.html"}],"example":false,"name":"Argonaut Observation Results Profile","sourceReference":{"reference":"StructureDefinition/argo-observationresults"}}]},{"name":"C:\\work\\org.hl7.fhir.us\\argonaut-r2\\resources\\patient-argonaut-profile-spreadsheet","resource":[{"extension":[{"url":"http://hl7.org/fhir/StructureDefinition/implementationguide-page","valueUri":"StructureDefinition-argo-patient.html"}],"example":false,"name":"Argonaut Patient Profile","sourceReference":{"reference":"StructureDefinition/argo-patient"}}]},{"name":"C:\\work\\org.hl7.fhir.us\\argonaut-r2\\resources\\procedure-argonaut-profile-spreadsheet","resource":[{"extension":[{"url":"http://hl7.org/fhir/StructureDefinition/implementationguide-page","valueUri":"StructureDefinition-argo-procedure.html"}],"example":false,"name":"Argonaut Procedure Profile","sourceReference":{"reference":"StructureDefinition/argo-procedure"}}]},{"name":"C:\\work\\org.hl7.fhir.us\\argonaut-r2\\resources\\smokingstatus-argonaut-profile-spreadsheet","resource":[{"extension":[{"url":"http://hl7.org/fhir/StructureDefinition/implementationguide-page","valueUri":"StructureDefinition-argo-smokingstatus.html"}],"example":false,"name":"Argonaut Smoking Status Observation Profile","sourceReference":{"reference":"StructureDefinition/argo-smokingstatus"}}]},{"name":"C:\\work\\org.hl7.fhir.us\\argonaut-r2\\resources\\vitalsigns-argonaut-profile-spreadsheet","resource":[{"extension":[{"url":"http://hl7.org/fhir/StructureDefinition/implementationguide-page","valueUri":"StructureDefinition-argo-vitalsigns.html"}],"example":false,"name":"Argonaut Vital Signs Observation Profile","sourceReference":{"reference":"StructureDefinition/argo-vitalsigns"}}]}],"page":{"source":"index.html","title":"blah","kind":"page"}}