{"resourceType":"StructureDefinition","id":"argo-birthsex","text":{"status":"generated","div":"<div xmlns=\"http://www.w3.org/1999/xhtml\"><p><b>Generated Narrative with Details</b></p><p><b>url</b>: <a href=\"http://fhir.org/guides/argonaut/StructureDefinition/argo-birthsex\">http://fhir.org/guides/argonaut/StructureDefinition/argo-birthsex</a></p><p><b>name</b>: Sex of patient assigned at birth</p><p><b>status</b>: DRAFT</p><p><b>date</b>: 18/10/2016 12:00:00 AM</p><p><b>publisher</b>: Argonaut Project</p><h3>Contacts</h3><table class=\"grid\"><tr><td>-</td><td><b>Telecom</b></td></tr><tr><td>*</td><td>http://argonautwiki.hl7.org</td></tr></table><p><b>description</b>: A code classifying the person's sex assigned at birth  as specified by the [Office of the National Coordinator for Health IT (ONC)](https://www.healthit.gov/newsroom/about-onc).</p><p><b>url</b>: <a href=\"http://fhir.org/guides/argonaut/StructureDefinition/argo-birthsex\">http://fhir.org/guides/argonaut/StructureDefinition/argo-birthsex</a></p><p><b>name</b>: Sex of patient assigned at birth</p><p><b>status</b>: DRAFT</p><p><b>publisher</b>: Argonaut Project</p><h3>Contacts</h3><table class=\"grid\"><tr><td>-</td><td><b>Telecom</b></td></tr><tr><td>*</td><td>http://argonautwiki.hl7.org</td></tr></table><p><b>date</b>: 18/10/2016 12:00:00 AM</p><p><b>description</b>: A code classifying the person's sex assigned at birth  as specified by the [Office of the National Coordinator for Health IT (ONC)](https://www.healthit.gov/newsroom/about-onc).</p><p><b>fhirVersion</b>: 1.0.2</p><h3>Mappings</h3><table class=\"grid\"><tr><td>-</td><td><b>Identity</b></td><td><b>Uri</b></td><td><b>Name</b></td></tr><tr><td>*</td><td>rim</td><td><a href=\"http://hl7.org/v3\">http://hl7.org/v3</a></td><td>RIM</td></tr></table><p><b>kind</b>: COMPLEXTYPE</p><p><b>abstract</b>: false</p><p><b>contextType</b>: RESOURCE</p><p><b>context</b>: Patient</p><h3>Snapshots</h3><table class=\"grid\"><tr><td>-</td><td><b>Element</b></td></tr><tr><td>*</td><td>todo-bundle</td></tr></table><h3>Differentials</h3><table class=\"grid\"><tr><td>-</td><td><b>Element</b></td></tr><tr><td>*</td><td>todo-bundle</td></tr></table></div>"},"url":"http://fhir.org/guides/argonaut/StructureDefinition/argo-birthsex","name":"Sex of patient assigned at birth","title":"Sex of patient assigned at birth","status":"draft","publisher":"Argonaut Project","contact":[{"telecom":[{"system":"other","value":"http://argonautwiki.hl7.org","rank":0}]}],"date":"2016-10-18T00:00:00+11:00","description":"A code classifying the person's sex assigned at birth  as specified by the [Office of the National Coordinator for Health IT (ONC)](https://www.healthit.gov/newsroom/about-onc).","fhirVersion":"1.0.2","mapping":[{"identity":"rim","uri":"http://hl7.org/v3","name":"RIM"}],"kind":"complex-type","abstract":false,"contextType":"resource","context":["Patient"],"type":"Extension","baseDefinition":"http://hl7.org/fhir/StructureDefinition/Extension","derivation":"constraint","snapshot":{"element":[{"id":"birthsex","path":"Extension","short":"Extension","definition":"A code classifying the person's sex assigned at birth  as specified by the [Office of the National Coordinator for Health IT (ONC)](https://www.healthit.gov/newsroom/about-onc).","comments":"The codes required are intended to present birth sex (i.e., the sex recorded on the patient’s birth certificate) and not gender identity or reassigned sex.","min":0,"max":"1","base":{"path":"Extension","min":0,"max":"*"},"maxLength":0,"mustSupport":false,"isModifier":false,"isSummary":false,"mapping":[{"identity":"v2","map":"PID-8"},{"identity":"rim","map":"player[classCode=PSN|ANM and determinerCode=INSTANCE]/administrativeGender"}]},{"id":"Extension:birthsex.id","path":"Extension.id","representation":["xmlAttr"],"short":"xml:id (or equivalent in JSON)","definition":"unique id for the element within a resource (for internal references).","min":0,"max":"1","base":{"path":"Extension.id","min":0,"max":"1"},"type":[{"code":"id"}],"maxLength":0,"mustSupport":false,"isModifier":false,"isSummary":false,"mapping":[{"identity":"rim","map":"n/a"}]},{"id":"Extension:birthsex.extension","path":"Extension.extension","short":"Additional Content defined by implementations","definition":"May be used to represent additional information that is not part of the basic definition of the element. In order to make the use of extensions safe and manageable, there is a strict set of governance  applied to the definition and use of extensions. Though any implementer is allowed to define an extension, there is a set of requirements that SHALL be met as part of the definition of the extension.","comments":"There can be no stigma associated with the use of extensions by any application, project, or standard - regardless of the institution or jurisdiction that uses or defines the extensions.  The use of extensions is what allows the FHIR specification to retain a core level of simplicity for everyone.","alias":["extensions","user content"],"min":0,"max":"*","base":{"path":"Extension.extension","min":0,"max":"*"},"type":[{"code":"Extension"}],"maxLength":0,"mustSupport":false,"isModifier":false,"isSummary":false,"mapping":[{"identity":"rim","map":"n/a"}]},{"id":"Extension:birthsex.url","path":"Extension.url","representation":["xmlAttr"],"short":"identifies the meaning of the extension","definition":"Source of the definition for the extension code - a logical name or a URL.","comments":"The definition may point directly to a computable or human-readable definition of the extensibility codes, or it may be a logical URI as declared in some other specification. The definition should be version specific.  This will ideally be the URI for the Resource Profile defining the extension, with the code for the extension after a #.","min":1,"max":"1","base":{"path":"Extension.url","min":1,"max":"1"},"type":[{"code":"uri"}],"fixedUri":"http://fhir.org/guides/argonaut/StructureDefinition/argo-birthsex","maxLength":0,"mustSupport":false,"isModifier":false,"isSummary":false,"mapping":[{"identity":"rim","map":"N/A"}]},{"id":"Extension:birthsex.valueCode","path":"Extension.valueCode","short":"Value of extension","definition":"Value of extension - may be a resource or one of a constrained set of the data types (see Extensibility in the spec for list).","min":0,"max":"1","base":{"path":"Extension.value[x]","min":0,"max":"1"},"type":[{"code":"code"}],"maxLength":0,"mustSupport":false,"isModifier":false,"isSummary":false,"binding":{"strength":"required","description":"Code for sex assigned at birth","valueSetReference":{"reference":"http://fhir.org/guides/argonaut/ValueSet/usrealm-birthsex"}},"mapping":[{"identity":"rim","map":"N/A"}]}]},"differential":{"element":[{"id":"birthsex","path":"Extension","definition":"A code classifying the person's sex assigned at birth  as specified by the [Office of the National Coordinator for Health IT (ONC)](https://www.healthit.gov/newsroom/about-onc).","comments":"The codes required are intended to present birth sex (i.e., the sex recorded on the patient’s birth certificate) and not gender identity or reassigned sex.","min":0,"max":"1","maxLength":0,"mustSupport":false,"isModifier":false,"isSummary":false,"mapping":[{"identity":"v2","map":"PID-8"},{"identity":"rim","map":"player[classCode=PSN|ANM and determinerCode=INSTANCE]/administrativeGender"}]},{"id":"Extension:birthsex.url","path":"Extension.url","min":0,"fixedUri":"http://fhir.org/guides/argonaut/StructureDefinition/argo-birthsex","maxLength":0,"mustSupport":false,"isModifier":false,"isSummary":false},{"id":"Extension:birthsex.valueCode","path":"Extension.valueCode","min":0,"type":[{"code":"code"}],"maxLength":0,"mustSupport":false,"isModifier":false,"isSummary":false,"binding":{"strength":"required","description":"Code for sex assigned at birth","valueSetReference":{"reference":"http://fhir.org/guides/argonaut/ValueSet/usrealm-birthsex"}}}]}}