{"resourceType":"StructureDefinition","id":"argo-race","text":{"status":"generated","div":"<div xmlns=\"http://www.w3.org/1999/xhtml\"><p><b>Generated Narrative with Details</b></p><p><b>url</b>: <a href=\"http://fhir.org/guides/argonaut/StructureDefinition/argo-race\">http://fhir.org/guides/argonaut/StructureDefinition/argo-race</a></p><p><b>name</b>: Argonaut Race Extension</p><p><b>status</b>: DRAFT</p><p><b>date</b>: 18/10/2016 12:00:00 AM</p><p><b>publisher</b>: Argonaut Project</p><h3>Contacts</h3><table class=\"grid\"><tr><td>-</td><td><b>Telecom</b></td></tr><tr><td>*</td><td>http://argonautwiki.hl7.org</td></tr></table><p><b>description</b>: Concepts classifying the person into a named category of humans sharing common history, traits, geographical origin or nationality.  The race codes used to represent these concepts are based upon the [CDC Race and Ethnicity Code Set Version 1.0](http://www.cdc.gov/phin/resources/vocabulary/index.html) which includes over 900 concepts for representing race and ethnicity of which 921 reference race.  The race concepts are grouped by and pre-mapped to the 5 OMB race categories: - American Indian or Alaska Native - Asian - Black or African American - Native Hawaiian or Other Pacific Islander - White.</p><p><b>url</b>: <a href=\"http://fhir.org/guides/argonaut/StructureDefinition/argo-race\">http://fhir.org/guides/argonaut/StructureDefinition/argo-race</a></p><p><b>name</b>: Argonaut Race Extension</p><p><b>status</b>: DRAFT</p><p><b>publisher</b>: Argonaut Project</p><h3>Contacts</h3><table class=\"grid\"><tr><td>-</td><td><b>Telecom</b></td></tr><tr><td>*</td><td>http://argonautwiki.hl7.org</td></tr></table><p><b>date</b>: 18/10/2016 12:00:00 AM</p><p><b>description</b>: Concepts classifying the person into a named category of humans sharing common history, traits, geographical origin or nationality.  The race codes used to represent these concepts are based upon the [CDC Race and Ethnicity Code Set Version 1.0](http://www.cdc.gov/phin/resources/vocabulary/index.html) which includes over 900 concepts for representing race and ethnicity of which 921 reference race.  The race concepts are grouped by and pre-mapped to the 5 OMB race categories: - American Indian or Alaska Native - Asian - Black or African American - Native Hawaiian or Other Pacific Islander - White.</p><p><b>fhirVersion</b>: 1.0.2</p><h3>Mappings</h3><table class=\"grid\"><tr><td>-</td><td><b>Identity</b></td><td><b>Uri</b></td><td><b>Name</b></td></tr><tr><td>*</td><td>rim</td><td><a href=\"http://hl7.org/v3\">http://hl7.org/v3</a></td><td>RIM</td></tr></table><p><b>kind</b>: COMPLEXTYPE</p><p><b>abstract</b>: false</p><p><b>contextType</b>: RESOURCE</p><p><b>context</b>: Patient</p><h3>Snapshots</h3><table class=\"grid\"><tr><td>-</td><td><b>Element</b></td></tr><tr><td>*</td><td>todo-bundle</td></tr></table><h3>Differentials</h3><table class=\"grid\"><tr><td>-</td><td><b>Element</b></td></tr><tr><td>*</td><td>todo-bundle</td></tr></table></div>"},"url":"http://fhir.org/guides/argonaut/StructureDefinition/argo-race","name":"Argonaut Race Extension","title":"Argonaut Race Extension","status":"draft","publisher":"Argonaut Project","contact":[{"telecom":[{"system":"other","value":"http://argonautwiki.hl7.org"}]}],"date":"2016-10-18T00:00:00+11:00","description":"Concepts classifying the person into a named category of humans sharing common history, traits, geographical origin or nationality.  The race codes used to represent these concepts are based upon the [CDC Race and Ethnicity Code Set Version 1.0](http://www.cdc.gov/phin/resources/vocabulary/index.html) which includes over 900 concepts for representing race and ethnicity of which 921 reference race.  The race concepts are grouped by and pre-mapped to the 5 OMB race categories: - American Indian or Alaska Native - Asian - Black or African American - Native Hawaiian or Other Pacific Islander - White.","purpose":"Complies with 2015 Edition Common Clinical Data Set for patient race.","fhirVersion":"1.0.2","mapping":[{"identity":"rim","uri":"http://hl7.org/v3","name":"RIM"}],"kind":"complex-type","abstract":false,"contextType":"resource","context":["Patient"],"type":"Extension","baseDefinition":"http://hl7.org/fhir/StructureDefinition/Extension","derivation":"constraint","snapshot":{"element":[{"id":"race","path":"Extension","short":"Argonaut Race Extension","definition":"Concepts classifying the person into a named category of humans sharing common history, traits, geographical origin or nationality.  The race codes used to represent these concepts are based upon the [CDC Race and Ethnicity Code Set Version 1.0](http://www.cdc.gov/phin/resources/vocabulary/index.html) which includes over 900 concepts for representing race and ethnicity of which 921 reference race.  The race concepts are grouped by and pre-mapped to the 5 OMB race categories: - American Indian or Alaska Native - Asian - Black or African American - Native Hawaiian or Other Pacific Islander - White.","min":0,"max":"1","base":{"path":"Extension","min":0,"max":"*"},"mustSupport":false,"isModifier":false,"isSummary":false},{"id":"Extension:race.id","path":"Extension.id","representation":["xmlAttr"],"short":"xml:id (or equivalent in JSON)","definition":"unique id for the element within a resource (for internal references).","min":0,"max":"1","base":{"path":"Extension.id","min":0,"max":"1"},"type":[{"code":"id"}],"mustSupport":false,"isModifier":false,"isSummary":false,"mapping":[{"identity":"rim","map":"n/a"}]},{"id":"Extension:race.extension","path":"Extension.extension","sliceName":"Extension:race.extension","slicing":{"id":"1","discriminator":["url"],"ordered":false,"rules":"open"},"short":"Extension","definition":"An Extension","min":0,"max":"*","base":{"path":"Extension.extension","min":0,"max":"*"},"type":[{"code":"Extension"}],"mustSupport":false,"isModifier":false,"isSummary":false},{"id":"ombCategory","path":"Extension.extension","sliceName":"ombCategory","short":"American Indian or Alaska Native|Asian|Black or African American|Native Hawaiian or Other Pacific Islander|White","definition":"The 5 race category codes according to the [OMB Standards for Maintaining, Collecting, and Presenting Federal Data on Race and Ethnicity, Statistical Policy Directive No. 15, as revised, October 30, 1997](https://www.whitehouse.gov/omb/fedreg_1997standards).","min":0,"max":"5","base":{"path":"Extension.extension","min":0,"max":"*"},"type":[{"code":"Extension"}],"mustSupport":true,"isModifier":false,"isSummary":false},{"id":"Extension:race.extension:ombcategory.id","path":"Extension.extension.id","representation":["xmlAttr"],"short":"xml:id (or equivalent in JSON)","definition":"unique id for the element within a resource (for internal references).","min":0,"max":"1","base":{"path":"Extension.id","min":0,"max":"1"},"type":[{"code":"id"}],"mustSupport":false,"isModifier":false,"isSummary":false,"mapping":[{"identity":"rim","map":"n/a"}]},{"id":"Extension:race.extension:ombcategory.extension","path":"Extension.extension.extension","short":"Additional Content defined by implementations","definition":"May be used to represent additional information that is not part of the basic definition of the element. In order to make the use of extensions safe and manageable, there is a strict set of governance  applied to the definition and use of extensions. Though any implementer is allowed to define an extension, there is a set of requirements that SHALL be met as part of the definition of the extension.","comments":"There can be no stigma associated with the use of extensions by any application, project, or standard - regardless of the institution or jurisdiction that uses or defines the extensions.  The use of extensions is what allows the FHIR specification to retain a core level of simplicity for everyone.","alias":["extensions","user content"],"min":0,"max":"0","base":{"path":"Extension.extension","min":0,"max":"*"},"type":[{"code":"Extension"}],"mustSupport":false,"isModifier":false,"isSummary":false,"mapping":[{"identity":"rim","map":"n/a"}]},{"id":"Extension:race.extension:ombcategory.url","path":"Extension.extension.url","representation":["xmlAttr"],"short":"identifies the meaning of the extension","definition":"Source of the definition for the extension code - a logical name or a URL.","comments":"The definition may point directly to a computable or human-readable definition of the extensibility codes, or it may be a logical URI as declared in some other specification. The definition should be version specific.  This will ideally be the URI for the Resource Profile defining the extension, with the code for the extension after a #.","min":1,"max":"1","base":{"path":"Extension.url","min":1,"max":"1"},"type":[{"code":"uri"}],"fixedUri":"ombCategory","mustSupport":false,"isModifier":false,"isSummary":false,"mapping":[{"identity":"rim","map":"N/A"}]},{"id":"Extension:race.extension:ombcategory.valueCoding","path":"Extension.extension.valueCoding","short":"Value of extension","definition":"Value of extension - may be a resource or one of a constrained set of the data types (see Extensibility in the spec for list).","min":1,"max":"1","base":{"path":"Extension.value[x]","min":0,"max":"1"},"type":[{"code":"Coding"}],"mustSupport":false,"isModifier":false,"isSummary":false,"binding":{"strength":"extensible","description":"The 5 race category codes according to the [OMB Standards for Maintaining, Collecting, and Presenting Federal Data on Race and Ethnicity, Statistical Policy Directive No. 15, as revised, October 30, 1997](https://www.whitehouse.gov/omb/fedreg_1997standards).","valueSetReference":{"reference":"http://fhir.org/guides/argonaut/ValueSet/omb-race"}},"mapping":[{"identity":"rim","map":"N/A"}]},{"id":"detailed","path":"Extension.extension","sliceName":"detailed","short":"Extended race codes","definition":"The 900+ CDC race codes that are grouped under one of the 5 OMB race category codes:.","min":0,"max":"*","base":{"path":"Extension.extension","min":0,"max":"*"},"type":[{"code":"Extension"}],"mustSupport":false,"isModifier":false,"isSummary":false},{"id":"Extension:race.extension:detailed.id","path":"Extension.extension.id","representation":["xmlAttr"],"short":"xml:id (or equivalent in JSON)","definition":"unique id for the element within a resource (for internal references).","min":0,"max":"1","base":{"path":"Extension.id","min":0,"max":"1"},"type":[{"code":"id"}],"mustSupport":false,"isModifier":false,"isSummary":false,"mapping":[{"identity":"rim","map":"n/a"}]},{"id":"Extension:race.extension:detailed.extension","path":"Extension.extension.extension","short":"Additional Content defined by implementations","definition":"May be used to represent additional information that is not part of the basic definition of the element. In order to make the use of extensions safe and manageable, there is a strict set of governance  applied to the definition and use of extensions. Though any implementer is allowed to define an extension, there is a set of requirements that SHALL be met as part of the definition of the extension.","comments":"There can be no stigma associated with the use of extensions by any application, project, or standard - regardless of the institution or jurisdiction that uses or defines the extensions.  The use of extensions is what allows the FHIR specification to retain a core level of simplicity for everyone.","alias":["extensions","user content"],"min":0,"max":"0","base":{"path":"Extension.extension","min":0,"max":"*"},"type":[{"code":"Extension"}],"mustSupport":false,"isModifier":false,"isSummary":false,"mapping":[{"identity":"rim","map":"n/a"}]},{"id":"Extension:race.extension:detailed.url","path":"Extension.extension.url","representation":["xmlAttr"],"short":"identifies the meaning of the extension","definition":"Source of the definition for the extension code - a logical name or a URL.","comments":"The definition may point directly to a computable or human-readable definition of the extensibility codes, or it may be a logical URI as declared in some other specification. The definition should be version specific.  This will ideally be the URI for the Resource Profile defining the extension, with the code for the extension after a #.","min":1,"max":"1","base":{"path":"Extension.url","min":1,"max":"1"},"type":[{"code":"uri"}],"fixedUri":"detailed","mustSupport":false,"isModifier":false,"isSummary":false,"mapping":[{"identity":"rim","map":"N/A"}]},{"id":"Extension:race.extension:detailed.valueCoding","path":"Extension.extension.valueCoding","short":"Value of extension","definition":"Value of extension - may be a resource or one of a constrained set of the data types (see Extensibility in the spec for list).","min":1,"max":"1","base":{"path":"Extension.value[x]","min":0,"max":"1"},"type":[{"code":"Coding"}],"mustSupport":false,"isModifier":false,"isSummary":false,"binding":{"strength":"required","description":"The [900+ CDC Race codes](http://www.cdc.gov/phin/resources/vocabulary/index.html) that are grouped under one of the 5 OMB race category codes.","valueSetReference":{"reference":"http://fhir.org/guides/argonaut/ValueSet/detailed-race"}},"mapping":[{"identity":"rim","map":"N/A"}]},{"id":"text","path":"Extension.extension","sliceName":"text","short":"Race Text","definition":"Plain text representation of the race concept(s).","min":1,"max":"1","base":{"path":"Extension.extension","min":0,"max":"*"},"type":[{"code":"Extension"}],"mustSupport":true,"isModifier":false,"isSummary":false},{"id":"Extension:race.extension:text.id","path":"Extension.extension.id","representation":["xmlAttr"],"short":"xml:id (or equivalent in JSON)","definition":"unique id for the element within a resource (for internal references).","min":0,"max":"1","base":{"path":"Extension.id","min":0,"max":"1"},"type":[{"code":"id"}],"mustSupport":false,"isModifier":false,"isSummary":false,"mapping":[{"identity":"rim","map":"n/a"}]},{"id":"Extension:race.extension:text.extension","path":"Extension.extension.extension","short":"Additional Content defined by implementations","definition":"May be used to represent additional information that is not part of the basic definition of the element. In order to make the use of extensions safe and manageable, there is a strict set of governance  applied to the definition and use of extensions. Though any implementer is allowed to define an extension, there is a set of requirements that SHALL be met as part of the definition of the extension.","comments":"There can be no stigma associated with the use of extensions by any application, project, or standard - regardless of the institution or jurisdiction that uses or defines the extensions.  The use of extensions is what allows the FHIR specification to retain a core level of simplicity for everyone.","alias":["extensions","user content"],"min":0,"max":"0","base":{"path":"Extension.extension","min":0,"max":"*"},"type":[{"code":"Extension"}],"mustSupport":false,"isModifier":false,"isSummary":false,"mapping":[{"identity":"rim","map":"n/a"}]},{"id":"Extension:race.extension:text.url","path":"Extension.extension.url","representation":["xmlAttr"],"short":"identifies the meaning of the extension","definition":"Source of the definition for the extension code - a logical name or a URL.","comments":"The definition may point directly to a computable or human-readable definition of the extensibility codes, or it may be a logical URI as declared in some other specification. The definition should be version specific.  This will ideally be the URI for the Resource Profile defining the extension, with the code for the extension after a #.","min":1,"max":"1","base":{"path":"Extension.url","min":1,"max":"1"},"type":[{"code":"uri"}],"fixedUri":"text","mustSupport":false,"isModifier":false,"isSummary":false,"mapping":[{"identity":"rim","map":"N/A"}]},{"id":"Extension:race.extension:text.valueString","path":"Extension.extension.valueString","short":"Value of extension","definition":"Value of extension - may be a resource or one of a constrained set of the data types (see Extensibility in the spec for list).","min":1,"max":"1","base":{"path":"Extension.value[x]","min":0,"max":"1"},"type":[{"code":"string"}],"mustSupport":false,"isModifier":false,"isSummary":false,"mapping":[{"identity":"rim","map":"N/A"}]},{"id":"Extension:race.url","path":"Extension.url","representation":["xmlAttr"],"short":"identifies the meaning of the extension","definition":"Source of the definition for the extension code - a logical name or a URL.","comments":"The definition may point directly to a computable or human-readable definition of the extensibility codes, or it may be a logical URI as declared in some other specification. The definition should be version specific.  This will ideally be the URI for the Resource Profile defining the extension, with the code for the extension after a #.","min":1,"max":"1","base":{"path":"Extension.url","min":1,"max":"1"},"type":[{"code":"uri"}],"fixedUri":"http://fhir.org/guides/argonaut/StructureDefinition/argo-race","mustSupport":false,"isModifier":false,"isSummary":false,"mapping":[{"identity":"rim","map":"N/A"}]},{"id":"Extension:race.value[x]","path":"Extension.value[x]","short":"Value of extension","definition":"Value of extension - may be a resource or one of a constrained set of the data types (see Extensibility in the spec for list).","min":0,"max":"0","base":{"path":"Extension.value[x]","min":0,"max":"1"},"type":[{"code":"boolean"},{"code":"integer"},{"code":"decimal"},{"code":"base64Binary"},{"code":"instant"},{"code":"string"},{"code":"uri"},{"code":"date"},{"code":"dateTime"},{"code":"time"},{"code":"code"},{"code":"oid"},{"code":"id"},{"code":"unsignedInt"},{"code":"positiveInt"},{"code":"markdown"},{"code":"Annotation"},{"code":"Attachment"},{"code":"Identifier"},{"code":"CodeableConcept"},{"code":"Coding"},{"code":"Quantity"},{"code":"Range"},{"code":"Period"},{"code":"Ratio"},{"code":"SampledData"},{"code":"Signature"},{"code":"HumanName"},{"code":"Address"},{"code":"ContactPoint"},{"code":"Timing"},{"code":"Reference"},{"code":"Meta"}],"mustSupport":false,"isModifier":false,"isSummary":false,"mapping":[{"identity":"rim","map":"N/A"}]}]},"differential":{"element":[{"id":"race","path":"Extension","short":"Argonaut Race Extension","definition":"Concepts classifying the person into a named category of humans sharing common history, traits, geographical origin or nationality.  The race codes used to represent these concepts are based upon the [CDC Race and Ethnicity Code Set Version 1.0](http://www.cdc.gov/phin/resources/vocabulary/index.html) which includes over 900 concepts for representing race and ethnicity of which 921 reference race.  The race concepts are grouped by and pre-mapped to the 5 OMB race categories: - American Indian or Alaska Native - Asian - Black or African American - Native Hawaiian or Other Pacific Islander - White.","min":0,"max":"1","mustSupport":false,"isModifier":false,"isSummary":false},{"id":"ombCategory","path":"Extension.extension","short":"American Indian or Alaska Native|Asian|Black or African American|Native Hawaiian or Other Pacific Islander|White","definition":"The 5 race category codes according to the [OMB Standards for Maintaining, Collecting, and Presenting Federal Data on Race and Ethnicity, Statistical Policy Directive No. 15, as revised, October 30, 1997](https://www.whitehouse.gov/omb/fedreg_1997standards).","min":0,"max":"5","type":[{"code":"Extension"}],"mustSupport":true,"isModifier":false,"isSummary":false},{"id":"Extension:race.extension:ombcategory.url","path":"Extension.extension.url","min":1,"max":"1","type":[{"code":"uri"}],"fixedUri":"ombCategory"},{"id":"Extension:race.extension:ombcategory.valueCoding","path":"Extension.extension.valueCoding","min":1,"max":"1","type":[{"code":"Coding"}],"mustSupport":false,"isModifier":false,"isSummary":false,"binding":{"strength":"required","description":"The 5 race category codes according to the [OMB Standards for Maintaining, Collecting, and Presenting Federal Data on Race and Ethnicity, Statistical Policy Directive No. 15, as revised, October 30, 1997](https://www.whitehouse.gov/omb/fedreg_1997standards).","valueSetReference":{"reference":"http://fhir.org/guides/argonaut/ValueSet/omb-race"}}},{"id":"detailed","path":"Extension.extension","short":"Extended race codes","definition":"The 900+ CDC race codes that are grouped under one of the 5 OMB race category codes:.","min":0,"max":"*","type":[{"code":"Extension"}],"mustSupport":false,"isModifier":false,"isSummary":false},{"id":"Extension:race.extension:detailed.url","path":"Extension.extension.url","min":1,"max":"1","type":[{"code":"uri"}],"fixedUri":"detailed"},{"id":"Extension:race.extension:detailed.valueCoding","path":"Extension.extension.valueCoding","min":1,"max":"1","type":[{"code":"Coding"}],"mustSupport":false,"isModifier":false,"isSummary":false,"binding":{"strength":"required","description":"The [900+ CDC Race codes](http://www.cdc.gov/phin/resources/vocabulary/index.html) that are grouped under one of the 5 OMB race category codes.","valueSetReference":{"reference":"http://fhir.org/guides/argonaut/ValueSet/detailed-race"}}},{"id":"text","path":"Extension.extension","short":"Race Text","definition":"Plain text representation of the race concept(s).","min":1,"max":"1","type":[{"code":"Extension"}],"mustSupport":true,"isModifier":false,"isSummary":false},{"id":"Extension:race.extension:text.url","path":"Extension.extension.url","min":1,"max":"1","type":[{"code":"uri"}],"fixedUri":"text"},{"id":"Extension:race.extension:text.valueString","path":"Extension.extension.valueString","min":1,"max":"1","type":[{"code":"string"}],"mustSupport":false,"isModifier":false,"isSummary":false},{"id":"Extension:race.url","path":"Extension.url","min":1,"max":"1","fixedUri":"http://fhir.org/guides/argonaut/StructureDefinition/argo-race","mustSupport":false,"isModifier":false,"isSummary":false}]}}