{"resourceType":"ValueSet","id":"ucum-vitals-common","text":{"status":"generated","div":"<div xmlns=\"http://www.w3.org/1999/xhtml\"><h2>Argonaut Vital Signs Units</h2><div><p>This value set includes most codes from the  http://hl7.org/fhir/ValueSet/daf-ucum-vitals-common valueset and adds inches, pounds, grams and degree Fahrenheit to support English units of measures.</p>\n</div><p>This value set includes codes from the following code systems:</p><ul><li/><li>Import all the codes that are contained in <a href=\"http://hl7.org/fhir/DSTU2/daf/valueset-daf-ucum-vitals-common.html\">http://hl7.org/fhir/ValueSet/daf-ucum-vitals-common</a></li><li>Include these codes as defined in http://unitsofmeasure.org<table class=\"none\"><tr><td><b>Code</b></td><td><b>Display</b></td></tr><tr><td>[in_i]</td><td>inch (international)</td><td/></tr><tr><td>[lb_av]</td><td>pound (US and British)</td><td/></tr><tr><td>[degF]</td><td>degree Fahrenheit</td><td/></tr><tr><td>g</td><td>gram</td><td/></tr></table></li></ul></div>"},"url":"http://fhir.org/guides/argonaut/ValueSet/ucum-vitals-common","name":"Argonaut Vital Signs Units","status":"draft","publisher":"Argonaut Project","contact":[{"telecom":[{"system":"other","value":"http://argonautwiki.hl7.org"}]}],"date":"2016-05-26T00:00:00+10:00","description":"This value set includes most codes from the  http://hl7.org/fhir/ValueSet/daf-ucum-vitals-common valueset and adds inches, pounds, grams and degree Fahrenheit to support English units of measures.","immutable":false,"purpose":"Codes that are needed for implementation of the Argonaut Vital Signs IG and MU2015 certification.","extensible":false,"compose":{"include":[{"valueSet":["http://hl7.org/fhir/ValueSet/daf-ucum-vitals-common"]},{"system":"http://unitsofmeasure.org","concept":[{"code":"[in_i]","display":"inch (international)"},{"code":"[lb_av]","display":"pound (US and British)"},{"code":"[degF]","display":"degree Fahrenheit"},{"code":"g","display":"gram"}]}]}}