{"resourceType":"ValueSet","id":"device-kind","text":{"status":"generated","div":"<div xmlns=\"http://www.w3.org/1999/xhtml\"><h2>Argonaut Device Types</h2><div><p>Device Types :  Codes used to identify medical devices. This value set includes all children of SNOMED CT Concepts (US Extension and Core) from SCTID 49062001 Device (physical object)  and is provided as a suggestive example.</p>\n</div><p><b>Copyright Statement:</b> This value set includes content from SNOMED CT, which is copyright © 2002+ International Health Terminology Standards Development Organisation (IHTSDO), and distributed by agreement between IHTSDO and HL7. Implementer use of SNOMED CT is not covered by this agreement.</p><p>This value set includes codes from the following code systems:</p><ul><li>Include codes from http://snomed.info/sct where concept  is-a  49062001 (Device (physical object))</li></ul></div>"},"url":"http://fhir.org/guides/argonaut/ValueSet/device-kind","name":"Argonaut Device Types","status":"draft","experimental":true,"publisher":"Argonaut Project","contact":[{"telecom":[{"system":"other","value":"http://argonautwiki.hl7.org"}]}],"date":"2016-10-20T10:41:44+11:00","description":"Device Types :  Codes used to identify medical devices. This value set includes all children of SNOMED CT Concepts (US Extension and Core) from SCTID 49062001 Device (physical object)  and is provided as a suggestive example.","immutable":false,"copyright":"This value set includes content from SNOMED CT, which is copyright © 2002+ International Health Terminology Standards Development Organisation (IHTSDO), and distributed by agreement between IHTSDO and HL7. Implementer use of SNOMED CT is not covered by this agreement.","extensible":false,"compose":{"include":[{"system":"http://snomed.info/sct","filter":[{"property":"concept","op":"is-a","value":"49062001"}]}]}}