{"resourceType":"ValueSet","id":"procedure-icd10pcs","text":{"status":"generated","div":"<div xmlns=\"http://www.w3.org/1999/xhtml\"><h2>Argonaut Procedure Type ICD-10-PCS Codes</h2><div><p>This value set defines a set of codes from ICD10-PCS that can be used to indicate a type of procedure performed</p>\n</div><p><b>Copyright Statement:</b> The International Classification of Diseases, Tenth Revision, Procedure Coding System (ICD-10-PCS) was developed for the Centers for Medicare and Medicaid Services (CMS).  CMS is the U.S. governmental agency responsible for overseeing all changes and modifications to the ICD-10-PCS.</p><p>This value set includes codes from the following code systems:</p><ul><li>Include all codes defined in http://www.icd10data.com/icd10pcs</li></ul></div>"},"url":"http://fhir.org/guides/argonaut/ValueSet/procedure-icd10pcs","name":"Argonaut Procedure Type ICD-10-PCS Codes","status":"draft","experimental":true,"publisher":"Argonaut Project","contact":[{"telecom":[{"system":"other","value":"http://argonautwiki.hl7.org"}]}],"date":"2016-08-10T00:00:00+10:00","description":"This value set defines a set of codes from ICD10-PCS that can be used to indicate a type of procedure performed","immutable":false,"copyright":"The International Classification of Diseases, Tenth Revision, Procedure Coding System (ICD-10-PCS) was developed for the Centers for Medicare and Medicaid Services (CMS).  CMS is the U.S. governmental agency responsible for overseeing all changes and modifications to the ICD-10-PCS.","extensible":false,"compose":{"include":[{"system":"http://www.icd10data.com/icd10pcs"}]}}