{"resourceType":"ValueSet","id":"provider-role","text":{"status":"generated","div":"<div xmlns=\"http://www.w3.org/1999/xhtml\"><h2>Care Team Provider Roles</h2><div><p>Provider roles codes consist of <a href=\"http://www.nucc.org/index.php/code-sets-mainmenu-41/provider-taxonomy-mainmenu-40/csv-mainmenu-57\">NUCC Health Care Provider Taxonomy Code Set for providers</a> and SNOMED-CT for non clinical and organization roles including codes from the SCTID 125676002 Person (person) heirarchy and the SCTID 394730007 Healthcare related organization (qualifier value) heirarchy.</p>\n</div><p><b>Copyright Statement:</b> This value set includes content from SNOMED CT, which is copyright © 2002+ International Health Terminology Standards Development Organisation (IHTSDO), and distributed by agreement between IHTSDO and HL7. Implementer use of SNOMED CT is not covered by this agreement.  This value set includes content from NUCC Health Care Provider Taxonomy Code Set for providers which is copyright © 2016+ American Medical Association.  For commercial use, including sales or licensing, a license must be obtained.</p><p>This value set includes codes from the following code systems:</p><ul><li>Include all codes defined in http://nucc.org/provider-taxonomy</li><li>Include codes from http://snomed.info/sct where concept  is-a  125676002 (Person)</li><li>Include codes from http://snomed.info/sct where concept  is-a  394730007 (Healthcare related organisation)</li></ul></div>"},"url":"http://fhir.org/guides/argonaut/ValueSet/provider-role","name":"Care Team Provider Roles","status":"draft","publisher":"Argonaut Project","contact":[{"telecom":[{"system":"other","value":"http://argonautwiki.hl7.org"}]}],"date":"2016-10-18T00:00:00+11:00","description":"Provider roles codes consist of [NUCC Health Care Provider Taxonomy Code Set for providers](http://www.nucc.org/index.php/code-sets-mainmenu-41/provider-taxonomy-mainmenu-40/csv-mainmenu-57) and SNOMED-CT for non clinical and organization roles including codes from the SCTID 125676002 Person (person) heirarchy and the SCTID 394730007 Healthcare related organization (qualifier value) heirarchy.","immutable":false,"purpose":"Codes that may be used for implementation of the Argonaut Procedures IG and MU2015 certification.","copyright":"This value set includes content from SNOMED CT, which is copyright © 2002+ International Health Terminology Standards Development Organisation (IHTSDO), and distributed by agreement between IHTSDO and HL7. Implementer use of SNOMED CT is not covered by this agreement.  This value set includes content from NUCC Health Care Provider Taxonomy Code Set for providers which is copyright © 2016+ American Medical Association.  For commercial use, including sales or licensing, a license must be obtained.","extensible":false,"compose":{"include":[{"system":"http://nucc.org/provider-taxonomy"},{"system":"http://snomed.info/sct","filter":[{"property":"concept","op":"is-a","value":"125676002"}]},{"system":"http://snomed.info/sct","filter":[{"property":"concept","op":"is-a","value":"394730007"}]}]}}