{"resourceType":"ValueSet","id":"substance-sct","text":{"status":"generated","div":"<div xmlns=\"http://www.w3.org/1999/xhtml\"><h2>DAF SNOMED CT Substances Other Than Clinical Drugs</h2><div><p>SNOMED CT Substance concepts Other Than Clinical Drug Substances that are not represented by RXNORM  drug concepts. This value set is meant to be quite broad and includes many substances that may never be prescribed or be a reactant. It does not remove all overlap with RXNORM - for those concepts, the alternative code system should be chosen.</p>\n</div><p><b>Copyright Statement:</b> This value set includes content from SNOMED CT, which is copyright © 2002+ International Health Terminology Standards Development Organisation (IHTSDO), and distributed by agreement between IHTSDO and HL7. Implementer use of SNOMED CT is not covered by this agreement.</p><p>This value set includes codes from the following code systems:</p><ul><li>Include codes from http://snomed.info/sct where concept  is-a  105590001 (Substance)</li><li>Exclude codes from http://snomed.info/sct where concept  is-a  410942007 (Drug or medicament (substance))</li><li>Exclude codes from http://snomed.info/sct where concept  is-a  438951008 (Substance categorized by hazard characteristics (substance))</li><li>Exclude codes from http://snomed.info/sct where concept  is-a  312412007 (Substance categorized functionally)</li><li>Exclude codes from http://snomed.info/sct where concept  is-a  312413002 (Substance categorised structurally)</li><li>Exclude codes from http://snomed.info/sct where concept  is-a  312417001 (Substance of abuse)</li></ul></div>"},"url":"http://fhir.org/guides/argonaut/ValueSet/substance-sct","name":"DAF SNOMED CT Substances Other Than Clinical Drugs","status":"draft","publisher":"Argonaut Project","contact":[{"telecom":[{"system":"other","value":"http://argonautwiki.hl7.org"}]}],"date":"2016-10-18T00:00:00+11:00","description":"SNOMED CT Substance concepts Other Than Clinical Drug Substances that are not represented by RXNORM  drug concepts. This value set is meant to be quite broad and includes many substances that may never be prescribed or be a reactant. It does not remove all overlap with RXNORM - for those concepts, the alternative code system should be chosen.","immutable":false,"copyright":"This value set includes content from SNOMED CT, which is copyright © 2002+ International Health Terminology Standards Development Organisation (IHTSDO), and distributed by agreement between IHTSDO and HL7. Implementer use of SNOMED CT is not covered by this agreement.","extensible":false,"compose":{"include":[{"system":"http://snomed.info/sct","filter":[{"property":"concept","op":"is-a","value":"105590001"}]}],"exclude":[{"system":"http://snomed.info/sct","filter":[{"property":"concept","op":"is-a","value":"410942007"}]},{"system":"http://snomed.info/sct","filter":[{"property":"concept","op":"is-a","value":"438951008"}]},{"system":"http://snomed.info/sct","filter":[{"property":"concept","op":"is-a","value":"312412007"}]},{"system":"http://snomed.info/sct","filter":[{"property":"concept","op":"is-a","value":"312413002"}]},{"system":"http://snomed.info/sct","filter":[{"property":"concept","op":"is-a","value":"312417001"}]}]}}