{"resourceType":"ValueSet","id":"ndc-vaccine-codes","text":{"status":"generated","div":"<div xmlns=\"http://www.w3.org/1999/xhtml\"><h2>Vaccine National Drug Code (NDC)</h2><div><p>This value set includes all the Vaccine National Drug Codes (NDC).  This source of this data is provided by the <a href=\"https://www2a.cdc.gov/vaccines/iis/iisstandards/ndc_crosswalk.asp\">CDC</a></p>\n</div><p>This value set includes codes from the following code systems:</p><ul><li>Include these codes as defined in http://hl7.org/fhir/sid/ndc<table class=\"none\"><tr><td><b>Code</b></td><td><b>Display</b></td></tr><tr><td>NDC11</td><td>UseUnitPropName</td><td/></tr><tr><td>49281-0589-58</td><td>Menactra</td><td/></tr><tr><td>49281-0623-78</td><td>FLUZONE QUADRIVALENT</td><td/></tr><tr><td>49281-0515-00</td><td>Fluzone Quadrivalent, peds</td><td/></tr><tr><td>49281-0415-88</td><td>Fluzone Quadrivalent PF</td><td/></tr><tr><td>49281-0415-58</td><td>FLUZONE QUADRIVALENT PF</td><td/></tr><tr><td>33332-0115-11</td><td>AFLURIA</td><td/></tr><tr><td>33332-0015-02</td><td>AFLURIA</td><td/></tr><tr><td>66019-0302-01</td><td>FluMist Quadrivalent</td><td/></tr><tr><td>42874-0015-01</td><td>Flublok</td><td/></tr><tr><td>66521-0118-12</td><td>Fluvirin</td><td/></tr><tr><td>66521-0118-11</td><td>Fluvirin</td><td/></tr><tr><td>58160-0883-41</td><td>FLUARIX</td><td/></tr><tr><td>66521-0000-11</td><td>Fluad</td><td/></tr><tr><td>69401-0000-01</td><td>Vivotif</td><td/></tr><tr><td>66019-0301-01</td><td>FluMist Quadrivalent</td><td/></tr><tr><td>33332-0014-02</td><td>AFLURIA</td><td/></tr><tr><td>33332-0114-11</td><td>AFLURIA</td><td/></tr><tr><td>63851-0613-11</td><td>Flucelvax</td><td/></tr><tr><td>66521-0117-11</td><td>FLUVIRIN</td><td/></tr><tr><td>66521-0117-12</td><td>Fluvirin</td><td/></tr><tr><td>00006-4093-01</td><td>RECOMBIVAX HB</td><td/></tr><tr><td>00006-4094-01</td><td>RECOMBIVAX HB</td><td/></tr><tr><td>00006-4095-01</td><td>VAQTA</td><td/></tr><tr><td>00006-4096-01</td><td>VAQTA</td><td/></tr><tr><td>00006-4963-01</td><td>ZOSTAVAX</td><td/></tr><tr><td>00006-4963-01</td><td>ZOSTAVAX</td><td/></tr><tr><td>42874-0014-01</td><td>Flublok</td><td/></tr><tr><td>49281-0414-88</td><td>Fluzone Quadrivalent PF</td><td/></tr><tr><td>49281-0395-88</td><td>Fluzone HD</td><td/></tr><tr><td>49281-0709-48</td><td>FLUZONE Intradermal</td><td/></tr><tr><td>58160-0881-41</td><td>FLUARIX</td><td/></tr><tr><td>58160-0809-01</td><td>MENHIBRIX</td><td/></tr><tr><td>62577-0613-11</td><td>Flucelvax</td><td/></tr><tr><td>19515-0893-02</td><td>FLULAVAL</td><td/></tr><tr><td>49281-0621-78</td><td>FLUZONE QUADRIVALENT</td><td/></tr><tr><td>00005-0100-01</td><td>Trumenba</td><td/></tr><tr><td>00005-0100-01</td><td>Trumenba</td><td/></tr><tr><td>00005-0100-01</td><td>Trumenba</td><td/></tr><tr><td>00006-4047-01</td><td>RotaTeq</td><td/></tr><tr><td>00006-4109-01</td><td>GARDASIL</td><td/></tr><tr><td>62577-0613-11</td><td>Flucelvax</td><td/></tr><tr><td>00006-4121-01</td><td>GARDASIL 9</td><td/></tr><tr><td>00006-4119-01</td><td>GARDASIL 9</td><td/></tr><tr><td>00006-4119-01</td><td>GARDASIL 9</td><td/></tr><tr><td>63851-0511-11</td><td>RabAvert</td><td/></tr><tr><td>49281-0562-58</td><td>QUADRACEL</td><td/></tr><tr><td>46028-0114-11</td><td>Bexsero</td><td/></tr><tr><td>46028-0114-11</td><td>Bexsero</td><td/></tr><tr><td>00006-4171-01</td><td>ProQuad</td><td/></tr><tr><td>13533-0131-00</td><td>Tetanus and Diphtheria Toxoids Adsorbed</td><td/></tr><tr><td>49281-0396-78</td><td>FLUZONE</td><td/></tr><tr><td>49281-0397-88</td><td>FLUZONE High-Dose</td><td/></tr><tr><td>62577-0614-11</td><td>Flucelvax</td><td/></tr><tr><td>58160-0903-41</td><td>FLUARIX QUADRIVALENT</td><td/></tr><tr><td>19515-0898-01</td><td>Flulaval Quadrivalent</td><td/></tr><tr><td>19515-0901-41</td><td>Flulaval Quadrivalent</td><td/></tr><tr><td>49281-0393-88</td><td>FLUZONE High-Dose</td><td/></tr><tr><td>58160-0810-43</td><td>INFANRIX</td><td/></tr><tr><td>58160-0810-01</td><td>INFANRIX</td><td/></tr><tr><td>49281-0790-38</td><td>Typhim Vi</td><td/></tr><tr><td>49281-0790-88</td><td>Typhim Vi</td><td/></tr><tr><td>49281-0640-15</td><td>INFLUENZA A (H1N1) 2009 MONOVALENT VACCINE</td><td/></tr><tr><td>49281-0650-10</td><td>INFLUENZA A (H1N1) 2009 MONOVALENT VACCINE</td><td/></tr><tr><td>49281-0650-90</td><td>INFLUENZA A (H1N1) 2009 MONOVALENT VACCINE</td><td/></tr><tr><td>49281-0650-25</td><td>INFLUENZA A (H1N1) 2009 MONOVALENT VACCINE</td><td/></tr><tr><td>49281-0650-70</td><td>INFLUENZA A (H1N1) 2009 MONOVALENT VACCINE</td><td/></tr><tr><td>49281-0650-50</td><td>INFLUENZA A (H1N1) 2009 MONOVALENT VACCINE</td><td/></tr><tr><td>49281-0707-48</td><td>FLUZONE</td><td/></tr><tr><td>66019-0110-01</td><td>FluMist</td><td/></tr><tr><td>00006-4681-01</td><td>M-M-R II</td><td/></tr><tr><td>49281-0215-58</td><td>TENIVAC</td><td/></tr><tr><td>49281-0215-88</td><td>TENIVAC</td><td/></tr><tr><td>46028-0218-11</td><td>Meningococcal (Groups A) CRM197 Oligosaccharide Co</td><td/></tr><tr><td>49281-0387-65</td><td>FLUZONE</td><td/></tr><tr><td>49281-0386-15</td><td>FLUZONE</td><td/></tr><tr><td>49281-0010-10</td><td>FLUZONE</td><td/></tr><tr><td>49281-0010-25</td><td>Fluzone</td><td/></tr><tr><td>49281-0010-50</td><td>FLUZONE</td><td/></tr><tr><td>54868-0980-00</td><td>M-M-R II</td><td/></tr><tr><td>58160-0830-43</td><td>CERVARIX</td><td/></tr><tr><td>58160-0830-05</td><td>CERVARIX</td><td/></tr><tr><td>00005-1971-01</td><td>PREVNAR 13</td><td/></tr><tr><td>00005-1971-01</td><td>PREVNAR 13</td><td/></tr><tr><td>00005-1971-01</td><td>PREVNAR 13</td><td/></tr><tr><td>17478-0131-00</td><td>Tetanus and Diphtheria Toxoids Adsorbed</td><td/></tr><tr><td>58160-0812-43</td><td>KINRIX</td><td/></tr><tr><td>58160-0812-01</td><td>KINRIX</td><td/></tr><tr><td>66019-0108-01</td><td>FluMist</td><td/></tr><tr><td>00006-4898-01</td><td>COMVAX</td><td/></tr><tr><td>58160-0809-01</td><td>MENHIBRIX</td><td/></tr><tr><td>63851-0612-11</td><td>Flucelvax</td><td/></tr><tr><td>00006-4992-01</td><td>RECOMBIVAX HB</td><td/></tr><tr><td>00006-4981-01</td><td>RECOMBIVAX HB</td><td/></tr><tr><td>00006-4980-00</td><td>RECOMBIVAX HB</td><td/></tr><tr><td>00006-4093-01</td><td>RECOMBIVAX HB</td><td/></tr><tr><td>00006-4094-01</td><td>RECOMBIVAX HB</td><td/></tr><tr><td>00006-4109-01</td><td>GARDASIL</td><td/></tr><tr><td>66521-0112-02</td><td>FLUVIRIN</td><td/></tr><tr><td>66521-0112-10</td><td>FLUVIRIN</td><td/></tr><tr><td>66019-0107-01</td><td>FluMist</td><td/></tr><tr><td>49281-0225-58</td><td>DIPHTHERIA AND TETANUS TOXOIDS ADSORBED</td><td/></tr><tr><td>49281-0705-55</td><td>FLUZONE</td><td/></tr><tr><td>42515-0001-00</td><td>IXIARO</td><td/></tr><tr><td>58160-0879-41</td><td>FLUARIX</td><td/></tr><tr><td>58160-0880-41</td><td>FLUARIX</td><td/></tr><tr><td>58160-0820-01</td><td>ENGERIX-B</td><td/></tr><tr><td>58160-0820-43</td><td>ENGERIX-B</td><td/></tr><tr><td>58160-0821-01</td><td>ENGERIX-B</td><td/></tr><tr><td>58160-0821-43</td><td>ENGERIX-B</td><td/></tr><tr><td>58160-0821-05</td><td>ENGERIX-B</td><td/></tr><tr><td>42874-0012-01</td><td>Flublok</td><td/></tr><tr><td>49281-0278-10</td><td>DIPHTHERIA AND TETANUS TOXOIDS ADSORBED</td><td/></tr><tr><td>66019-0109-01</td><td>FluMist</td><td/></tr><tr><td>19515-0890-02</td><td>FLULAVAL</td><td/></tr><tr><td>19515-0889-02</td><td>FLULAVAL</td><td/></tr><tr><td>58160-0900-41</td><td>FLUARIX QUADRIVALENT</td><td/></tr><tr><td>49281-0860-78</td><td>IPOL</td><td/></tr><tr><td>49281-0860-88</td><td>IPOL</td><td/></tr><tr><td>49281-0389-65</td><td>FLUZONE High-Dose</td><td/></tr><tr><td>49281-0388-15</td><td>FLUZONE</td><td/></tr><tr><td>49281-0011-10</td><td>FLUZONE</td><td/></tr><tr><td>49281-0011-50</td><td>FLUZONE</td><td/></tr><tr><td>49281-0703-55</td><td>FLUZONE Intradermal</td><td/></tr><tr><td>49281-0111-25</td><td>FLUZONE</td><td/></tr><tr><td>66521-0200-10</td><td>Influenza A (H1N1) 2009 Monovalent Vaccine</td><td/></tr><tr><td>66521-0200-02</td><td>Influenza A (H1N1) 2009 Monovalent Vaccine</td><td/></tr><tr><td>49281-0298-10</td><td>TRIPEDIA</td><td/></tr><tr><td>58160-0806-01</td><td>HIBERIX</td><td/></tr><tr><td>33332-0013-02</td><td>AFLURIA</td><td/></tr><tr><td>33332-0113-11</td><td>AFLURIA</td><td/></tr><tr><td>49281-0391-65</td><td>FLUZONE High-Dose</td><td/></tr><tr><td>49281-0012-50</td><td>FLUZONE</td><td/></tr><tr><td>49281-0012-10</td><td>FLUZONE</td><td/></tr><tr><td>49281-0112-25</td><td>FLUZONE</td><td/></tr><tr><td>49281-0390-15</td><td>FLUZONE</td><td/></tr><tr><td>00006-4897-01</td><td>PedvaxHIB</td><td/></tr><tr><td>49281-0291-83</td><td>DECAVAC</td><td/></tr><tr><td>49281-0291-10</td><td>DECAVAC</td><td/></tr><tr><td>49281-0413-88</td><td>FLUZONE QUADRIVALENT</td><td/></tr><tr><td>49281-0413-58</td><td>FLUZONE QUADRIVALENT</td><td/></tr><tr><td>49281-0513-00</td><td>FLUZONE QUADRIVALENT</td><td/></tr><tr><td>66521-0113-02</td><td>Fluvirin</td><td/></tr><tr><td>66521-0113-10</td><td>Fluvirin</td><td/></tr><tr><td>00005-1970-49</td><td>Prevnar</td><td/></tr><tr><td>00006-4047-01</td><td>RotaTeq</td><td/></tr><tr><td>58160-0811-43</td><td>PEDIARIX</td><td/></tr><tr><td>58160-0811-41</td><td>PEDIARIX</td><td/></tr><tr><td>00006-4827-01</td><td>VARIVAX</td><td/></tr><tr><td>00006-4826-01</td><td>VARIVAX</td><td/></tr><tr><td>58160-0842-41</td><td>BOOSTRIX</td><td/></tr><tr><td>58160-0842-01</td><td>BOOSTRIX</td><td/></tr><tr><td>58160-0842-43</td><td>BOOSTRIX</td><td/></tr><tr><td>58160-0842-05</td><td>BOOSTRIX</td><td/></tr><tr><td>66019-0300-01</td><td>FluMist Quadrivalent</td><td/></tr><tr><td>49281-0589-58</td><td>Menactra</td><td/></tr><tr><td>00006-4095-01</td><td>VAQTA</td><td/></tr><tr><td>00006-4096-01</td><td>VAQTA</td><td/></tr><tr><td>00006-4831-01</td><td>VAQTA</td><td/></tr><tr><td>63851-0511-11</td><td>RabAvert</td><td/></tr><tr><td>66019-0200-01</td><td>Influenza A H1N1 2009 Monovalent Vaccine Live Intr</td><td/></tr><tr><td>14362-0111-03</td><td>Tetanus and Diphtheria Toxoids Adsorbed</td><td/></tr><tr><td>33332-0519-01</td><td>Influenza A</td><td/></tr><tr><td>33332-0519-25</td><td>Influenza A</td><td/></tr><tr><td>33332-0629-10</td><td>Influenza A</td><td/></tr><tr><td>58160-0825-43</td><td>HAVRIX</td><td/></tr><tr><td>58160-0825-01</td><td>HAVRIX</td><td/></tr><tr><td>58160-0826-43</td><td>HAVRIX</td><td/></tr><tr><td>58160-0826-05</td><td>HAVRIX</td><td/></tr><tr><td>58160-0826-01</td><td>HAVRIX</td><td/></tr><tr><td>33332-0010-01</td><td>AFLURIA</td><td/></tr><tr><td>33332-0110-10</td><td>AFLURIA</td><td/></tr><tr><td>66521-0115-10</td><td>Fluvirin</td><td/></tr><tr><td>66521-0115-02</td><td>Fluvirin</td><td/></tr><tr><td>00006-4133-01</td><td>Tetanus and Diphtheria Toxoids Adsorbed</td><td/></tr><tr><td>54868-4320-09</td><td>PNEUMOVAX 23</td><td/></tr><tr><td>54868-3339-09</td><td>PNEUMOVAX 23</td><td/></tr><tr><td>00052-0603-01</td><td>BCG VACCINE</td><td/></tr><tr><td>64678-0211-05</td><td>BioThrax</td><td/></tr><tr><td>00006-4739-01</td><td>PNEUMOVAX 23</td><td/></tr><tr><td>00006-4943-01</td><td>PNEUMOVAX 23</td><td/></tr><tr><td>49281-0013-58</td><td>FLUZONE</td><td/></tr><tr><td>49281-0013-88</td><td>FLUZONE</td><td/></tr><tr><td>49281-0392-78</td><td>FLUZONE</td><td/></tr><tr><td>49281-0113-00</td><td>FLUZONE</td><td/></tr><tr><td>49281-0820-10</td><td>TETANUS TOXOID ADSORBED</td><td/></tr><tr><td>49281-0800-83</td><td>TETANUS TOXOID ADSORBED</td><td/></tr><tr><td>49281-0400-88</td><td>Adacel</td><td/></tr><tr><td>49281-0286-58</td><td>DAPTACEL</td><td/></tr><tr><td>49281-0286-58</td><td>DAPTACEL</td><td/></tr><tr><td>49281-0286-58</td><td>DAPTACEL</td><td/></tr><tr><td>58160-0815-41</td><td>TWINRIX</td><td/></tr><tr><td>58160-0815-43</td><td>TWINRIX</td><td/></tr><tr><td>58160-0815-05</td><td>TWINRIX</td><td/></tr><tr><td>58160-0815-43</td><td>TWINRIX</td><td/></tr><tr><td>58160-0815-01</td><td>TWINRIX</td><td/></tr><tr><td>66521-0114-10</td><td>Fluvirin</td><td/></tr><tr><td>76420-0482-01</td><td>FLUVIRIN</td><td/></tr><tr><td>19515-0895-01</td><td>Flulaval Quadrivalent</td><td/></tr><tr><td>00006-4999-01</td><td>ProQuad</td><td/></tr><tr><td>49281-0545-15</td><td>ACTHIB</td><td/></tr><tr><td>51285-0174-02</td><td>Adenovirus Type 4 Vaccine, Live, Oral</td><td/></tr><tr><td>49281-0248-58</td><td>IMOVAX RABIES</td><td/></tr><tr><td>49281-0487-58</td><td>MENOMUNE - A/C/Y/W-135 COMBINED</td><td/></tr><tr><td>49281-0915-58</td><td>YF-VAX</td><td/></tr><tr><td>49281-0547-58</td><td>ACTHIB</td><td/></tr><tr><td>58160-0851-01</td><td>ROTARIX</td><td/></tr><tr><td>49281-0915-68</td><td>YF-VAX</td><td/></tr><tr><td>49281-0488-78</td><td>MENOMUNE - A/C/Y/W-135 COMBINED</td><td/></tr><tr><td>46028-0219-11</td><td>Meningococcal (Groups C, Y, W-135) CRM197 Oligosac</td><td/></tr><tr><td>51285-0175-02</td><td>Adenovirus Type 7 Vaccine, Live, Oral</td><td/></tr><tr><td>49281-0560-05</td><td>DTAP-IPV</td><td/></tr><tr><td>49281-0400-58</td><td>Adacel</td><td/></tr><tr><td>49281-0400-58</td><td>Adacel</td><td/></tr><tr><td>42874-0013-01</td><td>Flublok</td><td/></tr><tr><td>66521-0116-11</td><td>FLUVIRIN</td><td/></tr><tr><td>66521-0116-12</td><td>FLUVIRIN</td><td/></tr><tr><td>00006-4045-01</td><td>GARDASIL</td><td/></tr><tr><td>00006-4045-01</td><td>GARDASIL</td><td/></tr><tr><td>00006-4995-01</td><td>RECOMBIVAX HB</td><td/></tr><tr><td>00006-4995-01</td><td>RECOMBIVAX HB</td><td/></tr><tr><td>00006-4841-01</td><td>VAQTA</td><td/></tr><tr><td>00006-4841-01</td><td>VAQTA</td><td/></tr><tr><td>58160-0804-01</td><td>INFLUENZA (H5N1), adjuvanted</td><td/></tr><tr><td>58160-0802-02</td><td>AS03 Adjuvant</td><td/></tr><tr><td>58160-0901-41</td><td>FLUARIX QUADRIVALENT</td><td/></tr><tr><td>00006-4837-01</td><td>PNEUMOVAX 23</td><td/></tr><tr><td>19515-0891-01</td><td>Flulaval Quadrivalent</td><td/></tr><tr><td>19515-0893-02</td><td>FLULAVAL</td><td/></tr><tr><td>19515-0894-41</td><td>Flulaval Quadrivalent</td><td/></tr><tr><td>49281-0514-00</td><td>Fluzone Quadrivalent, Peds</td><td/></tr><tr><td>49281-0394-78</td><td>FLUZONE</td><td/></tr></table></li></ul></div>"},"url":"http://fhir.org/guides/argonaut/ValueSet/ndc-vaccine-codes","name":"Vaccine National Drug Code (NDC)","status":"draft","publisher":"Argonaut Project","contact":[{"telecom":[{"system":"other","value":"http://argonautwiki.hl7.org"}]}],"date":"2016-10-18T00:00:00+11:00","description":"This value set includes all the Vaccine National Drug Codes (NDC).  This source of this data is provided by the [CDC](https://www2a.cdc.gov/vaccines/iis/iisstandards/ndc_crosswalk.asp)","immutable":false,"purpose":"Codes that are used as translations for CVS code for implementation of the Argonaut Immunization IG and MU2015 certification.","extensible":false,"compose":{"include":[{"system":"http://hl7.org/fhir/sid/ndc","concept":[{"code":"NDC11","display":"UseUnitPropName","designation":[{"value":"UseUnitGenericName"}]},{"code":"49281-0589-58","display":"Menactra","designation":[{"value":"NEISSERIA MENINGITIDIS GROUP A CAPSULAR POLYSACCHARIDE DIPHTHERIA TOXOID CONJUGATE ANTIGEN, NEISSERI"}]},{"code":"49281-0623-78","display":"FLUZONE QUADRIVALENT"},{"code":"49281-0515-00","display":"Fluzone Quadrivalent, peds"},{"code":"49281-0415-88","display":"Fluzone Quadrivalent PF"},{"code":"49281-0415-58","display":"FLUZONE QUADRIVALENT PF"},{"code":"33332-0115-11","display":"AFLURIA","designation":[{"value":"INFLUENZA A VIRUS"}]},{"code":"33332-0015-02","display":"AFLURIA","designation":[{"value":"INFLUENZA A VIRUS"}]},{"code":"66019-0302-01","display":"FluMist Quadrivalent","designation":[{"value":"INFLUENZA VACCINE LIVE INTRANASAL"}]},{"code":"42874-0015-01","display":"Flublok","designation":[{"value":"influenza virus vaccine"}]},{"code":"66521-0118-12","display":"Fluvirin","designation":[{"value":"INFLUENZA  VIRUS"}]},{"code":"66521-0118-11","display":"Fluvirin","designation":[{"value":"Influenza Virus Vaccine"}]},{"code":"58160-0883-41","display":"FLUARIX","designation":[{"value":"INFLUENZA VIRUS VACCINE"}]},{"code":"66521-0000-11","display":"Fluad","designation":[{"value":"TRIVALENT INFLUENZA WITH ADJUVANT 2015/2016"}]},{"code":"69401-0000-01","display":"Vivotif","designation":[{"value":"SALMONELLA TYPHI TY21A"}]},{"code":"66019-0301-01","display":"FluMist Quadrivalent","designation":[{"value":"INFLUENZA VACCINE LIVE INTRANASAL"}]},{"code":"33332-0014-02","display":"AFLURIA","designation":[{"value":"INFLUENZA A VIRUS A/CALIFORNIA/7/2009 X-181 (H1N1) ANTIGEN (PROPIOLACTONE INACTIVATED), INFLUENZA A"}]},{"code":"33332-0114-11","display":"AFLURIA","designation":[{"value":"INFLUENZA A VIRUS A/CALIFORNIA/7/2009 X-181 (H1N1) ANTIGEN (PROPIOLACTONE INACTIVATED), INFLUENZA A"}]},{"code":"63851-0613-11","display":"Flucelvax"},{"code":"66521-0117-11","display":"FLUVIRIN"},{"code":"66521-0117-12","display":"Fluvirin"},{"code":"00006-4093-01","display":"RECOMBIVAX HB","designation":[{"value":"HEPATITIS B VACCINE (RECOMBINANT)"}]},{"code":"00006-4094-01","display":"RECOMBIVAX HB","designation":[{"value":"HEPATITIS B VACCINE (RECOMBINANT)"}]},{"code":"00006-4095-01","display":"VAQTA","designation":[{"value":"HEPATITIS A VACCINE, INACTIVATED"}]},{"code":"00006-4096-01","display":"VAQTA","designation":[{"value":"HEPATITIS A VACCINE, INACTIVATED"}]},{"code":"00006-4963-01","display":"ZOSTAVAX","designation":[{"value":"ZOSTER VACCINE LIVE"}]},{"code":"00006-4963-01","display":"ZOSTAVAX","designation":[{"value":"ZOSTER VACCINE LIVE"}]},{"code":"42874-0014-01","display":"Flublok","designation":[{"value":"influenza virus vaccine"}]},{"code":"49281-0414-88","display":"Fluzone Quadrivalent PF"},{"code":"49281-0395-88","display":"Fluzone HD"},{"code":"49281-0709-48","display":"FLUZONE Intradermal"},{"code":"58160-0881-41","display":"FLUARIX","designation":[{"value":"INFLUENZA VIRUS VACCINE"}]},{"code":"58160-0809-01","display":"MENHIBRIX","designation":[{"value":"MENINGOCOCCAL GROUPS C AND Y AND HAEMOPHILUS B TETANUS TOXOID CONJUGATE VACCINE"}]},{"code":"62577-0613-11","display":"Flucelvax","designation":[{"value":"INFLUENZA A VIRUS A/BRISBANE/10/2010 (H1N1) ANTIGEN (MDCK CELL DERIVED, PROPIOLACTONE INACTIVATED),"}]},{"code":"19515-0893-02","display":"FLULAVAL","designation":[{"value":"INFLUENZA VIRUS VACCINE"}]},{"code":"49281-0621-78","display":"FLUZONE QUADRIVALENT","designation":[{"value":"INFLUENZA A VIRUS A/CALIFORNIA/7/2009 X-179A (H1N1) ANTIGEN (FORMALDEHYDE INACTIVATED), INFLUENZA A"}]},{"code":"00005-0100-01","display":"Trumenba","designation":[{"value":"Meningococcal B, recombinant"}]},{"code":"00005-0100-01","display":"Trumenba","designation":[{"value":"Meningococcal B, recombinant"}]},{"code":"00005-0100-01","display":"Trumenba","designation":[{"value":"Meningococcal B, recombinant"}]},{"code":"00006-4047-01","display":"RotaTeq","designation":[{"value":"ROTAVIRUS VACCINE, LIVE, ORAL, PENTAVALENT"}]},{"code":"00006-4109-01","display":"GARDASIL","designation":[{"value":"HUMAN PAPILLOMAVIRUS QUADRIVALENT (TYPES 6, 11, 16, AND 18) VACCINE, RECOMBINANT"}]},{"code":"62577-0613-11","display":"Flucelvax","designation":[{"value":"INFLUENZA A VIRUS A/BRISBANE/10/2010 (H1N1) ANTIGEN (MDCK CELL DERIVED, PROPIOLACTONE INACTIVATED),"}]},{"code":"00006-4121-01","display":"GARDASIL 9","designation":[{"value":"HUMAN PAPILLOMAVIRUS 9-VALENT VACCINE, RECOMBINANT"}]},{"code":"00006-4119-01","display":"GARDASIL 9","designation":[{"value":"HUMAN PAPILLOMAVIRUS 9-VALENT VACCINE, RECOMBINANT"}]},{"code":"00006-4119-01","display":"GARDASIL 9","designation":[{"value":"HUMAN PAPILLOMAVIRUS 9-VALENT VACCINE, RECOMBINANT"}]},{"code":"63851-0511-11","display":"RabAvert","designation":[{"value":"RABIES VACCINE"}]},{"code":"49281-0562-58","display":"QUADRACEL","designation":[{"value":"DTAP, IPV"}]},{"code":"46028-0114-11","display":"Bexsero","designation":[{"value":"NEISSERIA MENINGITIDIS SEROGROUP B NHBA FUSION PROTEIN ANTIGEN, NEISSERIA MENINGITIDIS SEROGROUP B F"}]},{"code":"46028-0114-11","display":"Bexsero","designation":[{"value":"NEISSERIA MENINGITIDIS SEROGROUP B NHBA FUSION PROTEIN ANTIGEN, NEISSERIA MENINGITIDIS SEROGROUP B F"}]},{"code":"00006-4171-01","display":"ProQuad","designation":[{"value":"MEASLES, MUMPS, RUBELLA AND VARICELLA VIRUS VACCINE LIVE"}]},{"code":"13533-0131-00","display":"Tetanus and Diphtheria Toxoids Adsorbed","designation":[{"value":"TETANUS AND DIPHTHERIA TOXOIDS ADSORBED"}]},{"code":"49281-0396-78","display":"FLUZONE","designation":[{"value":"INFLUENZA A VIRUS A/CALIFORNIA/7/2009 X-179A (H1N1) ANTIGEN (FORMALDEHYDE INACTIVATED), INFLUENZA A"}]},{"code":"49281-0397-88","display":"FLUZONE High-Dose","designation":[{"value":"INFLUENZA A VIRUS A/CALIFORNIA/7/2009 X-179A (H1N1) ANTIGEN (FORMALDEHYDE INACTIVATED), INFLUENZA A"}]},{"code":"62577-0614-11","display":"Flucelvax","designation":[{"value":"INFLUENZA A VIRUS A/BRISBANE/10/2010 (H1N1) ANTIGEN (MDCK CELL DERIVED, PROPIOLACTONE INACTIVATED),"}]},{"code":"58160-0903-41","display":"FLUARIX QUADRIVALENT","designation":[{"value":"INFLUENZA VIRUS VACCINE"}]},{"code":"19515-0898-01","display":"Flulaval Quadrivalent","designation":[{"value":"INFLUENZA VIRUS VACCINE"}]},{"code":"19515-0901-41","display":"Flulaval Quadrivalent","designation":[{"value":"INFLUENZA VIRUS VACCINE"}]},{"code":"49281-0393-88","display":"FLUZONE High-Dose","designation":[{"value":"INFLUENZA A VIRUS A/CALIFORNIA/7/2009 X-179A (H1N1) ANTIGEN (FORMALDEHYDE INACTIVATED), INFLUENZA A"}]},{"code":"58160-0810-43","display":"INFANRIX","designation":[{"value":"DIPHTHERIA AND TETANUS TOXOIDS AND ACELLULAR PERTUSSIS VACCINE ADSORBED"}]},{"code":"58160-0810-01","display":"INFANRIX","designation":[{"value":"DIPHTHERIA AND TETANUS TOXOIDS AND ACELLULAR PERTUSSIS VACCINE ADSORBED"}]},{"code":"49281-0790-38","display":"Typhim Vi","designation":[{"value":"SALMONELLA TYPHI TY2 VI POLYSACCHARIDE ANTIGEN"}]},{"code":"49281-0790-88","display":"Typhim Vi","designation":[{"value":"SALMONELLA TYPHI TY2 VI POLYSACCHARIDE ANTIGEN"}]},{"code":"49281-0640-15","display":"INFLUENZA A (H1N1) 2009 MONOVALENT VACCINE","designation":[{"value":"INFLUENZA A VIRUS A/CALIFORNIA/7/2009(H1N1)-LIKE ANTIGEN (FORMALDEHYDE INACTIVATED)"}]},{"code":"49281-0650-10","display":"INFLUENZA A (H1N1) 2009 MONOVALENT VACCINE","designation":[{"value":"INFLUENZA A VIRUS A/CALIFORNIA/7/2009(H1N1)-LIKE ANTIGEN (FORMALDEHYDE INACTIVATED)"}]},{"code":"49281-0650-90","display":"INFLUENZA A (H1N1) 2009 MONOVALENT VACCINE","designation":[{"value":"INFLUENZA A VIRUS A/CALIFORNIA/7/2009(H1N1)-LIKE ANTIGEN (FORMALDEHYDE INACTIVATED)"}]},{"code":"49281-0650-25","display":"INFLUENZA A (H1N1) 2009 MONOVALENT VACCINE","designation":[{"value":"INFLUENZA A VIRUS A/CALIFORNIA/7/2009(H1N1)-LIKE ANTIGEN (FORMALDEHYDE INACTIVATED)"}]},{"code":"49281-0650-70","display":"INFLUENZA A (H1N1) 2009 MONOVALENT VACCINE","designation":[{"value":"INFLUENZA A VIRUS A/CALIFORNIA/7/2009(H1N1)-LIKE ANTIGEN (FORMALDEHYDE INACTIVATED)"}]},{"code":"49281-0650-50","display":"INFLUENZA A (H1N1) 2009 MONOVALENT VACCINE","designation":[{"value":"INFLUENZA A VIRUS A/CALIFORNIA/7/2009(H1N1)-LIKE ANTIGEN (FORMALDEHYDE INACTIVATED)"}]},{"code":"49281-0707-48","display":"FLUZONE","designation":[{"value":"INFLUENZA A VIRUS A/CALIFORNIA/7/2009 X-179A (H1N1) ANTIGEN (FORMALDEHYDE INACTIVATED), INFLUENZA A"}]},{"code":"66019-0110-01","display":"FluMist","designation":[{"value":"INFLUENZA VACCINE LIVE INTRANASAL"}]},{"code":"00006-4681-01","display":"M-M-R II","designation":[{"value":"MEASLES, MUMPS, AND RUBELLA VIRUS VACCINE LIVE"}]},{"code":"49281-0215-58","display":"TENIVAC","designation":[{"value":"CLOSTRIDIUM TETANI TOXOID ANTIGEN (FORMALDEHYDE INACTIVATED) AND CORYNEBACTERIUM DIPHTHERIAE TOXOID"}]},{"code":"49281-0215-88","display":"TENIVAC","designation":[{"value":"CLOSTRIDIUM TETANI TOXOID ANTIGEN (FORMALDEHYDE INACTIVATED) AND CORYNEBACTERIUM DIPHTHERIAE TOXOID"}]},{"code":"46028-0218-11","display":"Meningococcal (Groups A) CRM197 Oligosaccharide Co","designation":[{"value":"MENA VACCINE"}]},{"code":"49281-0387-65","display":"FLUZONE","designation":[{"value":"INFLUENZA A VIRUS A/CALIFORNIA/7/2009 X-179A (H1N1) ANTIGEN (FORMALDEHYDE INACTIVATED), INFLUENZA A"}]},{"code":"49281-0386-15","display":"FLUZONE","designation":[{"value":"INFLUENZA A VIRUS A/CALIFORNIA/7/2009 X-179A (H1N1) ANTIGEN (FORMALDEHYDE INACTIVATED), INFLUENZA A"}]},{"code":"49281-0010-10","display":"FLUZONE","designation":[{"value":"INFLUENZA A VIRUS A/CALIFORNIA/7/2009 X-179A (H1N1) ANTIGEN (FORMALDEHYDE INACTIVATED), INFLUENZA A"}]},{"code":"49281-0010-25","display":"Fluzone","designation":[{"value":"INFLUENZA A VIRUS A/CALIFORNIA/7/2009(H1N1)-LIKE HEMAGGLUTININ ANTIGEN (PROPIOLACTONE INACTIVATED),"}]},{"code":"49281-0010-50","display":"FLUZONE","designation":[{"value":"INFLUENZA A VIRUS A/CALIFORNIA/7/2009 X-179A (H1N1) ANTIGEN (FORMALDEHYDE INACTIVATED), INFLUENZA A"}]},{"code":"54868-0980-00","display":"M-M-R II","designation":[{"value":"MEASLES, MUMPS, AND RUBELLA VIRUS VACCINE LIVE"}]},{"code":"58160-0830-43","display":"CERVARIX","designation":[{"value":"HUMAN PAPILLOMAVIRUS BIVALENT (TYPES 16 AND 18) VACCINE, RECOMBINANT"}]},{"code":"58160-0830-05","display":"CERVARIX","designation":[{"value":"HUMAN PAPILLOMAVIRUS BIVALENT (TYPES 16 AND 18) VACCINE, RECOMBINANT"}]},{"code":"00005-1971-01","display":"PREVNAR 13","designation":[{"value":"PNEUMOCOCCAL 13-VALENT CONJUGATE VACCINE"}]},{"code":"00005-1971-01","display":"PREVNAR 13","designation":[{"value":"PNEUMOCOCCAL 13-VALENT CONJUGATE VACCINE"}]},{"code":"00005-1971-01","display":"PREVNAR 13","designation":[{"value":"PNEUMOCOCCAL 13-VALENT CONJUGATE VACCINE"}]},{"code":"17478-0131-00","display":"Tetanus and Diphtheria Toxoids Adsorbed","designation":[{"value":"TETANUS AND DIPHTHERIA TOXOIDS ADSORBED"}]},{"code":"58160-0812-43","display":"KINRIX","designation":[{"value":"DIPHTHERIA AND TETANUS TOXOIDS AND ACELLULAR PERTUSSIS ADSORBED AND INACTIVATED POLIOVIRUS VACCINE"}]},{"code":"58160-0812-01","display":"KINRIX","designation":[{"value":"DIPHTHERIA AND TETANUS TOXOIDS AND ACELLULAR PERTUSSIS ADSORBED AND INACTIVATED POLIOVIRUS VACCINE"}]},{"code":"66019-0108-01","display":"FluMist","designation":[{"value":"INFLUENZA VACCINE LIVE INTRANASAL"}]},{"code":"00006-4898-01","display":"COMVAX","designation":[{"value":"HAEMOPHILUS B CONJUGATE (MENINGOCOCCAL PROTEIN CONJUGATE) AND HEPATITIS B (RECOMBINANT) VACCINE"}]},{"code":"58160-0809-01","display":"MENHIBRIX","designation":[{"value":"MENINGOCOCCAL GROUPS C AND Y AND HAEMOPHILUS B TETANUS TOXOID CONJUGATE VACCINE"}]},{"code":"63851-0612-11","display":"Flucelvax","designation":[{"value":"INFLUENZA A VIRUS A/BRISBANE/10/2010 (H1N1) ANTIGEN (MDCK CELL DERIVED, PROPIOLACTONE INACTIVATED),"}]},{"code":"00006-4992-01","display":"RECOMBIVAX HB","designation":[{"value":"HEPATITIS B VACCINE (RECOMBINANT)"}]},{"code":"00006-4981-01","display":"RECOMBIVAX HB","designation":[{"value":"HEPATITIS B VACCINE (RECOMBINANT)"}]},{"code":"00006-4980-00","display":"RECOMBIVAX HB","designation":[{"value":"HEPATITIS B VACCINE (RECOMBINANT)"}]},{"code":"00006-4093-01","display":"RECOMBIVAX HB","designation":[{"value":"HEPATITIS B VACCINE (RECOMBINANT)"}]},{"code":"00006-4094-01","display":"RECOMBIVAX HB","designation":[{"value":"HEPATITIS B VACCINE (RECOMBINANT)"}]},{"code":"00006-4109-01","display":"GARDASIL","designation":[{"value":"HUMAN PAPILLOMAVIRUS QUADRIVALENT (TYPES 6, 11, 16, AND 18) VACCINE, RECOMBINANT"}]},{"code":"66521-0112-02","display":"FLUVIRIN","designation":[{"value":"INFLUENZA A VIRUS A/CALIFORNIA/7/2009 X-181 (H1N1) HEMAGGLUTININ ANTIGEN (PROPIOLACTONE INACTIVATED)"}]},{"code":"66521-0112-10","display":"FLUVIRIN","designation":[{"value":"INFLUENZA A VIRUS A/CALIFORNIA/7/2009 X-181 (H1N1) HEMAGGLUTININ ANTIGEN (PROPIOLACTONE INACTIVATED)"}]},{"code":"66019-0107-01","display":"FluMist","designation":[{"value":"INFLUENZA VACCINE LIVE INTRANASAL"}]},{"code":"49281-0225-58","display":"DIPHTHERIA AND TETANUS TOXOIDS ADSORBED","designation":[{"value":"CORYNEBACTERIUM DIPHTHERIAE TOXOID ANTIGEN (FORMALDEHYDE INACTIVATED) AND CLOSTRIDIUM TETANI TOXOID"}]},{"code":"49281-0705-55","display":"FLUZONE","designation":[{"value":"INFLUENZA A VIRUS A/CALIFORNIA/7/2009 X-179A (H1N1) ANTIGEN (FORMALDEHYDE INACTIVATED), INFLUENZA A"}]},{"code":"42515-0001-00","display":"IXIARO","designation":[{"value":"JAPANESE ENCEPHALITIS VACCINE, INACTIVATED, ADSORBED"}]},{"code":"58160-0879-41","display":"FLUARIX","designation":[{"value":"INFLUENZA VIRUS VACCINE"}]},{"code":"58160-0880-41","display":"FLUARIX","designation":[{"value":"INFLUENZA VIRUS VACCINE"}]},{"code":"58160-0820-01","display":"ENGERIX-B","designation":[{"value":"HEPATITIS B VACCINE (RECOMBINANT)"}]},{"code":"58160-0820-43","display":"ENGERIX-B","designation":[{"value":"HEPATITIS B VACCINE (RECOMBINANT)"}]},{"code":"58160-0821-01","display":"ENGERIX-B","designation":[{"value":"HEPATITIS B VACCINE (RECOMBINANT)"}]},{"code":"58160-0821-43","display":"ENGERIX-B","designation":[{"value":"HEPATITIS B VACCINE (RECOMBINANT)"}]},{"code":"58160-0821-05","display":"ENGERIX-B","designation":[{"value":"HEPATITIS B VACCINE (RECOMBINANT)"}]},{"code":"42874-0012-01","display":"Flublok","designation":[{"value":"INFLUENZA VACCINE"}]},{"code":"49281-0278-10","display":"DIPHTHERIA AND TETANUS TOXOIDS ADSORBED","designation":[{"value":"CORYNEBACTERIUM DIPHTHERIAE TOXOID ANTIGEN (FORMALDEHYDE INACTIVATED) AND CLOSTRIDIUM TETANI TOXOID"}]},{"code":"66019-0109-01","display":"FluMist","designation":[{"value":"INFLUENZA VACCINE LIVE INTRANASAL"}]},{"code":"19515-0890-02","display":"FLULAVAL","designation":[{"value":"INFLUENZA VIRUS VACCINE"}]},{"code":"19515-0889-02","display":"FLULAVAL","designation":[{"value":"INFLUENZA VIRUS VACCINE"}]},{"code":"58160-0900-41","display":"FLUARIX QUADRIVALENT","designation":[{"value":"INFLUENZA VIRUS VACCINE"}]},{"code":"49281-0860-78","display":"IPOL","designation":[{"value":"POLIOVIRUS TYPE 1 ANTIGEN (FORMALDEHYDE INACTIVATED), POLIOVIRUS TYPE 2 ANTIGEN (FORMALDEHYDE INACTI"}]},{"code":"49281-0860-88","display":"IPOL","designation":[{"value":"POLIOVIRUS TYPE 1 ANTIGEN (FORMALDEHYDE INACTIVATED), POLIOVIRUS TYPE 2 ANTIGEN (FORMALDEHYDE INACTI"}]},{"code":"49281-0389-65","display":"FLUZONE High-Dose","designation":[{"value":"INFLUENZA A VIRUS A/CALIFORNIA/7/2009 X-179A (H1N1) ANTIGEN (FORMALDEHYDE INACTIVATED), INFLUENZA A"}]},{"code":"49281-0388-15","display":"FLUZONE","designation":[{"value":"INFLUENZA A VIRUS A/CALIFORNIA/7/2009 X-179A (H1N1) ANTIGEN (FORMALDEHYDE INACTIVATED), INFLUENZA A"}]},{"code":"49281-0011-10","display":"FLUZONE","designation":[{"value":"INFLUENZA A VIRUS A/CALIFORNIA/7/2009 X-179A (H1N1) ANTIGEN (FORMALDEHYDE INACTIVATED), INFLUENZA A"}]},{"code":"49281-0011-50","display":"FLUZONE","designation":[{"value":"INFLUENZA A VIRUS A/CALIFORNIA/7/2009 X-179A (H1N1) ANTIGEN (FORMALDEHYDE INACTIVATED), INFLUENZA A"}]},{"code":"49281-0703-55","display":"FLUZONE Intradermal","designation":[{"value":"INFLUENZA A VIRUS A/CALIFORNIA/7/2009 X-179A (H1N1) ANTIGEN (FORMALDEHYDE INACTIVATED), INFLUENZA A"}]},{"code":"49281-0111-25","display":"FLUZONE","designation":[{"value":"INFLUENZA A VIRUS A/CALIFORNIA/7/2009 X-179A (H1N1) ANTIGEN (FORMALDEHYDE INACTIVATED), INFLUENZA A"}]},{"code":"66521-0200-10","display":"Influenza A (H1N1) 2009 Monovalent Vaccine","designation":[{"value":"Influenza A (H1N1) 2009 Monovalent Vaccine"}]},{"code":"66521-0200-02","display":"Influenza A (H1N1) 2009 Monovalent Vaccine","designation":[{"value":"Influenza A (H1N1) 2009 Monovalent Vaccine"}]},{"code":"49281-0298-10","display":"TRIPEDIA","designation":[{"value":"CORYNEBACTERIUM DIPHTHERIAE TOXOID ANTIGEN (FORMALDEHYDE INACTIVATED), CLOSTRIDIUM TETANI TOXOID ANT"}]},{"code":"58160-0806-01","display":"HIBERIX","designation":[{"value":"HAEMOPHILUS B CONJUGATE VACCINE (TETANUS TOXOID CONJUGATE)"}]},{"code":"33332-0013-02","display":"AFLURIA","designation":[{"value":"INFLUENZA A VIRUS A/CALIFORNIA/7/2009 X-181 (H1N1) ANTIGEN (PROPIOLACTONE INACTIVATED), INFLUENZA A"}]},{"code":"33332-0113-11","display":"AFLURIA","designation":[{"value":"INFLUENZA A VIRUS A/CALIFORNIA/7/2009 X-181 (H1N1) ANTIGEN (PROPIOLACTONE INACTIVATED), INFLUENZA A"}]},{"code":"49281-0391-65","display":"FLUZONE High-Dose","designation":[{"value":"INFLUENZA A VIRUS A/CALIFORNIA/7/2009 X-179A (H1N1) ANTIGEN (FORMALDEHYDE INACTIVATED), INFLUENZA A"}]},{"code":"49281-0012-50","display":"FLUZONE","designation":[{"value":"INFLUENZA A VIRUS A/CALIFORNIA/7/2009 X-179A (H1N1) ANTIGEN (FORMALDEHYDE INACTIVATED), INFLUENZA A"}]},{"code":"49281-0012-10","display":"FLUZONE","designation":[{"value":"INFLUENZA A VIRUS A/CALIFORNIA/7/2009 X-179A (H1N1) ANTIGEN (FORMALDEHYDE INACTIVATED), INFLUENZA A"}]},{"code":"49281-0112-25","display":"FLUZONE","designation":[{"value":"INFLUENZA A VIRUS A/CALIFORNIA/7/2009 X-179A (H1N1) ANTIGEN (FORMALDEHYDE INACTIVATED), INFLUENZA A"}]},{"code":"49281-0390-15","display":"FLUZONE","designation":[{"value":"INFLUENZA A VIRUS A/CALIFORNIA/7/2009 X-179A (H1N1) ANTIGEN (FORMALDEHYDE INACTIVATED), INFLUENZA A"}]},{"code":"00006-4897-01","display":"PedvaxHIB","designation":[{"value":"HAEMOPHILUS B CONJUGATE VACCINE (MENINGOCOCCAL PROTEIN CONJUGATE)"}]},{"code":"49281-0291-83","display":"DECAVAC","designation":[{"value":"CLOSTRIDIUM TETANI TOXOID ANTIGEN (FORMALDEHYDE INACTIVATED) AND CORYNEBACTERIUM DIPHTHERIAE TOXOID"}]},{"code":"49281-0291-10","display":"DECAVAC","designation":[{"value":"CLOSTRIDIUM TETANI TOXOID ANTIGEN (FORMALDEHYDE INACTIVATED) AND CORYNEBACTERIUM DIPHTHERIAE TOXOID"}]},{"code":"49281-0413-88","display":"FLUZONE QUADRIVALENT","designation":[{"value":"INFLUENZA A VIRUS A/CALIFORNIA/7/2009 X-179A (H1N1) ANTIGEN (FORMALDEHYDE INACTIVATED), INFLUENZA A"}]},{"code":"49281-0413-58","display":"FLUZONE QUADRIVALENT","designation":[{"value":"INFLUENZA A VIRUS A/CALIFORNIA/7/2009 X-179A (H1N1) ANTIGEN (FORMALDEHYDE INACTIVATED), INFLUENZA A"}]},{"code":"49281-0513-00","display":"FLUZONE QUADRIVALENT","designation":[{"value":"INFLUENZA A VIRUS A/CALIFORNIA/7/2009 X-179A (H1N1) ANTIGEN (FORMALDEHYDE INACTIVATED), INFLUENZA A"}]},{"code":"66521-0113-02","display":"Fluvirin","designation":[{"value":"Influenza Virus Vaccine"}]},{"code":"66521-0113-10","display":"Fluvirin","designation":[{"value":"INFLUENZA A VIRUS A/CHRISTCHURCH/16/2010 NIB-74 (H1N1) ANTIGEN (PROPIOLACTONE INACTIVATED), INFLUENZ"}]},{"code":"00005-1970-49","display":"Prevnar","designation":[{"value":"PNEUMOCOCCAL 7-VALENT"}]},{"code":"00006-4047-01","display":"RotaTeq","designation":[{"value":"ROTAVIRUS VACCINE, LIVE, ORAL, PENTAVALENT"}]},{"code":"58160-0811-43","display":"PEDIARIX","designation":[{"value":"DIPHTHERIA AND TETANUS TOXOIDS AND ACELLULAR PERTUSSIS ADSORBED, HEPATITIS B (RECOMBINANT) AND INACT"}]},{"code":"58160-0811-41","display":"PEDIARIX","designation":[{"value":"DIPHTHERIA AND TETANUS TOXOIDS AND ACELLULAR PERTUSSIS ADSORBED, HEPATITIS B (RECOMBINANT) AND INACT"}]},{"code":"00006-4827-01","display":"VARIVAX","designation":[{"value":"VARICELLA VIRUS VACCINE LIVE"}]},{"code":"00006-4826-01","display":"VARIVAX","designation":[{"value":"VARICELLA VIRUS VACCINE LIVE"}]},{"code":"58160-0842-41","display":"BOOSTRIX","designation":[{"value":"TETANUS TOXOID, REDUCED DIPHTHERIA TOXOID AND ACELLULAR PERTUSSIS VACCINE, ADSORBED"}]},{"code":"58160-0842-01","display":"BOOSTRIX","designation":[{"value":"TETANUS TOXOID, REDUCED DIPHTHERIA TOXOID AND ACELLULAR PERTUSSIS VACCINE, ADSORBED"}]},{"code":"58160-0842-43","display":"BOOSTRIX","designation":[{"value":"TETANUS TOXOID, REDUCED DIPHTHERIA TOXOID AND ACELLULAR PERTUSSIS VACCINE, ADSORBED"}]},{"code":"58160-0842-05","display":"BOOSTRIX","designation":[{"value":"TETANUS TOXOID, REDUCED DIPHTHERIA TOXOID AND ACELLULAR PERTUSSIS VACCINE, ADSORBED"}]},{"code":"66019-0300-01","display":"FluMist Quadrivalent","designation":[{"value":"INFLUENZA VACCINE LIVE INTRANASAL"}]},{"code":"49281-0589-58","display":"Menactra","designation":[{"value":"NEISSERIA MENINGITIDIS GROUP A CAPSULAR POLYSACCHARIDE DIPHTHERIA TOXOID CONJUGATE ANTIGEN, NEISSERI"}]},{"code":"00006-4095-01","display":"VAQTA","designation":[{"value":"HEPATITIS A VACCINE, INACTIVATED"}]},{"code":"00006-4096-01","display":"VAQTA","designation":[{"value":"HEPATITIS A VACCINE, INACTIVATED"}]},{"code":"00006-4831-01","display":"VAQTA","designation":[{"value":"HEPATITIS A VACCINE, INACTIVATED"}]},{"code":"63851-0511-11","display":"RabAvert","designation":[{"value":"RABIES VACCINE"}]},{"code":"66019-0200-01","display":"Influenza A H1N1 2009 Monovalent Vaccine Live Intr","designation":[{"value":"INFLUENZA A H1N1 2009 MONOVALENT VACCINE LIVE INTRANASAL"}]},{"code":"14362-0111-03","display":"Tetanus and Diphtheria Toxoids Adsorbed","designation":[{"value":"TETANUS AND DIPHTHERIA TOXOIDS ADSORBED"}]},{"code":"33332-0519-01","display":"Influenza A","designation":[{"value":"INFLUENZA A VIRUS A/CALIFORNIA/7/2009(H1N1)-LIKE ANTIGEN (PROPIOLACTONE INACTIVATED)"}]},{"code":"33332-0519-25","display":"Influenza A","designation":[{"value":"INFLUENZA A VIRUS A/CALIFORNIA/7/2009(H1N1)-LIKE ANTIGEN (PROPIOLACTONE INACTIVATED)"}]},{"code":"33332-0629-10","display":"Influenza A","designation":[{"value":"INFLUENZA A VIRUS A/CALIFORNIA/7/2009(H1N1)-LIKE ANTIGEN (PROPIOLACTONE INACTIVATED)"}]},{"code":"58160-0825-43","display":"HAVRIX","designation":[{"value":"HEPATITIS A VACCINE"}]},{"code":"58160-0825-01","display":"HAVRIX","designation":[{"value":"HEPATITIS A VACCINE"}]},{"code":"58160-0826-43","display":"HAVRIX","designation":[{"value":"HEPATITIS A VACCINE"}]},{"code":"58160-0826-05","display":"HAVRIX","designation":[{"value":"HEPATITIS A VACCINE"}]},{"code":"58160-0826-01","display":"HAVRIX","designation":[{"value":"HEPATITIS A VACCINE"}]},{"code":"33332-0010-01","display":"AFLURIA","designation":[{"value":"INFLUENZA A VIRUS A/CALIFORNIA/7/2009 X-181 (H1N1) HEMAGGLUTININ ANTIGEN (PROPIOLACTONE INACTIVATED)"}]},{"code":"33332-0110-10","display":"AFLURIA","designation":[{"value":"INFLUENZA A VIRUS A/CALIFORNIA/7/2009 X-181 (H1N1) HEMAGGLUTININ ANTIGEN (PROPIOLACTONE INACTIVATED)"}]},{"code":"66521-0115-10","display":"Fluvirin","designation":[{"value":"Influenza Virus Vaccine"}]},{"code":"66521-0115-02","display":"Fluvirin","designation":[{"value":"INFLUENZA A VIRUS A/CALIFORNIA/7/2009 X-179A (H1N1) ANTIGEN (FORMALDEHYDE INACTIVATED), INFLUENZA A"}]},{"code":"00006-4133-01","display":"Tetanus and Diphtheria Toxoids Adsorbed","designation":[{"value":"TETANUS AND DIPHTHERIA TOXOIDS ADSORBED"}]},{"code":"54868-4320-09","display":"PNEUMOVAX 23","designation":[{"value":"PNEUMOCOCCAL VACCINE POLYVALENT"}]},{"code":"54868-3339-09","display":"PNEUMOVAX 23","designation":[{"value":"PNEUMOCOCCAL VACCINE POLYVALENT"}]},{"code":"00052-0603-01","display":"BCG VACCINE","designation":[{"value":"BACILLUS CALMETTE-GUERIN SUBSTRAIN TICE LIVE ANTIGEN"}]},{"code":"64678-0211-05","display":"BioThrax","designation":[{"value":"BACILLUS ANTHRACIS"}]},{"code":"00006-4739-01","display":"PNEUMOVAX 23","designation":[{"value":"PNEUMOCOCCAL VACCINE POLYVALENT"}]},{"code":"00006-4943-01","display":"PNEUMOVAX 23","designation":[{"value":"PNEUMOCOCCAL VACCINE POLYVALENT"}]},{"code":"49281-0013-58","display":"FLUZONE","designation":[{"value":"INFLUENZA A VIRUS A/CALIFORNIA/7/2009 X-179A (H1N1) ANTIGEN (FORMALDEHYDE INACTIVATED), INFLUENZA A"}]},{"code":"49281-0013-88","display":"FLUZONE","designation":[{"value":"INFLUENZA A VIRUS A/CALIFORNIA/7/2009 X-179A (H1N1) ANTIGEN (FORMALDEHYDE INACTIVATED), INFLUENZA A"}]},{"code":"49281-0392-78","display":"FLUZONE","designation":[{"value":"INFLUENZA A VIRUS A/CALIFORNIA/7/2009 X-179A (H1N1) ANTIGEN (FORMALDEHYDE INACTIVATED), INFLUENZA A"}]},{"code":"49281-0113-00","display":"FLUZONE","designation":[{"value":"INFLUENZA A VIRUS A/CALIFORNIA/7/2009 X-179A (H1N1) ANTIGEN (FORMALDEHYDE INACTIVATED), INFLUENZA A"}]},{"code":"49281-0820-10","display":"TETANUS TOXOID ADSORBED","designation":[{"value":"CLOSTRIDIUM TETANI TOXOID ANTIGEN (FORMALDEHYDE INACTIVATED)"}]},{"code":"49281-0800-83","display":"TETANUS TOXOID ADSORBED","designation":[{"value":"CLOSTRIDIUM TETANI TOXOID ANTIGEN (FORMALDEHYDE INACTIVATED)"}]},{"code":"49281-0400-88","display":"Adacel","designation":[{"value":"CLOSTRIDIUM TETANI TOXOID ANTIGEN (FORMALDEHYDE INACTIVATED), CORYNEBACTERIUM DIPHTHERIAE TOXOID ANT"}]},{"code":"49281-0286-58","display":"DAPTACEL","designation":[{"value":"CORYNEBACTERIUM DIPHTHERIAE TOXOID ANTIGEN (FORMALDEHYDE INACTIVATED), CLOSTRIDIUM TETANI TOXOID ANT"}]},{"code":"49281-0286-58","display":"DAPTACEL","designation":[{"value":"CORYNEBACTERIUM DIPHTHERIAE TOXOID ANTIGEN (FORMALDEHYDE INACTIVATED), CLOSTRIDIUM TETANI TOXOID ANT"}]},{"code":"49281-0286-58","display":"DAPTACEL","designation":[{"value":"CORYNEBACTERIUM DIPHTHERIAE TOXOID ANTIGEN (FORMALDEHYDE INACTIVATED), CLOSTRIDIUM TETANI TOXOID ANT"}]},{"code":"58160-0815-41","display":"TWINRIX","designation":[{"value":"HEPATITIS A AND HEPATITIS B (RECOMBINANT) VACCINE"}]},{"code":"58160-0815-43","display":"TWINRIX","designation":[{"value":"HEPATITIS A AND HEPATITIS B (RECOMBINANT) VACCINE"}]},{"code":"58160-0815-05","display":"TWINRIX","designation":[{"value":"HEPATITIS A AND HEPATITIS B (RECOMBINANT) VACCINE"}]},{"code":"58160-0815-43","display":"TWINRIX","designation":[{"value":"HEPATITIS A AND HEPATITIS B (RECOMBINANT) VACCINE"}]},{"code":"58160-0815-01","display":"TWINRIX","designation":[{"value":"HEPATITIS A AND HEPATITIS B (RECOMBINANT) VACCINE"}]},{"code":"66521-0114-10","display":"Fluvirin","designation":[{"value":"INFLUENZA A VIRUS A/CHRISTCHURCH/16/2010 NIB-74 (H1N1) ANTIGEN (PROPIOLACTONE INACTIVATED), INFLUENZ"}]},{"code":"76420-0482-01","display":"FLUVIRIN","designation":[{"value":"INFLUENZA A VIRUS A/CALIFORNIA/7/2009(H1N1)-LIKE HEMAGGLUTININ ANTIGEN (PROPIOLACTONE INACTIVATED),"}]},{"code":"19515-0895-01","display":"Flulaval Quadrivalent","designation":[{"value":"INFLUENZA VIRUS VACCINE"}]},{"code":"00006-4999-01","display":"ProQuad","designation":[{"value":"MEASLES, MUMPS, RUBELLA AND VARICELLA VIRUS VACCINE LIVE"}]},{"code":"49281-0545-15","display":"ACTHIB","designation":[{"value":"HAEMOPHILUS B CONJUGATE VACCINE (TETANUS TOXOID CONJUGATE)"}]},{"code":"51285-0174-02","display":"Adenovirus Type 4 Vaccine, Live, Oral","designation":[{"value":"ADENOVIRUS TYPE 4 VACCINE, LIVE, ORAL"}]},{"code":"49281-0248-58","display":"IMOVAX RABIES","designation":[{"value":"RABIES VIRUS STRAIN PM-1503-3M ANTIGEN (PROPIOLACTONE INACTIVATED)"}]},{"code":"49281-0487-58","display":"MENOMUNE - A/C/Y/W-135 COMBINED","designation":[{"value":"NEISSERIA MENINGITIDIS GROUP A CAPSULAR POLYSACCHARIDE ANTIGEN, NEISSERIA MENINGITIDIS GROUP C CAPSU"}]},{"code":"49281-0915-58","display":"YF-VAX","designation":[{"value":"YELLOW FEVER VIRUS LIVE ANTIGEN, A"}]},{"code":"49281-0547-58","display":"ACTHIB","designation":[{"value":"HAEMOPHILUS INFLUENZAE TYPE B STRAIN 1482 CAPSULAR POLYSACCHARIDE TETANUS TOXOID CONJUGATE ANTIGEN"}]},{"code":"58160-0851-01","display":"ROTARIX","designation":[{"value":"ROTAVIRUS VACCINE, LIVE, ORAL"}]},{"code":"49281-0915-68","display":"YF-VAX","designation":[{"value":"YELLOW FEVER VIRUS LIVE ANTIGEN, A"}]},{"code":"49281-0488-78","display":"MENOMUNE - A/C/Y/W-135 COMBINED","designation":[{"value":"NEISSERIA MENINGITIDIS GROUP A POLYSACCHARIDE ANTIGEN, A, NEISSERIA MENINGITIDIS GROUP C POLYSACCHAR"}]},{"code":"46028-0219-11","display":"Meningococcal (Groups C, Y, W-135) CRM197 Oligosac","designation":[{"value":"MENC, Y, W-135 VACCINE"}]},{"code":"51285-0175-02","display":"Adenovirus Type 7 Vaccine, Live, Oral","designation":[{"value":"ADENOVIRUS TYPE 7 VACCINE, LIVE, ORAL"}]},{"code":"49281-0560-05","display":"DTAP-IPV","designation":[{"value":"DIPHTHERIA AND TETANUS TOXOIDS AND ACELLULAR PERTUSSIS ADSORBED, INACTIVATED POLIOVIRUS"}]},{"code":"49281-0400-58","display":"Adacel","designation":[{"value":"CLOSTRIDIUM TETANI TOXOID ANTIGEN (FORMALDEHYDE INACTIVATED), CORYNEBACTERIUM DIPHTHERIAE TOXOID ANT"}]},{"code":"49281-0400-58","display":"Adacel","designation":[{"value":"CLOSTRIDIUM TETANI TOXOID ANTIGEN (FORMALDEHYDE INACTIVATED), CORYNEBACTERIUM DIPHTHERIAE TOXOID ANT"}]},{"code":"42874-0013-01","display":"Flublok","designation":[{"value":"INFLUENZA VACCINE"}]},{"code":"66521-0116-11","display":"FLUVIRIN","designation":[{"value":"influenza a virus a/christchurch , influenza a virus a/texas   , influenza b virus b/massachusetts"}]},{"code":"66521-0116-12","display":"FLUVIRIN","designation":[{"value":"influenza a virus a/christchurch , influenza a virus a/texas   , influenza b virus b/massachusetts"}]},{"code":"00006-4045-01","display":"GARDASIL","designation":[{"value":"HUMAN PAPILLOMAVIRUS QUADRIVALENT (TYPES 6, 11, 16, AND 18) VACCINE, RECOMBINANT"}]},{"code":"00006-4045-01","display":"GARDASIL","designation":[{"value":"HUMAN PAPILLOMAVIRUS QUADRIVALENT (TYPES 6, 11, 16, AND 18) VACCINE, RECOMBINANT"}]},{"code":"00006-4995-01","display":"RECOMBIVAX HB","designation":[{"value":"HEPATITIS B VACCINE (RECOMBINANT)"}]},{"code":"00006-4995-01","display":"RECOMBIVAX HB","designation":[{"value":"HEPATITIS B VACCINE (RECOMBINANT)"}]},{"code":"00006-4841-01","display":"VAQTA","designation":[{"value":"HEPATITIS A VACCINE, INACTIVATED"}]},{"code":"00006-4841-01","display":"VAQTA","designation":[{"value":"HEPATITIS A VACCINE, INACTIVATED"}]},{"code":"58160-0804-01","display":"INFLUENZA (H5N1), adjuvanted","designation":[{"value":"INFLUENZA (H5N1) MONOVALENT, ADJUVANTED"}]},{"code":"58160-0802-02","display":"AS03 Adjuvant","designation":[{"value":"Adjuvant"}]},{"code":"58160-0901-41","display":"FLUARIX QUADRIVALENT","designation":[{"value":"INFLUENZA VIRUS VACCINE"}]},{"code":"00006-4837-01","display":"PNEUMOVAX 23","designation":[{"value":"PNEUMOCOCCAL VACCINE POLYVALENT"}]},{"code":"19515-0891-01","display":"Flulaval Quadrivalent","designation":[{"value":"INFLUENZA VIRUS VACCINE"}]},{"code":"19515-0893-02","display":"FLULAVAL","designation":[{"value":"INFLUENZA VIRUS VACCINE"}]},{"code":"19515-0894-41","display":"Flulaval Quadrivalent","designation":[{"value":"INFLUENZA VIRUS VACCINE"}]},{"code":"49281-0514-00","display":"Fluzone Quadrivalent, Peds"},{"code":"49281-0394-78","display":"FLUZONE"}]}]}}