{"resourceType":"ValueSet","id":"substance-rxnorm","text":{"status":"generated","div":"<div xmlns=\"http://www.w3.org/1999/xhtml\"><h2>DAF Substance RxNorm Codes</h2><div><p>All RxNorm codes that have TTY = IN,PIN,MIN,BN, but TTY != OCD.</p>\n</div><p>This value set includes codes from the following code systems:</p><ul><li>Include codes from http://www.nlm.nih.gov/research/umls/rxnorm where TTY  in  IN,PIN,MIN,BN</li><li>Exclude codes from http://www.nlm.nih.gov/research/umls/rxnorm where TTY  =  OCD</li></ul></div>"},"url":"http://fhir.org/guides/argonaut/ValueSet/substance-rxnorm","name":"DAF Substance RxNorm Codes","status":"draft","publisher":"Argonaut Project","contact":[{"telecom":[{"system":"other","value":"http://argonautwiki.hl7.org"}]}],"date":"2016-10-18T00:00:00+11:00","description":"All RxNorm codes that have TTY = IN,PIN,MIN,BN, but TTY != OCD.","immutable":false,"extensible":false,"compose":{"include":[{"system":"http://www.nlm.nih.gov/research/umls/rxnorm","filter":[{"property":"TTY","op":"in","value":"IN,PIN,MIN,BN"}]}],"exclude":[{"system":"http://www.nlm.nih.gov/research/umls/rxnorm","filter":[{"property":"TTY","op":"=","value":"OCD"}]}]}}