{"resourceType":"ValueSet","id":"procedure-type","text":{"status":"generated","div":"<div xmlns=\"http://www.w3.org/1999/xhtml\"><h2> Argonaut ProcedureType</h2><div><p>This example value set defines a set of codes that can be used to indicate the type of procedure: a specific code indicating type of procedure performed, from CPT or SNOMED CT.</p>\n</div><p><b>Copyright Statement:</b> CPT copyright 2014 American Medical Association. All rights reserved. This value set includes content from SNOMED CT, which is copyright © 2002+ International Health Terminology Standards Development Organisation (IHTSDO), and distributed by agreement between IHTSDO and HL7. Implementer use of SNOMED CT is not covered by this agreement</p><p>This value set includes codes from the following code systems:</p><ul><li>Include all codes defined in http://www.ama-assn.org/go/cpt</li><li>Include codes from http://snomed.info/sct where concept  is-a  71388002 (Procedure)</li></ul></div>"},"url":"http://fhir.org/guides/argonaut/ValueSet/procedure-type","name":" Argonaut ProcedureType","status":"draft","experimental":true,"publisher":"Argonaut Project","contact":[{"telecom":[{"system":"other","value":"http://argonautwiki.hl7.org"}]}],"date":"2016-05-25T16:59:08+10:00","description":"This example value set defines a set of codes that can be used to indicate the type of procedure: a specific code indicating type of procedure performed, from CPT or SNOMED CT.","immutable":false,"copyright":"CPT copyright 2014 American Medical Association. All rights reserved. This value set includes content from SNOMED CT, which is copyright © 2002+ International Health Terminology Standards Development Organisation (IHTSDO), and distributed by agreement between IHTSDO and HL7. Implementer use of SNOMED CT is not covered by this agreement","extensible":false,"compose":{"include":[{"system":"http://www.ama-assn.org/go/cpt"},{"system":"http://snomed.info/sct","filter":[{"property":"concept","op":"is-a","value":"71388002"}]}]}}