{"resourceType":"ValueSet","id":"substance-ndfrt","text":{"status":"generated","div":"<div xmlns=\"http://www.w3.org/1999/xhtml\"><h2>DAF Substance ND-FRT codes</h2><div><p>All ND-FRT NUIs for concepts that are subsumed by 'Mechanism of Action - N0000000223', 'Physiologic Effect - N0000009802' or 'Chemical Structure - N0000000002'.</p>\n</div><p>This value set includes codes from the following code systems:</p><ul><li>Include codes from http://hl7.org/fhir/ndfrt where concept  is-a  N0000000223</li><li>Include codes from http://hl7.org/fhir/ndfrt where concept  is-a  N0000009802</li><li>Include codes from http://hl7.org/fhir/ndfrt where concept  is-a  N0000000002</li></ul></div>"},"url":"http://fhir.org/guides/argonaut/ValueSet/substance-ndfrt","name":"DAF Substance ND-FRT codes","status":"draft","publisher":"Argonaut Project","contact":[{"telecom":[{"system":"other","value":"http://argonautwiki.hl7.org"}]}],"date":"2016-10-18T00:00:00+11:00","description":"All ND-FRT NUIs for concepts that are subsumed by 'Mechanism of Action - N0000000223', 'Physiologic Effect - N0000009802' or 'Chemical Structure - N0000000002'.","immutable":false,"extensible":false,"compose":{"include":[{"system":"http://hl7.org/fhir/ndfrt","filter":[{"property":"concept","op":"is-a","value":"N0000000223"}]},{"system":"http://hl7.org/fhir/ndfrt","filter":[{"property":"concept","op":"is-a","value":"N0000009802"}]},{"system":"http://hl7.org/fhir/ndfrt","filter":[{"property":"concept","op":"is-a","value":"N0000000002"}]}]}}