{"resourceType":"ValueSet","id":"argo-codesystem","text":{"status":"generated","div":"<div xmlns=\"http://www.w3.org/1999/xhtml\">\n      \n\t\t\t<p>Argonaut Extension Codes</p>\n\t\t\t<table border=\"1\" cellpadding=\"5\" cellspacing=\"0\">\n\t\t\t\t<tr>\n\t\t\t\t\t<th>Code</th>\n\t\t\t\t\t<th>Code System</th>\n\t\t\t\t\t<th>Display Term</th>\n\t\t\t\t\t<th>Description</th>\n\t\t\t\t</tr>\n\t\t\t\t<tr>\n\t\t\t\t\t<td>problem</td>\n\t\t\t\t\t<td>http://argonaut.hl7.org</td>\n\t\t\t\t\t<td>Problem</td>\n\t\t\t\t\t<td>The patients problems as identified by the provider(s). Items on the provider’s problem list</td>\n\t\t\t\t</tr>\n\t\t\t\t<tr>\n\t\t\t\t\t<td>health-concern</td>\n\t\t\t\t\t<td>http://argonaut.hl7.org</td>\n\t\t\t\t\t<td>Health Concern</td>\n\t\t\t\t\t<td>Additional health concerns from other stakeholders which are outside the provider’s problem list.</td>\n\t\t\t\t</tr>\n\t\t\t\t<tr>\n\t\t\t\t\t<td>careteam</td>\n\t\t\t\t\t<td>http://argonaut.hl7.org</td>\n\t\t\t\t\t<td>Care Team</td>\n\t\t\t\t\t<td>Careplan for identifying all the people and /or organizations who plan to participate in the coordination of delivery of care.</td>\n\t\t\t\t</tr>\n\t\t\t\t<tr>\n\t\t\t\t\t<td>assess-plan</td>\n\t\t\t\t\t<td>http://argonaut.hl7.org</td>\n\t\t\t\t\t<td>Assessment and Plan of Treatment</td>\n\t\t\t\t\t<td>The clinical conclusions and assumptions that guide the patient's treatment and the clinical activities formulated for a patient.</td>\n\t\t\t\t</tr>\n\t\t\t</table>\n\t\t</div>"},"url":"http://fhir.org/guides/argonaut/ValueSet/argo-codesystem","name":"Argonaut Extension Codes","status":"draft","publisher":"Argonaut Project","contact":[{"telecom":[{"system":"other","value":"http://argonautwiki.hl7.org"}]}],"date":"2016-10-18T00:00:00+11:00","description":"Set of codes that are needed for implementation of the Argonaut Project IGs.  These codes are used as extensions to the FHIR and DAF value sets.","immutable":false,"purpose":"Codes that are needed for implementation of the Argonaut Project Igs","extensible":false,"compose":{"include":[{"system":"http://argonaut.hl7.org"}]}}