{"resourceType":"ValueSet","id":"vacc-status","text":{"status":"generated","div":"<div xmlns=\"http://www.w3.org/1999/xhtml\"><h2>Argonaut Immunization Status</h2><div><p>Immunization codes constrained from the DSTU2 core to include only 'completed' and 'enter-in-error'  which are the only two clinically relevent values.</p>\n</div><p>This value set includes codes from the following code systems:</p><ul><li>Include these codes as defined in <a href=\"http://hl7.org/fhir/DSTU2/valueset-medication-admin-status.html\">http://hl7.org/fhir/medication-admin-status</a><table class=\"none\"><tr><td><b>Code</b></td><td><b>Display</b></td></tr><tr><td>completed</td><td>Completed</td><td>All actions that are implied by the administration have occurred.</td></tr><tr><td>entered-in-error</td><td>Entered in Error</td><td>The administration was entered in error and therefore nullified.</td></tr></table></li></ul></div>"},"url":"http://fhir.org/guides/argonaut/ValueSet/vacc-status","name":"Argonaut Immunization Status","status":"draft","publisher":"Argonaut Project","contact":[{"telecom":[{"system":"other","value":"http://argonautwiki.hl7.org"}]}],"date":"2016-10-18T00:00:00+11:00","description":"Immunization codes constrained from the DSTU2 core to include only 'completed' and 'enter-in-error'  which are the only two clinically relevent values.","immutable":false,"purpose":"Codes that may be used for implementation of the Argonaut Immunization IG and MU2015 certification.","extensible":false,"compose":{"include":[{"system":"http://hl7.org/fhir/medication-admin-status","concept":[{"code":"completed","display":"Completed","designation":[{"value":"All actions that are implied by the administration have occurred"}]},{"code":"entered-in-error","display":"Entered in Error","designation":[{"value":"The administration was entered in error and therefore nullified"}]}]}]}}