{"resourceType":"ValueSet","id":"ucum","text":{"status":"generated","div":"<div xmlns=\"http://www.w3.org/1999/xhtml\"><h2>UCUM units</h2><div><p><a href=\"http://unitsofmeasure.org/\">UCUM</a> unit for coded form of units</p>\n</div><p><b>Copyright Statement:</b> UCUM is Copyright © 1999-2013 Regenstrief Institute, Inc. and The UCUM Organization, Indianapolis, IN. All rights reserved. See http://unitsofmeasure.org/trac//wiki/TermsOfUse for details</p><p>This value set includes codes from the following code systems:</p><ul><li>Include all codes defined in http://unitsofmeasure.org</li></ul></div>"},"url":"http://fhir.org/guides/argonaut/ValueSet/ucum","name":"UCUM units","status":"draft","experimental":true,"publisher":"Argonaut Project","contact":[{"telecom":[{"system":"other","value":"http://argonautwiki.hl7.org"}]}],"date":"2016-08-10T00:00:00+10:00","description":"[UCUM](http://unitsofmeasure.org/) unit for coded form of units","immutable":false,"copyright":"UCUM is Copyright © 1999-2013 Regenstrief Institute, Inc. and The UCUM Organization, Indianapolis, IN. All rights reserved. See http://unitsofmeasure.org/trac//wiki/TermsOfUse for details","extensible":true,"compose":{"include":[{"system":"http://unitsofmeasure.org"}]}}