{"resourceType":"ValueSet","id":"condition-category","text":{"status":"generated","div":"<div xmlns=\"http://www.w3.org/1999/xhtml\"><h2>Argonaut Condition Category Codes</h2><div><p>This value set includes codes from the  http://hl7.org/fhir/condition-category code system and  the  Argonaut Project extension codes  'problems' and 'health-concerns'.</p>\n</div><p>This value set includes codes from the following code systems:</p><ul><li>Include all codes defined in <a href=\"http://hl7.org/fhir/DSTU2/valueset-condition-category.html\">http://hl7.org/fhir/condition-category</a></li><li>Include these codes as defined in http://argonaut.hl7.org<table class=\"none\"><tr><td><b>Code</b></td><td><b>Display</b></td></tr><tr><td>problem</td><td>Problem</td><td/></tr><tr><td>health-concern</td><td>Health Concern</td><td/></tr></table></li></ul></div>"},"url":"http://fhir.org/guides/argonaut/ValueSet/condition-category","name":"Argonaut Condition Category Codes","status":"draft","publisher":"Argonaut Project","contact":[{"telecom":[{"system":"other","value":"http://argonautwiki.hl7.org"}]}],"date":"2016-10-18T00:00:00+11:00","description":"This value set includes codes from the  http://hl7.org/fhir/condition-category code system and  the  Argonaut Project extension codes  'problems' and 'health-concerns'.","immutable":false,"purpose":"Codes that are needed for implementation of the Argonaut Project Problem and Health Concern IGs.","extensible":false,"compose":{"include":[{"system":"http://hl7.org/fhir/condition-category"},{"system":"http://argonaut.hl7.org","concept":[{"code":"problem","display":"Problem"},{"code":"health-concern","display":"Health Concern"}]}]}}