{"resourceType":"ValueSet","id":"languages","text":{"status":"generated","div":"<div xmlns=\"http://www.w3.org/1999/xhtml\"><h2>All Languages</h2><div><p>This value set includes all possible codes from BCP-47 (http://tools.ietf.org/html/bcp47)</p>\n</div><p>This value set includes codes from the following code systems:</p><ul><li>Include all codes defined in urn:ietf:bcp:47</li></ul></div>"},"url":"http://fhir.org/guides/argonaut/ValueSet/languages","name":"All Languages","status":"draft","experimental":true,"publisher":"Argonaut Project","contact":[{"telecom":[{"system":"other","value":"http://argonautwiki.hl7.org"}]}],"date":"2016-11-02T09:04:05+11:00","description":"This value set includes all possible codes from BCP-47 (http://tools.ietf.org/html/bcp47)","immutable":false,"extensible":false,"compose":{"include":[{"system":"urn:ietf:bcp:47"}]}}