{"resourceType":"ValueSet","id":"observation-value-codes","text":{"status":"generated","div":"<div xmlns=\"http://www.w3.org/1999/xhtml\"><h2>Observation Value Codes (SNOMED-CT)</h2><div><p><a href=\"http://www.ihtsdo.org/\">Snomed-CT</a> concept codes for coded results</p>\n</div><p><b>Copyright Statement:</b> This value set includes content from SNOMED CT, which is copyright © 2002+ International Health Terminology Standards Development Organisation (IHTSDO), and distributed by agreement between IHTSDO and HL7. Implementer use of SNOMED CT is not covered by this agreement</p><p>This value set includes codes from the following code systems:</p><ul><li>Include all codes defined in http://snomed.info/sct</li></ul></div>"},"url":"http://fhir.org/guides/argonaut/ValueSet/observation-value-codes","name":"Observation Value Codes (SNOMED-CT)","status":"draft","experimental":true,"publisher":"Argonaut Project","contact":[{"telecom":[{"system":"other","value":"http://argonautwiki.hl7.org"}]}],"date":"2016-08-10T00:00:00+10:00","description":"[Snomed-CT](http://www.ihtsdo.org/) concept codes for coded results","immutable":false,"copyright":"This value set includes content from SNOMED CT, which is copyright © 2002+ International Health Terminology Standards Development Organisation (IHTSDO), and distributed by agreement between IHTSDO and HL7. Implementer use of SNOMED CT is not covered by this agreement","extensible":true,"compose":{"include":[{"system":"http://snomed.info/sct"}]}}