{"resourceType":"CodeSystem","id":"HBSweeteners","text":{"status":"generated","div":"<div xmlns=\"http://www.w3.org/1999/xhtml\"><p>This code system http://fhir.org/guides/acme/HotBeverage/CodeSystem/HBSweeteners defines the following codes:</p><table class=\"codes\"><tr><td style=\"white-space:nowrap\"><b>Code</b></td><td><b>Display</b></td></tr><tr><td style=\"white-space:nowrap\">STEVIA<a name=\"HBSweeteners-STEVIA\"> </a></td><td>Stevia</td></tr><tr><td style=\"white-space:nowrap\">HONEY<a name=\"HBSweeteners-HONEY\"> </a></td><td>Honey</td></tr><tr><td style=\"white-space:nowrap\">WSUGAR<a name=\"HBSweeteners-WSUGAR\"> </a></td><td>White Sugar</td></tr><tr><td style=\"white-space:nowrap\">BSUGAR<a name=\"HBSweeteners-BSUGAR\"> </a></td><td>Brown Sugar</td></tr><tr><td style=\"white-space:nowrap\">AGAVE<a name=\"HBSweeteners-AGAVE\"> </a></td><td>Agave Nectar</td></tr><tr><td style=\"white-space:nowrap\">MAPLE<a name=\"HBSweeteners-MAPLE\"> </a></td><td>Maple Syrup</td></tr><tr><td style=\"white-space:nowrap\">MOLASSES<a name=\"HBSweeteners-MOLASSES\"> </a></td><td>Molasses</td></tr></table></div>"},"url":"http://fhir.org/guides/acme/HotBeverage/CodeSystem/HBSweeteners","version":"1.4.2022","name":"HBSweeteners","title":"Sweeteners List","status":"active","date":"2022-03-29T15:50:36+11:00","publisher":"Dave Pyke & John Moehrke","contact":[{"name":"Dave Pyke & John Moehrke","telecom":[{"system":"url","value":"https://github.com/DavidPyke/HotBeverage"},{"system":"email","value":"david@pyke.ca"}]},{"name":"David Pyke","telecom":[{"system":"email","value":"david@pyke.ca","use":"work"}]},{"name":"John Moehrke","telecom":[{"system":"email","value":"JohnMoehrke@gmail.com","use":"work"}]}],"description":"Sweeteners to be added, if desired","jurisdiction":[{"coding":[{"system":"http://unstats.un.org/unsd/methods/m49/m49.htm","code":"001"}]}],"caseSensitive":false,"content":"complete","count":7,"concept":[{"code":"STEVIA","display":"Stevia"},{"code":"HONEY","display":"Honey"},{"code":"WSUGAR","display":"White Sugar"},{"code":"BSUGAR","display":"Brown Sugar"},{"code":"AGAVE","display":"Agave Nectar"},{"code":"MAPLE","display":"Maple Syrup"},{"code":"MOLASSES","display":"Molasses"}]}