{
  "resourceType": "Coverage",
  "id": "argo-sch-1",
  "meta": {
    "profile": [
      "http://fhir.org/guides/argonaut-scheduling/StructureDefinition/argo-coverage"
    ]
  },
  "text": {
    "status": "generated",
    "div": "<div xmlns=\"http://www.w3.org/1999/xhtml\"><p><b>Generated Narrative with Details</b></p><p><b>id</b>: argo-sch-1</p><p><b>meta</b>: </p><p><b>identifier</b>: DZW9200000000</p><p><b>status</b>: active</p><p><b>type</b>: health insurance plan policy <span style=\"background: LightGoldenRodYellow\">(Details : {http://hl7.org/fhir/v3/ActCode code 'HIP' = 'health insurance plan policy', given as 'health insurance plan policy'})</span></p><p><b>subscriber</b>: <a href=\"Patient-argo-sch-patient-1.html\">First M LastName Jr. Generated Summary: id: argo-sch-patient-1; Medical Record Number = 1032702 (USUAL); active; First M LastName ; ph: 555-555-5555(HOME), myemail@example.com; gender: male; birthDate: 19/06/1964</a></p><p><b>subscriberId</b>: DZW9200000000</p><p><b>relationship</b>: Self <span style=\"background: LightGoldenRodYellow\">(Details : {http://hl7.org/fhir/policyholder-relationship code 'self' = 'Self', given as 'Self'})</span></p><p><b>period</b>: 01/01/2016 12:00:00 AM --&gt; (ongoing)</p><p><b>payor</b>: Anthem Blue Cross of California</p><h3>Groupings</h3><table class=\"grid\"><tr><td>-</td><td><b>Plan</b></td><td><b>PlanDisplay</b></td></tr><tr><td>*</td><td>1FZQ</td><td>Anthem Bronze 60 D HSA PPO</td></tr></table></div>"
  },
  "identifier": [
    {
      "system": "https://www.anthem.com/ca",
      "value": "DZW9200000000"
    }
  ],
  "status": "active",
  "type": {
    "coding": [
      {
        "system": "http://hl7.org/fhir/v3/ActCode",
        "code": "HIP",
        "display": "health insurance plan policy"
      }
    ]
  },
  "subscriber": {
    "reference": "Patient/argo-sch-patient-1",
    "display": "First M LastName Jr"
  },
  "subscriberId": "DZW9200000000",
  "relationship": {
    "coding": [
      {
        "system": "http://hl7.org/fhir/policyholder-relationship",
        "code": "self",
        "display": "Self"
      }
    ]
  },
  "period": {
    "start": "2016-01-01"
  },
  "payor": [
    {
      "display": "Anthem Blue Cross of California"
    }
  ],
  "grouping": {
    "plan": "1FZQ",
    "planDisplay": "Anthem Bronze 60 D HSA PPO"
  }
}