{
  "resourceType": "StructureDefinition",
  "id": "hspc-stdcoded",
  "url": "http://fhir.org/guides/hspc/StructureDefinition/hspc-stdcoded",
  "name": "Profile hspc-stdcoded",
  "status": "draft",
  "publisher": "HSPC",
  "contact": [
    {
      "telecom": [
        {
          "system": "other",
          "value": "http://healthcaresoa.org"
        }
      ]
    }
  ],
  "date": "2015-04-13",
  "mapping": [
    {
      "identity": "v2",
      "uri": "http://hl7.org/v2",
      "name": "HL7 v2 Mapping"
    },
    {
      "identity": "rim",
      "uri": "http://hl7.org/v3",
      "name": "RIM Mapping"
    },
    {
      "identity": "w5",
      "uri": "http://hl7.org/fhir/w5",
      "name": "W5 Mapping"
    }
  ],
  "kind": "resource",
  "abstract": false,
  "type": "Observation",
  "baseDefinition": "http://hl7.org/fhir/StructureDefinition/Observation",
  "derivation": "constraint",
  "snapshot": {
    "element": [
      {
        "id": "Observation:standardlabobscoded",
        "path": "Observation",
        "name": "StandardLabObsCoded",
        "short": "Measurements and simple assertions",
        "definition": "Measurements and simple assertions made about a patient, device or other subject.",
        "comments": "Used for simple observations such as device measurements, laboratory atomic results, vital signs, height, weight, smoking status, comments, etc.  Other resources are used to provide context for observations such as lab reports, etc.",
        "alias": [
          "Vital Signs",
          "Measurement",
          "Results",
          "Tests"
        ],
        "min": 0,
        "max": "*",
        "base": {
          "path": "Observation",
          "min": 0,
          "max": "*"
        },
        "constraint": [
          {
            "key": "obs-7",
            "severity": "error",
            "human": "If code is the same as a component code then the value element associated with the code SHALL NOT be present",
            "expression": "value.empty() or code!=component.code",
            "xpath": "not(exists(f:value)) or not(count(for $coding in f:code/f:coding return parent::*/f:component/f:code/f:coding[f:code/@value=$coding/f:code/@value and f:system/@value=$coding/f:system/@value])=0)"
          },
          {
            "key": "obs-6",
            "severity": "error",
            "human": "dataAbsentReason SHALL only be present if Observation.value[x] is not present",
            "expression": "dataAbsentReason.empty() or value.empty()",
            "xpath": "not(exists(f:dataAbsentReason)) or (not(exists(*[starts-with(local-name(.), 'value')])))"
          },
          {
            "key": "1",
            "severity": "error",
            "human": "Must have either a value or a dataAbsentReason but not both",
            "expression": "value xor dataAbsentReason",
            "xpath": "(f:value or f:dataAbsentReason) and (not(f:value and f:dataAbsentReason))"
          }
        ],
        "mustSupport": false,
        "isSummary": false,
        "mapping": [
          {
            "identity": "v2",
            "map": "OBX"
          },
          {
            "identity": "rim",
            "map": "Observation[classCode=OBS, moodCode=EVN]"
          },
          {
            "identity": "w5",
            "map": "clinical.diagnostics"
          }
        ]
      },
      {
        "id": "Observation:standardlabobscoded.id",
        "path": "Observation.id",
        "short": "Logical id of this artifact",
        "definition": "The logical id of the resource, as used in the URL for the resource. Once assigned, this value never changes.",
        "comments": "The only time that a resource does not have an id is when it is being submitted to the server using a create operation.",
        "min": 0,
        "max": "1",
        "base": {
          "path": "Resource.id",
          "min": 0,
          "max": "*"
        },
        "type": [
          {
            "code": "id"
          }
        ],
        "isSummary": true
      },
      {
        "id": "Observation:standardlabobscoded.meta",
        "path": "Observation.meta",
        "short": "Metadata about the resource",
        "definition": "The metadata about the resource. This is content that is maintained by the infrastructure. Changes to the content may not always be associated with version changes to the resource.",
        "min": 0,
        "max": "1",
        "base": {
          "path": "Resource.meta",
          "min": 0,
          "max": "*"
        },
        "type": [
          {
            "code": "Meta"
          }
        ],
        "isSummary": true
      },
      {
        "id": "Observation:standardlabobscoded.implicitRules",
        "path": "Observation.implicitRules",
        "short": "A set of rules under which this content was created",
        "definition": "A reference to a set of rules that were followed when the resource was constructed, and which must be understood when processing the content.",
        "comments": "Asserting this rule set restricts the content to be only understood by a limited set of trading partners. This inherently limits the usefulness of the data in the long term. However, the existing health eco-system is highly fractured, and not yet ready to define, collect, and exchange data in a generally computable sense. Wherever possible, implementers and/or specification writers should avoid using this element as much as possible.",
        "min": 0,
        "max": "1",
        "base": {
          "path": "Resource.implicitRules",
          "min": 0,
          "max": "*"
        },
        "type": [
          {
            "code": "uri"
          }
        ],
        "isModifier": true,
        "isSummary": true
      },
      {
        "id": "Observation:standardlabobscoded.language",
        "path": "Observation.language",
        "short": "Language of the resource content",
        "definition": "The base language in which the resource is written.",
        "comments": "Language is provided to support indexing and accessibility (typically, services such as text to speech use the language tag). The html language tag in the narrative applies  to the narrative. The language tag on the resource may be used to specify the language of other presentations generated from the data in the resource  Not all the content has to be in the base language. The Resource.language should not be assumed to apply to the narrative automatically. If a language is specified, it should it also be specified on the div element in the html (see rules in HTML5 for information about the relationship between xml:lang and the html lang attribute).",
        "min": 0,
        "max": "1",
        "base": {
          "path": "Resource.language",
          "min": 0,
          "max": "*"
        },
        "type": [
          {
            "code": "code"
          }
        ],
        "binding": {
          "extension": [
            {
              "url": "http://hl7.org/fhir/StructureDefinition/elementdefinition-maxValueSet",
              "valueReference": {
                "reference": "http://hl7.org/fhir/ValueSet/all-languages"
              }
            }
          ],
          "strength": "extensible",
          "description": "A human language.",
          "valueSetReference": {
            "reference": "http://hl7.org/fhir/ValueSet/languages"
          }
        }
      },
      {
        "id": "Observation:standardlabobscoded.text",
        "path": "Observation.text",
        "short": "Text summary of the resource, for human interpretation",
        "definition": "A human-readable narrative that contains a summary of the resource, and may be used to represent the content of the resource to a human. The narrative need not encode all the structured data, but is required to contain sufficient detail to make it \"clinically safe\" for a human to just read the narrative. Resource definitions may define what content should be represented in the narrative to ensure clinical safety.",
        "comments": "Contained resources do not have narrative. Resources that are not contained SHOULD have a narrative. In some cases, a resource may only have text with little or no additional discrete data (as long as all minOccurs=1 elements are satisfied).  This may be necessary for data from legacy systems where information is captured as a \"text blob\" or where text is additionally entered raw or narrated and encoded in formation is added later.",
        "alias": [
          "narrative",
          "html",
          "xhtml",
          "display"
        ],
        "min": 0,
        "max": "1",
        "base": {
          "path": "DomainResource.text",
          "min": 0,
          "max": "*"
        },
        "type": [
          {
            "code": "Narrative"
          }
        ],
        "condition": [
          "dom-1"
        ],
        "mapping": [
          {
            "identity": "rim",
            "map": "Act.text?"
          }
        ]
      },
      {
        "id": "Observation:standardlabobscoded.contained",
        "path": "Observation.contained",
        "short": "Contained, inline Resources",
        "definition": "These resources do not have an independent existence apart from the resource that contains them - they cannot be identified independently, and nor can they have their own independent transaction scope.",
        "comments": "This should never be done when the content can be identified properly, as once identification is lost, it is extremely difficult (and context dependent) to restore it again.",
        "alias": [
          "inline resources",
          "anonymous resources",
          "contained resources"
        ],
        "min": 0,
        "max": "*",
        "base": {
          "path": "DomainResource.contained",
          "min": 0,
          "max": "*"
        },
        "type": [
          {
            "code": "Resource"
          }
        ],
        "mapping": [
          {
            "identity": "rim",
            "map": "N/A"
          }
        ]
      },
      {
        "id": "Observation:standardlabobscoded.extension",
        "path": "Observation.extension",
        "short": "Additional Content defined by implementations",
        "definition": "May be used to represent additional information that is not part of the basic definition of the resource. In order to make the use of extensions safe and manageable, there is a strict set of governance  applied to the definition and use of extensions. Though any implementer is allowed to define an extension, there is a set of requirements that SHALL be met as part of the definition of the extension.",
        "comments": "There can be no stigma associated with the use of extensions by any application, project, or standard - regardless of the institution or jurisdiction that uses or defines the extensions.  The use of extensions is what allows the FHIR specification to retain a core level of simplicity for everyone.",
        "alias": [
          "extensions",
          "user content"
        ],
        "min": 0,
        "max": "*",
        "base": {
          "path": "DomainResource.extension",
          "min": 0,
          "max": "*"
        },
        "type": [
          {
            "code": "Extension"
          }
        ],
        "mapping": [
          {
            "identity": "rim",
            "map": "N/A"
          }
        ]
      },
      {
        "id": "Observation:standardlabobscoded.modifierExtension",
        "path": "Observation.modifierExtension",
        "short": "Extensions that cannot be ignored",
        "definition": "May be used to represent additional information that is not part of the basic definition of the resource, and that modifies the understanding of the element that contains it. Usually modifier elements provide negation or qualification. In order to make the use of extensions safe and manageable, there is a strict set of governance applied to the definition and use of extensions. Though any implementer is allowed to define an extension, there is a set of requirements that SHALL be met as part of the definition of the extension. Applications processing a resource are required to check for modifier extensions.",
        "comments": "There can be no stigma associated with the use of extensions by any application, project, or standard - regardless of the institution or jurisdiction that uses or defines the extensions.  The use of extensions is what allows the FHIR specification to retain a core level of simplicity for everyone.",
        "alias": [
          "extensions",
          "user content"
        ],
        "min": 0,
        "max": "*",
        "base": {
          "path": "DomainResource.modifierExtension",
          "min": 0,
          "max": "*"
        },
        "type": [
          {
            "code": "Extension"
          }
        ],
        "isModifier": true,
        "mapping": [
          {
            "identity": "rim",
            "map": "N/A"
          }
        ]
      },
      {
        "id": "Observation:standardlabobscoded.identifier",
        "path": "Observation.identifier",
        "short": "Unique Id for this particular observation",
        "definition": "A unique identifier for the simple observation instance.",
        "requirements": "Allows observations to be distinguished and referenced.",
        "min": 0,
        "max": "*",
        "base": {
          "path": "Observation.identifier",
          "min": 0,
          "max": "*"
        },
        "type": [
          {
            "code": "Identifier"
          }
        ],
        "mapping": [
          {
            "identity": "v2",
            "map": "OBX.21  For OBX segments from systems without OBX-21 support a combination of ORC/OBR and OBX must be negotiated between trading partners to uniquely identify the OBX segment. Depending on how V2 has been implemented each of these may be an option: 1) OBR-3 + OBX-3 + OBX-4 or 2) OBR-3 + OBR-4 + OBX-3 + OBX-4 or 2) some other way to uniquely ID the OBR/ORC + OBX-3 + OBX-4."
          },
          {
            "identity": "rim",
            "map": "id"
          },
          {
            "identity": "w5",
            "map": "id"
          }
        ]
      },
      {
        "id": "Observation:standardlabobscoded.status",
        "extension": [
          {
            "url": "http://hl7.org/fhir/StructureDefinition/structuredefinition-display-hint",
            "valueString": "default: final"
          }
        ],
        "path": "Observation.status",
        "short": "registered | preliminary | final | amended +",
        "definition": "The status of the result value.",
        "requirements": "Need to track the status of individual results. Some results are finalized before the whole report is finalized.",
        "min": 1,
        "max": "1",
        "base": {
          "path": "Observation.status",
          "min": 1,
          "max": "1"
        },
        "type": [
          {
            "code": "code"
          }
        ],
        "isModifier": true,
        "isSummary": true,
        "binding": {
          "strength": "required",
          "description": "Codes providing the status of an observation.",
          "valueSetReference": {
            "reference": "http://hl7.org/fhir/ValueSet/observation-status"
          }
        },
        "mapping": [
          {
            "identity": "v2",
            "map": "OBX-11"
          },
          {
            "identity": "rim",
            "map": "status  Amended & Final are differentiated by whether it is the subject of a ControlAct event with a type of \"revise\""
          },
          {
            "identity": "w5",
            "map": "status"
          }
        ]
      },
      {
        "id": "Observation:standardlabobscoded.category",
        "path": "Observation.category",
        "short": "Classification of  type of observation",
        "definition": "A code that classifies the general type of observation being made.",
        "comments": "There may be multiple axis of categoriization depending on the context or use case for retrieving or displaying the resource.  The level of granularity is defined by the category concepts in the value set.   More fine-grained filtering can be performed using the metadata and/or terminology hierarchy in Observation.code.",
        "requirements": "Used for filtering what observations are retreived and displayed.",
        "min": 0,
        "max": "*",
        "base": {
          "path": "Observation.category",
          "min": 0,
          "max": "*"
        },
        "type": [
          {
            "code": "CodeableConcept"
          }
        ],
        "binding": {
          "strength": "example",
          "description": "Codes for high level observation categories .",
          "valueSetReference": {
            "reference": "http://hl7.org/fhir/ValueSet/observation-category"
          }
        },
        "mapping": [
          {
            "identity": "rim",
            "map": ".outboundRelationship[typeCode=\"COMP].target[classCode=\"LIST\", moodCode=\"EVN\"].code"
          },
          {
            "identity": "w5",
            "map": "class"
          }
        ]
      },
      {
        "id": "Observation:standardlabobscoded.code",
        "path": "Observation.code",
        "short": "Type of observation (code / type)",
        "definition": "Describes what was observed. Sometimes this is called the observation \"name\".",
        "requirements": "Knowing what kind of observation is being made is essential to understanding the observation.",
        "min": 1,
        "max": "1",
        "base": {
          "path": "Observation.code",
          "min": 1,
          "max": "1"
        },
        "type": [
          {
            "code": "CodeableConcept"
          }
        ],
        "mustSupport": false,
        "isSummary": false,
        "binding": {
          "strength": "preferred",
          "description": "The list of LOINC codes that are used for coded lab tests",
          "valueSetReference": {
            "reference": "ValueSet/CodedLabCodes"
          }
        },
        "mapping": [
          {
            "identity": "v2",
            "map": "OBX-3"
          },
          {
            "identity": "rim",
            "map": "code"
          },
          {
            "identity": "w5",
            "map": "what"
          }
        ]
      },
      {
        "id": "Observation:standardlabobscoded.subject",
        "path": "Observation.subject",
        "short": "Who and/or what this is about",
        "definition": "The patient, or group of patients, location, or device whose characteristics (direct or indirect) are described by the observation and into whose record the observation is placed.  Comments: Indirect characteristics may be those of a specimen, fetus, donor,  other observer (for example a relative or EMT), or any observation made about the subject.",
        "comments": "One would expect this element to be a cardinality  of 1..1.  The only circumstance in which the subject can be missing is when the observation is made by a device that does not know the patient. In this case, the observation SHALL be matched to a patient through some context/channel matching technique, and at this point, the observation should be updated.  If the target of the observation is different than the subject, the general extension [observation-focal-subject](extension-observation-focal-subject.html).  may be used.  However, the distinction between the patient's own value for an observation versus that of the fetus, or the donor or blood product unit, etc., are often specified in the observation code.",
        "requirements": "Observations have no value if you don't know who or what they're about.",
        "min": 0,
        "max": "1",
        "base": {
          "path": "Observation.subject",
          "min": 0,
          "max": "1"
        },
        "type": [
          {
            "code": "Reference",
            "profile": "http://hl7.org/fhir/StructureDefinition/Patient"
          },
          {
            "code": "Reference",
            "profile": "http://hl7.org/fhir/StructureDefinition/Group"
          },
          {
            "code": "Reference",
            "profile": "http://hl7.org/fhir/StructureDefinition/Device"
          },
          {
            "code": "Reference",
            "profile": "http://hl7.org/fhir/StructureDefinition/Location"
          }
        ],
        "isSummary": true,
        "mapping": [
          {
            "identity": "v2",
            "map": "PID-3"
          },
          {
            "identity": "rim",
            "map": "participation[typeCode=SBJ]"
          },
          {
            "identity": "w5",
            "map": "who.focus"
          }
        ]
      },
      {
        "id": "Observation:standardlabobscoded.encounter",
        "path": "Observation.encounter",
        "short": "Healthcare event during which this observation is made",
        "definition": "The healthcare event  (e.g. a patient and healthcare provider interaction) during which this observation is made.",
        "requirements": "For some observations it may be important to know the link between an observation and a particular encounter.",
        "min": 0,
        "max": "1",
        "base": {
          "path": "Observation.encounter",
          "min": 0,
          "max": "1"
        },
        "type": [
          {
            "code": "Reference",
            "profile": "http://hl7.org/fhir/StructureDefinition/Encounter"
          }
        ],
        "mapping": [
          {
            "identity": "v2",
            "map": "PV1"
          },
          {
            "identity": "rim",
            "map": "inboundRelationship[typeCode=COMP].source[classCode=ENC, moodCode=EVN]"
          },
          {
            "identity": "w5",
            "map": "context"
          }
        ]
      },
      {
        "id": "Observation:standardlabobscoded.effective[x]",
        "path": "Observation.effective[x]",
        "short": "Clinically relevant time/time-period for observation",
        "definition": "The time or time-period the observed value is asserted as being true. For biological subjects - e.g. human patients - this is usually called the \"physiologically relevant time\". This is usually either the time of the procedure or of specimen collection, but very often the source of the date/time is not known, only the date/time itself.",
        "comments": "At least a date should be present unless this observation is a historical report.",
        "requirements": "Knowing when an observation was deemed true is important to its relevance as well as determining trends.",
        "min": 0,
        "max": "1",
        "base": {
          "path": "Observation.effective[x]",
          "min": 0,
          "max": "1"
        },
        "type": [
          {
            "code": "dateTime"
          },
          {
            "code": "Period"
          }
        ],
        "isSummary": true,
        "mapping": [
          {
            "identity": "v2",
            "map": "OBX-14, and/or OBX-19 after v2.4  (depends on who observation made)"
          },
          {
            "identity": "rim",
            "map": "effectiveTime"
          },
          {
            "identity": "w5",
            "map": "when.done"
          }
        ]
      },
      {
        "id": "Observation:standardlabobscoded.issued",
        "path": "Observation.issued",
        "short": "Date/Time this was made available",
        "definition": "The date and time this observation was made available to providers, typically after the results have been reviewed and verified.",
        "comments": "Updated when the result is updated.",
        "min": 0,
        "max": "1",
        "base": {
          "path": "Observation.issued",
          "min": 0,
          "max": "1"
        },
        "type": [
          {
            "code": "instant"
          }
        ],
        "isSummary": true,
        "mapping": [
          {
            "identity": "v2",
            "map": "OBR.22 (or MSH.7), or perhaps OBX-19 (depends on who observation made)"
          },
          {
            "identity": "rim",
            "map": "participation[typeCode=AUT].time"
          },
          {
            "identity": "w5",
            "map": "when.recorded"
          }
        ]
      },
      {
        "id": "Observation:standardlabobscoded.performer",
        "path": "Observation.performer",
        "short": "Who is responsible for the observation",
        "definition": "Who was responsible for asserting the observed value as \"true\".",
        "requirements": "May give a degree of confidence in the observation and also indicates where follow-up questions should be directed.",
        "min": 0,
        "max": "*",
        "base": {
          "path": "Observation.performer",
          "min": 0,
          "max": "*"
        },
        "type": [
          {
            "code": "Reference",
            "profile": "http://hl7.org/fhir/StructureDefinition/Practitioner"
          },
          {
            "code": "Reference",
            "profile": "http://hl7.org/fhir/StructureDefinition/Organization"
          },
          {
            "code": "Reference",
            "profile": "http://hl7.org/fhir/StructureDefinition/Patient"
          },
          {
            "code": "Reference",
            "profile": "http://hl7.org/fhir/StructureDefinition/RelatedPerson"
          }
        ],
        "isSummary": true,
        "mapping": [
          {
            "identity": "v2",
            "map": "OBX.15 / (Practitioner)  OBX-16,  PRT-5:PRT-4='RO' /  (Device)  OBX-18 , PRT-10:PRT-4='EQUIP' / (Organization)  OBX-23,  PRT-8:PRT-4='PO'"
          },
          {
            "identity": "rim",
            "map": "participation[typeCode=PRF]"
          },
          {
            "identity": "w5",
            "map": "who.actor"
          }
        ]
      },
      {
        "id": "Observation:standardlabobscoded.valueCodeableConcept",
        "path": "Observation.valueCodeableConcept",
        "short": "Concept - reference to a terminology or just  text",
        "definition": "A concept that may be defined by a formal reference to a terminology or ontology or may be provided by text.",
        "comments": "Not all terminology uses fit this general pattern. In some cases, models should not use CodeableConcept and use Coding directly and provide their own structure for managing text, codings, translations and the relationship between elements and pre- and post-coordination.",
        "min": 0,
        "max": "1",
        "base": {
          "path": "Observation.value[x]",
          "min": 0,
          "max": "1"
        },
        "type": [
          {
            "code": "CodeableConcept",
            "profile": "http://hl7.org/fhir/StructureDefinition/CodeableConcept"
          }
        ],
        "mustSupport": false,
        "isSummary": false,
        "mapping": [
          {
            "identity": "v2",
            "map": "CE/CNE/CWE"
          },
          {
            "identity": "rim",
            "map": "CD"
          },
          {
            "identity": "orim",
            "map": "fhir:CodeableConcept rdfs:subClassOf dt:CD"
          }
        ]
      },
      {
        "id": "Observation:standardlabobscoded.dataAbsentReason",
        "path": "Observation.dataAbsentReason",
        "short": "Why the result is missing",
        "definition": "Provides a reason why the expected value in the element Observation.value[x] is missing.",
        "comments": "Null or exceptional values can be represented two ways in FHIR Observations.  One way is to simply include them in the value set and represent the exceptions in the value.  For example, measurement values for a serology test could be  \"detected\", \"not detected\", \"inconclusive\", or  \"specimen unsatisfactory\".   The alternate way is to use the value element for actual observations and use the explicit dataAbsentReason element to record exceptional values.  For example, the dataAbsentReason code \"error\" could be used when the measurement was not completed.  Because of these options, use-case agreements are required to interpret general observations for exceptional values.",
        "requirements": "For many results it is necessary to handle exceptional values in measurements.",
        "min": 0,
        "max": "1",
        "base": {
          "path": "Observation.dataAbsentReason",
          "min": 0,
          "max": "1"
        },
        "type": [
          {
            "code": "CodeableConcept"
          }
        ],
        "condition": [
          "obs-6"
        ],
        "mustSupport": false,
        "isSummary": false,
        "binding": {
          "strength": "preferred",
          "description": "The list of reasons a lab value may be missing",
          "valueSetReference": {
            "reference": "ValueSet/LabNullFlavor"
          }
        },
        "mapping": [
          {
            "identity": "v2",
            "map": "N/A"
          },
          {
            "identity": "rim",
            "map": "value.nullFlavor"
          }
        ]
      },
      {
        "id": "Observation:standardlabobscoded.interpretation",
        "path": "Observation.interpretation",
        "short": "High, low, normal, etc.",
        "definition": "The assessment made based on the result of the observation.  Intended as a simple compact code often placed adjacent to the result value in reports and flow sheets to signal the meaning/normalcy status of the result. Otherwise known as abnormal flag.",
        "requirements": "For some results, particularly numeric results, an interpretation is necessary to fully understand the significance of a result.",
        "alias": [
          "Abnormal Flag"
        ],
        "min": 0,
        "max": "1",
        "base": {
          "path": "Observation.interpretation",
          "min": 0,
          "max": "1"
        },
        "type": [
          {
            "code": "CodeableConcept"
          }
        ],
        "mustSupport": false,
        "isSummary": false,
        "binding": {
          "strength": "preferred",
          "description": "The set of codes that describe in what way a lab value is abnormal",
          "valueSetReference": {
            "reference": "ValueSet/abnInt-CodedNom"
          }
        },
        "mapping": [
          {
            "identity": "v2",
            "map": "OBX-8"
          },
          {
            "identity": "rim",
            "map": "interpretationCode"
          }
        ]
      },
      {
        "id": "Observation:standardlabobscoded.comment",
        "path": "Observation.comment",
        "short": "Comments about result",
        "definition": "May include statements about significant, unexpected or unreliable values, or information about the source of the value where this may be relevant to the interpretation of the result.",
        "requirements": "Need to be able to provide free text additional information.",
        "min": 0,
        "max": "1",
        "base": {
          "path": "Observation.comment",
          "min": 0,
          "max": "1"
        },
        "type": [
          {
            "code": "string"
          }
        ],
        "mapping": [
          {
            "identity": "v2",
            "map": "NTE.3 (partner NTE to OBX, or sometimes another (child?) OBX)"
          },
          {
            "identity": "rim",
            "map": "subjectOf.observationEvent[code=\"annotation\"].value"
          }
        ]
      },
      {
        "id": "Observation:standardlabobscoded.bodySite",
        "path": "Observation.bodySite",
        "short": "Observed body part",
        "definition": "Indicates the site on the subject's body where the observation was made (i.e. the target site).",
        "comments": "Only used if not implicit in code found in Observation.code.  In many systems, this may be represented as a related observation instead of an inline component.   If the use case requires BodySite to be handled as a separate resource (e.g. to identify and track separately) then use The standard extension[ body-site-instance](extension-body-site-instance.html).",
        "requirements": "Knowing where the observation is made is important for tracking if multiple sites are possible.",
        "min": 0,
        "max": "1",
        "base": {
          "path": "Observation.bodySite",
          "min": 0,
          "max": "1"
        },
        "type": [
          {
            "code": "CodeableConcept"
          }
        ],
        "binding": {
          "strength": "example",
          "description": "Codes describing anatomical locations. May include laterality.",
          "valueSetReference": {
            "reference": "http://hl7.org/fhir/ValueSet/body-site"
          }
        },
        "mapping": [
          {
            "identity": "v2",
            "map": "OBX-20"
          },
          {
            "identity": "rim",
            "map": "targetSiteCode"
          }
        ]
      },
      {
        "id": "Observation:standardlabobscoded.method",
        "path": "Observation.method",
        "short": "How it was done",
        "definition": "Indicates the mechanism used to perform the observation.",
        "comments": "Only used if not implicit in code for Observation.code.",
        "requirements": "In some cases, method can impact results and is thus used for determining whether results can be compared or determining significance of results.",
        "min": 0,
        "max": "1",
        "base": {
          "path": "Observation.method",
          "min": 0,
          "max": "1"
        },
        "type": [
          {
            "code": "CodeableConcept"
          }
        ],
        "binding": {
          "strength": "example",
          "description": "Methods for simple observations.",
          "valueSetReference": {
            "reference": "http://hl7.org/fhir/ValueSet/observation-methods"
          }
        },
        "mapping": [
          {
            "identity": "v2",
            "map": "OBX-17"
          },
          {
            "identity": "rim",
            "map": "methodCode"
          }
        ]
      },
      {
        "id": "Observation:standardlabobscoded.specimen",
        "path": "Observation.specimen",
        "short": "Specimen used for this observation",
        "definition": "The specimen that was used when this observation was made.",
        "comments": "Observations are not made on specimens themselves; they are made on a subject, but usually by the means of a specimen. Note that although specimens are often involved, they are not always tracked and reported explicitly. Also note that observation resources may be used in contexts that track the specimen explicitly (e.g. Diagnostic Report).",
        "min": 0,
        "max": "1",
        "base": {
          "path": "Observation.specimen",
          "min": 0,
          "max": "1"
        },
        "type": [
          {
            "code": "Reference",
            "profile": "http://hl7.org/fhir/StructureDefinition/Specimen"
          }
        ],
        "mapping": [
          {
            "identity": "v2",
            "map": "SPM segment"
          },
          {
            "identity": "rim",
            "map": "participation[typeCode=SPC].specimen"
          }
        ]
      },
      {
        "id": "Observation:standardlabobscoded.device",
        "path": "Observation.device",
        "short": "(Measurement) Device",
        "definition": "The device used to generate the observation data.",
        "comments": "An extension should be used if further typing of the device is needed.  Devices used to support obtaining an observation can be represented using either extension or through the Observation.related element.",
        "min": 0,
        "max": "1",
        "base": {
          "path": "Observation.device",
          "min": 0,
          "max": "1"
        },
        "type": [
          {
            "code": "Reference",
            "profile": "http://hl7.org/fhir/StructureDefinition/Device"
          },
          {
            "code": "Reference",
            "profile": "http://hl7.org/fhir/StructureDefinition/DeviceMetric"
          }
        ],
        "mapping": [
          {
            "identity": "v2",
            "map": "OBX-17 / PRT -10"
          },
          {
            "identity": "rim",
            "map": "participation[typeCode=DEV]"
          }
        ]
      },
      {
        "id": "Observation:standardlabobscoded.referenceRange",
        "path": "Observation.referenceRange",
        "short": "Provides guide for interpretation",
        "definition": "Guidance on how to interpret the value by comparison to a normal or recommended range.",
        "comments": "Most observations only have one generic reference range. Systems MAY choose to restrict to only supplying the relevant reference range based on knowledge about the patient (e.g. specific to the patient's age, gender, weight and other factors), but this may not be possible or appropriate. Whenever more than one reference range is supplied, the differences between them SHOULD be provided in the reference range and/or age properties.",
        "requirements": "Knowing what values are considered \"normal\" can help evaluate the significance of a particular result. Need to be able to provide multiple reference ranges for different contexts.",
        "min": 1,
        "max": "1",
        "base": {
          "path": "Observation.referenceRange",
          "min": 0,
          "max": "*"
        },
        "type": [
          {
            "code": "BackboneElement"
          }
        ],
        "constraint": [
          {
            "key": "obs-3",
            "severity": "error",
            "human": "Must have at least a low or a high or text",
            "expression": "low.exists() or high.exists() or text.exists()",
            "xpath": "(exists(f:low) or exists(f:high)or exists(f:text))"
          }
        ],
        "mustSupport": false,
        "isSummary": false,
        "mapping": [
          {
            "identity": "v2",
            "map": "OBX.7"
          },
          {
            "identity": "rim",
            "map": "outboundRelationship[typeCode=REFV]/target[classCode=OBS, moodCode=EVN]"
          }
        ]
      },
      {
        "id": "Observation:standardlabobscoded.referenceRange.id",
        "path": "Observation.referenceRange.id",
        "representation": [
          "xmlAttr"
        ],
        "short": "xml:id (or equivalent in JSON)",
        "definition": "unique id for the element within a resource (for internal references). This may be any string value that does not contain spaces.",
        "min": 0,
        "max": "1",
        "base": {
          "path": "Element.id",
          "min": 0,
          "max": "*"
        },
        "type": [
          {
            "code": "string"
          }
        ],
        "mapping": [
          {
            "identity": "rim",
            "map": "n/a"
          }
        ]
      },
      {
        "id": "Observation:standardlabobscoded.referenceRange.extension",
        "path": "Observation.referenceRange.extension",
        "short": "Additional Content defined by implementations",
        "definition": "May be used to represent additional information that is not part of the basic definition of the element. In order to make the use of extensions safe and manageable, there is a strict set of governance  applied to the definition and use of extensions. Though any implementer is allowed to define an extension, there is a set of requirements that SHALL be met as part of the definition of the extension.",
        "comments": "There can be no stigma associated with the use of extensions by any application, project, or standard - regardless of the institution or jurisdiction that uses or defines the extensions.  The use of extensions is what allows the FHIR specification to retain a core level of simplicity for everyone.",
        "alias": [
          "extensions",
          "user content"
        ],
        "min": 0,
        "max": "*",
        "base": {
          "path": "Element.extension",
          "min": 0,
          "max": "*"
        },
        "type": [
          {
            "code": "Extension"
          }
        ],
        "mapping": [
          {
            "identity": "rim",
            "map": "n/a"
          }
        ]
      },
      {
        "id": "Observation:standardlabobscoded.referenceRange.modifierExtension",
        "path": "Observation.referenceRange.modifierExtension",
        "short": "Extensions that cannot be ignored",
        "definition": "May be used to represent additional information that is not part of the basic definition of the element, and that modifies the understanding of the element that contains it. Usually modifier elements provide negation or qualification. In order to make the use of extensions safe and manageable, there is a strict set of governance applied to the definition and use of extensions. Though any implementer is allowed to define an extension, there is a set of requirements that SHALL be met as part of the definition of the extension. Applications processing a resource are required to check for modifier extensions.",
        "comments": "There can be no stigma associated with the use of extensions by any application, project, or standard - regardless of the institution or jurisdiction that uses or defines the extensions.  The use of extensions is what allows the FHIR specification to retain a core level of simplicity for everyone.",
        "alias": [
          "extensions",
          "user content",
          "modifiers"
        ],
        "min": 0,
        "max": "*",
        "base": {
          "path": "BackboneElement.modifierExtension",
          "min": 0,
          "max": "*"
        },
        "type": [
          {
            "code": "Extension"
          }
        ],
        "isModifier": true,
        "isSummary": true,
        "mapping": [
          {
            "identity": "rim",
            "map": "N/A"
          }
        ]
      },
      {
        "id": "Observation:standardlabobscoded.referenceRange.low",
        "path": "Observation.referenceRange.low",
        "short": "Low Range, if relevant",
        "definition": "The value of the low bound of the reference range.  The low bound of the reference range endpoint is inclusive of the value (e.g.  reference range is >=5 - <=9).   If the low bound is omitted,  it is assumed to be meaningless (e.g. reference range is <=2.3).",
        "min": 0,
        "max": "0",
        "base": {
          "path": "Observation.referenceRange.low",
          "min": 0,
          "max": "1"
        },
        "type": [
          {
            "code": "Quantity",
            "profile": "http://hl7.org/fhir/StructureDefinition/SimpleQuantity"
          }
        ],
        "condition": [
          "obs-3"
        ],
        "mustSupport": false,
        "isSummary": false,
        "mapping": [
          {
            "identity": "v2",
            "map": "OBX-7"
          },
          {
            "identity": "rim",
            "map": "value:IVL_PQ.low"
          }
        ]
      },
      {
        "id": "Observation:standardlabobscoded.referenceRange.high",
        "path": "Observation.referenceRange.high",
        "short": "High Range, if relevant",
        "definition": "The value of the high bound of the reference range.  The high bound of the reference range endpoint is inclusive of the value (e.g.  reference range is >=5 - <=9).   If the high bound is omitted,  it is assumed to be meaningless (e.g. reference range is >= 2.3).",
        "min": 0,
        "max": "0",
        "base": {
          "path": "Observation.referenceRange.high",
          "min": 0,
          "max": "1"
        },
        "type": [
          {
            "code": "Quantity",
            "profile": "http://hl7.org/fhir/StructureDefinition/SimpleQuantity"
          }
        ],
        "condition": [
          "obs-3"
        ],
        "mustSupport": false,
        "isSummary": false,
        "mapping": [
          {
            "identity": "v2",
            "map": "OBX-7"
          },
          {
            "identity": "rim",
            "map": "value:IVL_PQ.high"
          }
        ]
      },
      {
        "id": "Observation:standardlabobscoded.referenceRange.meaning",
        "path": "Observation.referenceRange.meaning",
        "short": "Reference range qualifier",
        "definition": "Codes to indicate the the target population this reference range applies to.  For example, a reference range may be based on the normal population or a particular sex, race, therapeutic status, or endocrine or reproductive status.",
        "comments": "This SHOULD be populated if there is more than one range.  If this element is not present then the norma population is assumed.",
        "requirements": "Need to be able to say what kind of reference range this is - normal, recommended, therapeutic, etc  - for proper interpretation.",
        "min": 0,
        "max": "0",
        "base": {
          "path": "Observation.referenceRange.meaning",
          "min": 0,
          "max": "*"
        },
        "type": [
          {
            "code": "CodeableConcept"
          }
        ],
        "mustSupport": false,
        "isSummary": false,
        "binding": {
          "strength": "example",
          "description": "Code for the meaning of a reference range.",
          "valueSetReference": {
            "reference": "http://hl7.org/fhir/ValueSet/referencerange-meaning"
          }
        },
        "mapping": [
          {
            "identity": "v2",
            "map": "OBX-10?"
          },
          {
            "identity": "rim",
            "map": "interpretationCode"
          }
        ]
      },
      {
        "id": "Observation:standardlabobscoded.referenceRange.age",
        "path": "Observation.referenceRange.age",
        "short": "Applicable age range, if relevant",
        "definition": "The age at which this reference range is applicable. This is a neonatal age (e.g. number of weeks at term) if the meaning says so.",
        "requirements": "Some analytes vary greatly over age.",
        "min": 0,
        "max": "0",
        "base": {
          "path": "Observation.referenceRange.age",
          "min": 0,
          "max": "1"
        },
        "type": [
          {
            "code": "Range"
          }
        ],
        "mustSupport": false,
        "isSummary": false,
        "mapping": [
          {
            "identity": "rim",
            "map": "outboundRelationship[typeCode=PRCN].targetObservationCriterion[code=\"age\"].value"
          }
        ]
      },
      {
        "id": "Observation:standardlabobscoded.referenceRange.text",
        "path": "Observation.referenceRange.text",
        "short": "Text based reference range in an observation",
        "definition": "Text based reference range in an observation which may be used when a quantitative range is not appropriate for an observation.  An example would be a reference value of \"Negative\" or a list or table of 'normals'.",
        "min": 1,
        "max": "1",
        "base": {
          "path": "Observation.referenceRange.text",
          "min": 0,
          "max": "1"
        },
        "type": [
          {
            "code": "string"
          }
        ],
        "mustSupport": false,
        "isSummary": false,
        "mapping": [
          {
            "identity": "v2",
            "map": "OBX-7"
          },
          {
            "identity": "rim",
            "map": "value:ST"
          }
        ]
      },
      {
        "id": "Observation:standardlabobscoded.related",
        "path": "Observation.related",
        "short": "Resource related to this observation",
        "definition": "A  reference to another resource (usually another Observation but could  also be a QuestionnaireAnswer) whose relationship is defined by the relationship type code.",
        "comments": "For a discussion on the ways Observations can assembled in groups together see [Notes below](observation.html#4.20.4).",
        "requirements": "Normally, an observation will have either a value or a set of related observations. A few observations (e.g. Apgar score) may have both a value and a set of related observations or sometimes QuestionnaireResponse  from which the measure is derived.",
        "min": 0,
        "max": "*",
        "base": {
          "path": "Observation.related",
          "min": 0,
          "max": "*"
        },
        "type": [
          {
            "code": "BackboneElement"
          }
        ],
        "isSummary": true,
        "mapping": [
          {
            "identity": "v2",
            "map": "Relationships established by OBX-4 usage"
          },
          {
            "identity": "rim",
            "map": "outBoundRelationship"
          }
        ]
      },
      {
        "id": "Observation:standardlabobscoded.related.id",
        "path": "Observation.related.id",
        "representation": [
          "xmlAttr"
        ],
        "short": "xml:id (or equivalent in JSON)",
        "definition": "unique id for the element within a resource (for internal references). This may be any string value that does not contain spaces.",
        "min": 0,
        "max": "1",
        "base": {
          "path": "Element.id",
          "min": 0,
          "max": "*"
        },
        "type": [
          {
            "code": "string"
          }
        ],
        "mapping": [
          {
            "identity": "rim",
            "map": "n/a"
          }
        ]
      },
      {
        "id": "Observation:standardlabobscoded.related.extension",
        "path": "Observation.related.extension",
        "short": "Additional Content defined by implementations",
        "definition": "May be used to represent additional information that is not part of the basic definition of the element. In order to make the use of extensions safe and manageable, there is a strict set of governance  applied to the definition and use of extensions. Though any implementer is allowed to define an extension, there is a set of requirements that SHALL be met as part of the definition of the extension.",
        "comments": "There can be no stigma associated with the use of extensions by any application, project, or standard - regardless of the institution or jurisdiction that uses or defines the extensions.  The use of extensions is what allows the FHIR specification to retain a core level of simplicity for everyone.",
        "alias": [
          "extensions",
          "user content"
        ],
        "min": 0,
        "max": "*",
        "base": {
          "path": "Element.extension",
          "min": 0,
          "max": "*"
        },
        "type": [
          {
            "code": "Extension"
          }
        ],
        "mapping": [
          {
            "identity": "rim",
            "map": "n/a"
          }
        ]
      },
      {
        "id": "Observation:standardlabobscoded.related.modifierExtension",
        "path": "Observation.related.modifierExtension",
        "short": "Extensions that cannot be ignored",
        "definition": "May be used to represent additional information that is not part of the basic definition of the element, and that modifies the understanding of the element that contains it. Usually modifier elements provide negation or qualification. In order to make the use of extensions safe and manageable, there is a strict set of governance applied to the definition and use of extensions. Though any implementer is allowed to define an extension, there is a set of requirements that SHALL be met as part of the definition of the extension. Applications processing a resource are required to check for modifier extensions.",
        "comments": "There can be no stigma associated with the use of extensions by any application, project, or standard - regardless of the institution or jurisdiction that uses or defines the extensions.  The use of extensions is what allows the FHIR specification to retain a core level of simplicity for everyone.",
        "alias": [
          "extensions",
          "user content",
          "modifiers"
        ],
        "min": 0,
        "max": "*",
        "base": {
          "path": "BackboneElement.modifierExtension",
          "min": 0,
          "max": "*"
        },
        "type": [
          {
            "code": "Extension"
          }
        ],
        "isModifier": true,
        "isSummary": true,
        "mapping": [
          {
            "identity": "rim",
            "map": "N/A"
          }
        ]
      },
      {
        "id": "Observation:standardlabobscoded.related.type",
        "path": "Observation.related.type",
        "short": "has-member | derived-from | sequel-to | replaces | qualified-by | interfered-by",
        "definition": "A code specifying the kind of relationship that exists with the target resource.",
        "comments": "\"derived-from\" is only logical choice when referencing QuestionnaireAnswer resource.",
        "requirements": "A relationship type SHOULD be provided.",
        "min": 0,
        "max": "1",
        "base": {
          "path": "Observation.related.type",
          "min": 0,
          "max": "1"
        },
        "type": [
          {
            "code": "code"
          }
        ],
        "binding": {
          "strength": "required",
          "description": "Codes specifying how two observations are related.",
          "valueSetReference": {
            "reference": "http://hl7.org/fhir/ValueSet/observation-relationshiptypes"
          }
        },
        "mapping": [
          {
            "identity": "v2",
            "map": "N/A"
          },
          {
            "identity": "rim",
            "map": ".typeCode"
          }
        ]
      },
      {
        "id": "Observation:standardlabobscoded.related.target",
        "path": "Observation.related.target",
        "short": "Resource that is related to this one",
        "definition": "A reference to the observation or [[[QuestionnaireResponse]]] resource that is related to this observation.",
        "min": 1,
        "max": "1",
        "base": {
          "path": "Observation.related.target",
          "min": 1,
          "max": "1"
        },
        "type": [
          {
            "code": "Reference",
            "profile": "http://hl7.org/fhir/StructureDefinition/Observation"
          },
          {
            "code": "Reference",
            "profile": "http://hl7.org/fhir/StructureDefinition/QuestionnaireResponse"
          }
        ],
        "mapping": [
          {
            "identity": "rim",
            "map": ".targetObservation"
          }
        ]
      },
      {
        "id": "Observation:standardlabobscoded.component",
        "path": "Observation.component",
        "short": "Component results",
        "definition": "Some observations have multiple component observations.  These component observations are expressed as separate code value pairs that share the same attributes.  Examples include systolic and diastolic component observations for blood pressure measurement and multiple component observations for genetics observations.",
        "comments": "For a discussion on the ways Observations can assembled in groups together see [Notes](observation.html#notes) below.",
        "requirements": "Component observations share the same attributes in the Observation resource as the primary observation and are always treated a part of a single observation (they are not separable).   However, the reference range for the primary observation value is not inherited by the component values and is required when appropriate for each component observation.",
        "min": 0,
        "max": "*",
        "base": {
          "path": "Observation.component",
          "min": 0,
          "max": "*"
        },
        "type": [
          {
            "code": "BackboneElement"
          }
        ],
        "isSummary": true,
        "mapping": [
          {
            "identity": "v2",
            "map": "containment by OBX-4?"
          },
          {
            "identity": "rim",
            "map": "outBoundRelationship[typeCode=COMP]"
          }
        ]
      },
      {
        "id": "Observation:standardlabobscoded.component.id",
        "path": "Observation.component.id",
        "representation": [
          "xmlAttr"
        ],
        "short": "xml:id (or equivalent in JSON)",
        "definition": "unique id for the element within a resource (for internal references). This may be any string value that does not contain spaces.",
        "min": 0,
        "max": "1",
        "base": {
          "path": "Element.id",
          "min": 0,
          "max": "*"
        },
        "type": [
          {
            "code": "string"
          }
        ],
        "mapping": [
          {
            "identity": "rim",
            "map": "n/a"
          }
        ]
      },
      {
        "id": "Observation:standardlabobscoded.component.extension",
        "path": "Observation.component.extension",
        "short": "Additional Content defined by implementations",
        "definition": "May be used to represent additional information that is not part of the basic definition of the element. In order to make the use of extensions safe and manageable, there is a strict set of governance  applied to the definition and use of extensions. Though any implementer is allowed to define an extension, there is a set of requirements that SHALL be met as part of the definition of the extension.",
        "comments": "There can be no stigma associated with the use of extensions by any application, project, or standard - regardless of the institution or jurisdiction that uses or defines the extensions.  The use of extensions is what allows the FHIR specification to retain a core level of simplicity for everyone.",
        "alias": [
          "extensions",
          "user content"
        ],
        "min": 0,
        "max": "*",
        "base": {
          "path": "Element.extension",
          "min": 0,
          "max": "*"
        },
        "type": [
          {
            "code": "Extension"
          }
        ],
        "mapping": [
          {
            "identity": "rim",
            "map": "n/a"
          }
        ]
      },
      {
        "id": "Observation:standardlabobscoded.component.modifierExtension",
        "path": "Observation.component.modifierExtension",
        "short": "Extensions that cannot be ignored",
        "definition": "May be used to represent additional information that is not part of the basic definition of the element, and that modifies the understanding of the element that contains it. Usually modifier elements provide negation or qualification. In order to make the use of extensions safe and manageable, there is a strict set of governance applied to the definition and use of extensions. Though any implementer is allowed to define an extension, there is a set of requirements that SHALL be met as part of the definition of the extension. Applications processing a resource are required to check for modifier extensions.",
        "comments": "There can be no stigma associated with the use of extensions by any application, project, or standard - regardless of the institution or jurisdiction that uses or defines the extensions.  The use of extensions is what allows the FHIR specification to retain a core level of simplicity for everyone.",
        "alias": [
          "extensions",
          "user content",
          "modifiers"
        ],
        "min": 0,
        "max": "*",
        "base": {
          "path": "BackboneElement.modifierExtension",
          "min": 0,
          "max": "*"
        },
        "type": [
          {
            "code": "Extension"
          }
        ],
        "isModifier": true,
        "isSummary": true,
        "mapping": [
          {
            "identity": "rim",
            "map": "N/A"
          }
        ]
      },
      {
        "id": "Observation:standardlabobscoded.component.code",
        "path": "Observation.component.code",
        "short": "Type of component observation (code / type)",
        "definition": "Describes what was observed. Sometimes this is called the observation \"code\".",
        "requirements": "Knowing what kind of observation is being made is essential to understanding the observation.",
        "min": 1,
        "max": "1",
        "base": {
          "path": "Observation.component.code",
          "min": 1,
          "max": "1"
        },
        "type": [
          {
            "code": "CodeableConcept"
          }
        ],
        "isSummary": true,
        "binding": {
          "strength": "example",
          "description": "Codes identifying names of simple observations.",
          "valueSetReference": {
            "reference": "http://hl7.org/fhir/ValueSet/observation-codes"
          }
        },
        "mapping": [
          {
            "identity": "v2",
            "map": "OBX-3"
          },
          {
            "identity": "rim",
            "map": "code"
          },
          {
            "identity": "w5",
            "map": "what"
          }
        ]
      },
      {
        "id": "Observation:standardlabobscoded.component.value[x]",
        "path": "Observation.component.value[x]",
        "short": "Actual component result",
        "definition": "The information determined as a result of making the observation, if the information has a simple value.",
        "comments": "Normally, an observation will have either a value or a set of related observations. A few observations (e.g. Apgar score) may have both a value and related observations (for an Apgar score, the observations from which the measure is derived). If a value is present, the datatype for this element should be determined by Observation.code. A CodeableConcept with just a text would be used instead of a string if the field was usually coded, or if the type associated with the Observation.code defines a coded value.   For boolean values use valueCodeableConcept and select codes from <http://hl7.org/fhir/ValueSet/v2-0136> (These \"yes/no\" concepts can be mapped to the display name \"true/false\" or other mutually exclusive terms that may be needed\").  The element, Observation.value[x], has a variable name depending on the type as follows: valueQuantity, valueCodeableConcept, valueRatio, valueChoice, valuePeriod, valueSampleData, or valueString (The name format is \"'value' + the type name\" with a capital on the first letter of the type).",
        "requirements": "An observation exists to have a value, though it may not if it is in error, or it represents a group of observations.",
        "min": 0,
        "max": "1",
        "base": {
          "path": "Observation.component.value[x]",
          "min": 0,
          "max": "1"
        },
        "type": [
          {
            "code": "Quantity"
          },
          {
            "code": "CodeableConcept"
          },
          {
            "code": "string"
          },
          {
            "code": "Range"
          },
          {
            "code": "Ratio"
          },
          {
            "code": "SampledData"
          },
          {
            "code": "Attachment"
          },
          {
            "code": "time"
          },
          {
            "code": "dateTime"
          },
          {
            "code": "Period"
          }
        ],
        "isSummary": true,
        "mapping": [
          {
            "identity": "v2",
            "map": "OBX.2, OBX.5, OBX.6"
          },
          {
            "identity": "rim",
            "map": "value"
          }
        ]
      },
      {
        "id": "Observation:standardlabobscoded.component.dataAbsentReason",
        "path": "Observation.component.dataAbsentReason",
        "short": "Why the component result is missing",
        "definition": "Provides a reason why the expected value in the element Observation.value[x] is missing.",
        "comments": "\"Null\" or exceptional values can be represented two ways in FHIR Observations.  One way is to simply include them in the value set and represent the exceptions in the value.  For example, measurement values for a serology test could be  \"detected\", \"not detected\", \"inconclusive\", or  \"test not done\".   The alternate way is to use the value element for actual observations and use the explicit dataAbsentReason element to record exceptional values.  For example, the dataAbsentReason code \"error\" could be used when the measurement was not completed.  Because of these options, use-case agreements are required to interpret general observations for exceptional values.",
        "requirements": "For many results it is necessary to handle exceptional values in measurements.",
        "min": 0,
        "max": "1",
        "base": {
          "path": "Observation.component.dataAbsentReason",
          "min": 0,
          "max": "1"
        },
        "type": [
          {
            "code": "CodeableConcept"
          }
        ],
        "condition": [
          "obs-6"
        ],
        "binding": {
          "strength": "extensible",
          "description": "Codes specifying why the result (Observation.value[x]) is missing.",
          "valueSetReference": {
            "reference": "http://hl7.org/fhir/ValueSet/observation-valueabsentreason"
          }
        },
        "mapping": [
          {
            "identity": "v2",
            "map": "N/A"
          },
          {
            "identity": "rim",
            "map": "value.nullFlavor"
          }
        ]
      },
      {
        "id": "Observation:standardlabobscoded.component.interpretation",
        "path": "Observation.component.interpretation",
        "short": "High, low, normal, etc.",
        "definition": "The assessment made based on the result of the observation.  Intended as a simple compact code often placed adjacent to the result value in reports and flow sheets to signal the meaning/normalcy status of the result. Otherwise known as abnormal flag.",
        "comments": "The component interpretation is applies only to the indivual component value.  For an overall interpretation all components together use Observation.interpretation element.",
        "requirements": "For some results, particularly numeric results, an interpretation is necessary to fully understand the significance of a result.",
        "alias": [
          "Abnormal Flag"
        ],
        "min": 0,
        "max": "1",
        "base": {
          "path": "Observation.component.interpretation",
          "min": 0,
          "max": "1"
        },
        "type": [
          {
            "code": "CodeableConcept"
          }
        ],
        "binding": {
          "strength": "extensible",
          "description": "Codes identifying interpretations of observations.",
          "valueSetReference": {
            "reference": "http://hl7.org/fhir/ValueSet/observation-interpretation"
          }
        },
        "mapping": [
          {
            "identity": "v2",
            "map": "OBX-8"
          },
          {
            "identity": "rim",
            "map": "interpretationCode"
          }
        ]
      },
      {
        "id": "Observation:standardlabobscoded.component.referenceRange",
        "path": "Observation.component.referenceRange",
        "short": "Provides guide for interpretation of component result",
        "definition": "Guidance on how to interpret the value by comparison to a normal or recommended range.",
        "comments": "Most observations only have one generic reference range. Systems MAY choose to restrict to only supplying the relevant reference range based on knowledge about the patient (e.g. specific to the patient's age, gender, weight and other factors), but this may not be possible or appropriate. Whenever more than one reference range is supplied, the differences between them SHOULD be provided in the reference range and/or age properties.",
        "requirements": "Knowing what values are considered \"normal\" can help evaluate the significance of a particular result. Need to be able to provide multiple reference ranges for different contexts.",
        "min": 0,
        "max": "*",
        "base": {
          "path": "Observation.component.referenceRange",
          "min": 0,
          "max": "*"
        },
        "contentReference": "#Observation:standardlabobscoded.referenceRange",
        "mapping": [
          {
            "identity": "v2",
            "map": "OBX.7"
          },
          {
            "identity": "rim",
            "map": "outboundRelationship[typeCode=REFV]/target[classCode=OBS, moodCode=EVN]"
          }
        ]
      }
    ]
  },
  "differential": {
    "element": [
      {
        "id": "Observation:standardlabobscoded",
        "path": "Observation",
        "name": "StandardLabObsCoded",
        "constraint": [
          {
            "key": "1",
            "severity": "error",
            "human": "Must have either a value or a dataAbsentReason but not both",
            "expression": "value xor dataAbsentReason",
            "xpath": "(f:value or f:dataAbsentReason) and (not(f:value and f:dataAbsentReason))"
          }
        ],
        "mustSupport": false,
        "isModifier": false,
        "isSummary": false
      },
      {
        "id": "Observation:standardlabobscoded.code",
        "path": "Observation.code",
        "mustSupport": false,
        "isModifier": false,
        "isSummary": false,
        "binding": {
          "strength": "preferred",
          "description": "The list of LOINC codes that are used for coded lab tests",
          "valueSetReference": {
            "reference": "ValueSet/CodedLabCodes"
          }
        }
      },
      {
        "id": "Observation:standardlabobscoded.valueCodeableConcept",
        "path": "Observation.valueCodeableConcept",
        "min": 0,
        "max": "1",
        "type": [
          {
            "code": "CodeableConcept",
            "profile": "http://hl7.org/fhir/StructureDefinition/CodeableConcept"
          }
        ],
        "mustSupport": false,
        "isModifier": false,
        "isSummary": false
      },
      {
        "id": "Observation:standardlabobscoded.dataAbsentReason",
        "path": "Observation.dataAbsentReason",
        "min": 0,
        "max": "1",
        "mustSupport": false,
        "isModifier": false,
        "isSummary": false,
        "binding": {
          "strength": "preferred",
          "description": "The list of reasons a lab value may be missing",
          "valueSetReference": {
            "reference": "ValueSet/LabNullFlavor"
          }
        }
      },
      {
        "id": "Observation:standardlabobscoded.interpretation",
        "path": "Observation.interpretation",
        "min": 0,
        "max": "1",
        "mustSupport": false,
        "isModifier": false,
        "isSummary": false,
        "binding": {
          "strength": "preferred",
          "description": "The set of codes that describe in what way a lab value is abnormal",
          "valueSetReference": {
            "reference": "ValueSet/abnInt-CodedNom"
          }
        }
      },
      {
        "id": "Observation:standardlabobscoded.referenceRange",
        "path": "Observation.referenceRange",
        "min": 1,
        "max": "1",
        "mustSupport": false,
        "isModifier": false,
        "isSummary": false
      },
      {
        "id": "Observation:standardlabobscoded.referenceRange.low",
        "path": "Observation.referenceRange.low",
        "min": 0,
        "max": "0",
        "mustSupport": false,
        "isModifier": false,
        "isSummary": false
      },
      {
        "id": "Observation:standardlabobscoded.referenceRange.high",
        "path": "Observation.referenceRange.high",
        "min": 0,
        "max": "0",
        "mustSupport": false,
        "isModifier": false,
        "isSummary": false
      },
      {
        "id": "Observation:standardlabobscoded.referenceRange.meaning",
        "path": "Observation.referenceRange.meaning",
        "min": 0,
        "max": "0",
        "mustSupport": false,
        "isModifier": false,
        "isSummary": false
      },
      {
        "id": "Observation:standardlabobscoded.referenceRange.age",
        "path": "Observation.referenceRange.age",
        "min": 0,
        "max": "0",
        "mustSupport": false,
        "isModifier": false,
        "isSummary": false
      },
      {
        "id": "Observation:standardlabobscoded.referenceRange.text",
        "path": "Observation.referenceRange.text",
        "min": 1,
        "max": "1",
        "mustSupport": false,
        "isModifier": false,
        "isSummary": false
      }
    ]
  }
}