{
  "resourceType": "ValueSet",
  "id": "respratemethoddevice",
  "meta": {
    "profile": [
      "http://hl7.org/fhir/StructureDefinition/valueset-shareable-definition"
    ]
  },
  "url": "http://fhir.org/guides/hspc/ValueSet/respratemethoddevice",
  "version": "0.01",
  "name": "HSPC Respiratory Rate Measurement Method/Device value set",
  "status": "draft",
  "publisher": "Health Services Platform Consortium (HSPC)",
  "date": "2015-06-09",
  "description": "Select SNOMED CT code system values.",
  "immutable": true,
  "copyright": "TBD",
  "extensible": true,
  "compose": {
    "include": [
      {
        "system": "http://snomed.info/sct",
        "concept": [
          {
            "code": "37931006",
            "display": "auscultation"
          },
          {
            "code": "32750006",
            "display": "visual observation"
          },
          {
            "code": "463698006",
            "display": "pneumograph"
          },
          {
            "code": "250863006",
            "display": "capnograph waveform"
          },
          {
            "code": "334990001",
            "display": "peak flow meter"
          },
          {
            "code": "17120007",
            "display": "biofeedback, strain gage"
          }
        ]
      }
    ]
  }
}