{
  "resourceType": "ValueSet",
  "id": "temperatureUOM",
  "meta": {
    "profile": [
      "http://hl7.org/fhir/StructureDefinition/valueset-shareable-definition"
    ]
  },
  "url": "http://fhir.org/guides/hspc/ValueSet/temperatureUOM",
  "name": "HSPC Temperature Units of Measure Value Set",
  "publisher": "HSPC",
  "contact": [
    {
      "telecom": [
        {
          "system": "other",
          "value": "http://healthcaresoa.org"
        }
      ]
    }
  ],
  "description": "The codes that describe the units of measure used for temperature.",
  "copyright": "This value set includes content from UCUM. Implementer use of UCUM is not covered by this agreement",
  "status": "draft",
  "compose": {
    "include": [
      {
        "system": "http://unitsofmeasure.org",
        "concept": [
          {
            "code": "[degF]",
            "display": "Fahrenheit"
          },
          {
            "code": "Cel",
            "display": "Celsius"
          }
        ]
      }
    ]
  }
}