{
  "resourceType": "ValueSet",
  "id": "reasonCancelled",
  "meta": {
    "profile": [
      "http://hl7.org/fhir/StructureDefinition/valueset-shareable-definition"
    ]
  },
  "url": "http://fhir.org/guides/hspc/ValueSet/reasonCancelled",
  "version": "0.01",
  "name": "HSPC Reason Cancelled value set.",
  "status": "draft",
  "publisher": "Health Services Platform Consortium (HSPC)",
  "date": "2015-08-06",
  "description": "Select HL7 Act Reason and SNOMED codes.",
  "immutable": true,
  "copyright": "TBD",
  "extensible": true,
  "compose": {
    "include": [
      {
        "system": "http://hl7.org/fhir/v3/ActReason",
        "concept": [
          {
            "code": "BLK",
            "display": "Unexpected Block (of Schedule)"
          },
          {
            "code": "DEC",
            "display": "Patient Deceased"
          },
          {
            "code": "FIN",
            "display": "No Financial Backing"
          },
          {
            "code": "MED",
            "display": "Medical Status Altered"
          },
          {
            "code": "ALTD",
            "display": "altered decision"
          },
          {
            "code": "PAT",
            "display": "Patient request"
          },
          {
            "code": "PHY",
            "display": "Physician request"
          }
        ]
      },
      {
        "system": "http://snomed.info/sct",
        "concept": [
          {
            "code": "89925002",
            "display": "Canceled (qualifier value)"
          },
          {
            "code": "385647007",
            "display": "Rejected by performer (qualifier value)"
          },
          {
            "code": "385648002",
            "display": "Rejected by recipient (qualifier value)"
          },
          {
            "code": "410528005",
            "display": "Not wanted (qualifier value)"
          },
          {
            "code": "410529002",
            "display": "Not needed (qualifier value)"
          },
          {
            "code": "410530007",
            "display": "Not offered (qualifier value)"
          },
          {
            "code": "441889009",
            "display": "Denied (qualifier value)"
          },
          {
            "code": "443390004",
            "display": "Refused (qualifier value)"
          },
          {
            "code": "609589008",
            "display": "Refused by parents of subject (qualifier value)"
          }
        ]
      }
    ]
  }
}