{
  "resourceType": "ValueSet",
  "id": "LabNullFlavor",
  "meta": {
    "profile": [
      "http://hl7.org/fhir/StructureDefinition/valueset-shareable-definition"
    ]
  },
  "url": "http://fhir.org/guides/hspc/ValueSet/LabNullFlavor",
  "version": "0.01",
  "name": "LabNullFlavor",
  "status": "draft",
  "publisher": "Intermountain Healthcare",
  "contact": [
    {
      "telecom": [
        {
          "system": "other",
          "value": "http://www.clinicaleleement.com"
        }
      ]
    }
  ],
  "date": "2014-06-25",
  "description": "A list of reasons why a lab result may have no value",
  "copyright": "IHC",
  "compose": {
    "include": [
      {
        "system": "http://ihc.org/fhir/Namespace/cks",
        "concept": [
          {
            "code": "49a7a867-503b-4e43-bf79-08af2ee332f0",
            "display": "Canceled per nurse"
          },
          {
            "code": "92320c47-f253-475c-ba8b-71ff331675ec",
            "display": "Canceled per physician"
          },
          {
            "code": "4bccaae4-c331-4137-836e-8f847a45589b",
            "display": "Cancelled"
          },
          {
            "code": "5b150233-f70f-410b-8472-5ad92c1bbd15",
            "display": "Cancelled on HIS"
          },
          {
            "code": "0727cc30-12bc-4584-889e-0af6df7d6c13",
            "display": "Color Interference"
          },
          {
            "code": "6269026c-e3bb-4d86-b1c3-a8298894304c",
            "display": "Contaminated"
          },
          {
            "code": "c02ed2a6-f895-4b02-9e17-e318641ba5eb",
            "display": "Duplicate request"
          },
          {
            "code": "1cb9d854-adc4-4944-8ece-c8f067562edc",
            "display": "Duplicate request, charges credited"
          },
          {
            "code": "42aa13ed-8d25-470a-90ac-9ff1e24c7753",
            "display": "Erroneous patient information provide by requestor, result does not belong to this patient, charge credited and requestor notified."
          },
          {
            "code": "fc454c3c-69c9-40be-a6e5-4eb3f47fbe78",
            "display": "Error in Entry"
          },
          {
            "code": "70c1c9c8-d114-48cb-a279-083e51a54314",
            "display": "Improper storage of specimen"
          },
          {
            "code": "a6c6ae50-0c81-4e42-ae17-b5f52b1b2654",
            "display": "Improper tube/specimen type"
          },
          {
            "code": "b08f262d-b576-4c95-92df-9d574f2b28e7",
            "display": "Information Not Available"
          },
          {
            "code": "52cab8b0-1410-45c1-b02e-f52984756667",
            "display": "Instrument Malfunction"
          },
          {
            "code": "25cb9668-8428-433c-b475-f668e2a2bef8",
            "display": "Interference. Test not resultable."
          },
          {
            "code": "52361403-d4bb-4ea4-bfcb-dd191bde9159",
            "display": "Keystroke Error"
          },
          {
            "code": "5460493d-1fe8-4e1d-bfb2-c8a12cfeeda9",
            "display": "Lab error, result does not belong to this patient, charge credited and requestor notified."
          },
          {
            "code": "39596a63-3008-403c-a4dc-67eef8a91617",
            "display": "Name discrepancy on specimen label"
          },
          {
            "code": "5395a867-1773-4578-8175-505e3ec75c23",
            "display": "No label on specimen"
          },
          {
            "code": "5b774082-f098-417d-ba16-c75216c3ce2a",
            "display": "No specimen"
          },
          {
            "code": "b81219c7-ae0a-43e9-ac36-0d9b541914c4",
            "display": "Not Applicable"
          },
          {
            "code": "NM",
            "display": "Not Measured"
          },
          {
            "code": "024a267e-fb28-4c01-099a-0da22388c49e",
            "display": "Not ordered"
          },
          {
            "code": "31127ea2-5a39-4d0a-9845-962caabab8bb",
            "display": "Order error"
          },
          {
            "code": "7f5ab90c-711d-4c1e-8c8e-a6945ece1ee0",
            "display": "Order error by requestor, wrong patient tested, charges credited."
          },
          {
            "code": "ce21c897-4b1e-4159-be58-97f985a32da7",
            "display": "Order error, charges credited."
          },
          {
            "code": "7f269821-bf7f-48ff-96e3-0abb4bf7aab4",
            "display": "Order error, wrong test performed, charges credited."
          },
          {
            "code": "c5673f76-3728-4e6c-8b9e-fe69b494fa72",
            "display": "Patient did not return for specimen collection"
          },
          {
            "code": "2711ca7e-8a6d-46ed-b1ee-97876ae5c37e",
            "display": "Patient discharged"
          },
          {
            "code": "f556ce34-315f-4be6-a57f-e6417f2bc31c",
            "display": "Patient Expired"
          },
          {
            "code": "df5468b8-a2c8-46aa-9fa9-00e4c9476f24",
            "display": "Patient refused procedure."
          },
          {
            "code": "a67b5327-a5b4-4ee5-b7c9-288fddee7426",
            "display": "Patient unable to collect urine specimen."
          },
          {
            "code": "f8d6d9e1-402f-4825-a1dc-0011d33285b9",
            "display": "QNS for spun microscopic"
          },
          {
            "code": "5678c6cc-5be3-4adb-a7c2-008719533e4b",
            "display": "Quantity not sufficient"
          },
          {
            "code": "afbc04fa-30d8-439b-b1de-052de5a22cee",
            "display": "Request credited"
          },
          {
            "code": "f01e186a-dde6-4c13-826b-a5d7705c48a9",
            "display": "Specimen clotted"
          },
          {
            "code": "ddcf4e3b-2570-4cd9-98a2-fbc624675217",
            "display": "Specimen does not appear to be adequate for requested assay"
          },
          {
            "code": "f8d2e84c-32ff-4edc-b5f8-731f66a68f3b",
            "display": "Specimen improperly collected"
          },
          {
            "code": "2fc27fb8-2e66-476c-9a98-10b2c2f4e0c9",
            "display": "Specimen lab was missing required information"
          },
          {
            "code": "bd4b099c-507e-4367-b68d-d5a463a074ab",
            "display": "Specimen leaked in transit. Request new sample."
          },
          {
            "code": "39a12ccf-53e3-45df-ad4e-10396b87f772",
            "display": "Specimen lost due to laboratory accident"
          },
          {
            "code": "1224ed73-7d5a-419f-0b05-08d49cede2f6",
            "display": "Specimen mislabeled"
          },
          {
            "code": "4e218713-c092-42d9-0aee-009a5cce8890",
            "display": "Specimen not collected"
          },
          {
            "code": "2ee7ef2a-f889-4277-b5d1-141f512ef75a",
            "display": "Specimen not received as of 1 month post order. Charges adjusted accordingly."
          },
          {
            "code": "6b493527-dec3-481d-8ec6-bff42c149233",
            "display": "Specimen not received in the lab"
          },
          {
            "code": "f2648f40-5892-4855-817f-2954d2b0569d",
            "display": "Specimen unacceptable; request new specimen"
          },
          {
            "code": "3dd4c625-3638-4a78-9196-cb432d70fe40",
            "display": "Specimen Unlabeled - Identification Questionable"
          },
          {
            "code": "de9fa7f6-6931-4866-ab33-2c713fb179b6",
            "display": "Specimen unsatisfactory"
          },
          {
            "code": "2bce731b-33f8-4f07-8eeb-f5f366c04036",
            "display": "Test not performed on formed stools"
          },
          {
            "code": "30a959fb-d5d0-47e0-8d16-dc3181a33baa",
            "display": "The specimen was not received at Intermountain Central Lab for testing. The sending site was notified."
          },
          {
            "code": "7be123d9-90b8-436a-9c4b-25ea89c29c37",
            "display": "Typical lab null flavor value"
          },
          {
            "code": "710d794f-ba1f-44c8-81cf-5d661a84428d",
            "display": "Unable to calculate"
          },
          {
            "code": "b34cb8af-0f9e-4ed9-0ab1-8028bd3a5b38",
            "display": "Unable to determine due to color interference"
          },
          {
            "code": "979df33f-64d0-4d9a-0a31-ecb3d3a33987",
            "display": "Unable to report"
          },
          {
            "code": "e8f610ba-29f9-48cf-89cd-8e53544b5890",
            "display": "Unable to report platelet count due to platelet clumping; platelets appear adequate on smear"
          },
          {
            "code": "1087ab09-9ca1-49d2-0840-0f8f875270d0",
            "display": "Unknown"
          },
          {
            "code": "cf14dea1-34a7-4bfe-b9e6-00711abd3336",
            "display": "Wrong exam ordered."
          },
          {
            "code": "71e55163-1cf8-4223-99fc-04c7ed16a16c",
            "display": "Wrong Patient"
          }
        ]
      }
    ]
  }
}