{
  "resourceType": "ValueSet",
  "id": "admissionSource",
  "meta": {
    "profile": [
      "http://hl7.org/fhir/StructureDefinition/valueset-shareable-definition"
    ]
  },
  "url": "http://fhir.org/guides/hspc/ValueSet/admissionSource",
  "version": "0.01",
  "name": "HSPC Admission Source value set",
  "status": "draft",
  "publisher": "Health Services Platform Consortium (HSPC)",
  "date": "2015-08-06",
  "description": "Select Intermountain Healthcare HDD code system values.",
  "immutable": true,
  "copyright": "Intermountain Healthcare",
  "extensible": true,
  "compose": {
    "include": [
      {
        "system": "http://fhir.org/guides/hspc/CodeSystem/admissionSource"
      }
    ]
  }
}