{
  "resourceType": "ValueSet",
  "id": "practitioner-telecomSystem",
  "meta": {
    "profile": [
      "http://hl7.org/fhir/StructureDefinition/valueset-shareable-definition"
    ]
  },
  "url": "http://fhir.org/guides/hspc/ValueSet/practitioner-telecomSystem",
  "name": "HSPC Telecom System",
  "status": "draft",
  "publisher": "HSPC",
  "contact": [
    {
      "telecom": [
        {
          "system": "other",
          "value": "http://healthcaresoa.org"
        }
      ]
    }
  ],
  "description": "A set of values that describe the type of system the telecom value belongs to.",
  "compose": {
    "include": [
      {
        "system": "http://hl7.org/fhir/practitioner-hspc-telecomSystem"
      }
    ]
  }
}