{
  "resourceType": "ValueSet",
  "id": "OrdinalLabCodes",
  "meta": {
    "profile": [
      "http://hl7.org/fhir/StructureDefinition/valueset-shareable-definition"
    ]
  },
  "url": "http://fhir.org/guides/hspc/ValueSet/OrdinalLabCodes",
  "name": "HSPC Ordinal Labs",
  "status": "draft",
  "publisher": "HSPC",
  "contact": [
    {
      "telecom": [
        {
          "system": "other",
          "value": "http://healthcaresoa.org"
        }
      ]
    }
  ],
  "date": "2015-02-20T13:44:49+11:00",
  "description": "Ordinal LOINC codes used in HSPC",
  "copyright": "This content LOINC® is copyright © 1995 Regenstrief Institute, Inc. and the LOINC Committee, and available at no cost under the license at http://loinc.org/terms-of-use",
  "compose": {
    "include": [
      {
        "system": "http://loinc.org",
        "concept": [
          {
            "code": "1004-1",
            "display": "Direct antiglobulin test.complement specific reagent [Presence] on Red Blood Cells"
          },
          {
            "code": "1007-4",
            "display": "Direct antiglobulin test.poly specific reagent [Presence] on Red Blood Cells"
          },
          {
            "code": "10374-7",
            "display": "Helmet cells [Presence] in Blood by Light microscopy"
          },
          {
            "code": "10378-8",
            "display": "Polychromasia [Presence] in Blood by Light microscopy"
          },
          {
            "code": "10380-4",
            "display": "Stomatocytes [Presence] in Blood by Light microscopy"
          },
          {
            "code": "10381-2",
            "display": "Target cells [Presence] in Blood by Light microscopy"
          },
          {
            "code": "10900-9",
            "display": "Hepatitis B virus surface Ab [Presence] in Serum by Immunoassay"
          },
          {
            "code": "11060-1",
            "display": "Reducing substances [Presence] in Stool"
          },
          {
            "code": "11259-9",
            "display": "Hepatitis C virus RNA [Presence] in Serum or Plasma by Probe and target amplification method|Hepatitis C virus RNA [Presence] in Serum or Plasma by Probe and target amplification method"
          },
          {
            "code": "11281-3",
            "display": "Auer rods [Presence] in Blood by Light microscopy"
          },
          {
            "code": "11483-5",
            "display": "Varicella zoster virus DNA [Presence] in Unspecified specimen by Probe and target amplification method|Varicella zoster virus DNA [Presence] in Unspecified specimen by Probe and target amplification method"
          },
          {
            "code": "12239-0",
            "display": "Oligosaccharides [Presence] in Urine"
          },
          {
            "code": "12454-5",
            "display": "Urate crystals amorphous [Presence] in Urine sediment by Light microscopy"
          },
          {
            "code": "12598-9",
            "display": "Fat.neutral [Presence] in Stool"
          },
          {
            "code": "12853-8",
            "display": "Purkinje cells Ab [Presence] in Serum by Immunoblot (IB)"
          },
          {
            "code": "13248-0",
            "display": "Hepatitis D virus Ab [Presence] in Serum"
          },
          {
            "code": "13532-7",
            "display": "Xanthochromia [Presence] of Cerebral spinal fluid|Xanthochromia of Cerebral spinal fluid Qualitative"
          },
          {
            "code": "13533-5",
            "display": "Acid hemolysis [Presence] of Blood"
          },
          {
            "code": "13578-0",
            "display": "Promazine [Presence] in Serum or Plasma"
          },
          {
            "code": "13655-6",
            "display": "Leukocytes [Presence] in Stool by Light microscopy"
          },
          {
            "code": "13931-1",
            "display": "Striated muscle Ab [Presence] in Serum"
          },
          {
            "code": "13949-3",
            "display": "Cytomegalovirus IgG Ab [Presence] in Serum by Immunoassay"
          },
          {
            "code": "13950-1",
            "display": "Hepatitis A virus IgM Ab [Presence] in Serum by Immunoassay|Hepatitis A virus IgM Ab [Presence] in Serum or Plasma by Immunoassay"
          },
          {
            "code": "13951-9",
            "display": "Hepatitis A virus Ab [Presence] in Serum by Immunoassay"
          },
          {
            "code": "13952-7",
            "display": "Hepatitis B virus core Ab [Presence] in Serum by Immunoassay|Hepatitis B virus core Ab [Presence] in Serum or Plasma by Immunoassay"
          },
          {
            "code": "13953-5",
            "display": "Hepatitis B virus e Ab [Presence] in Serum by Immunoassay"
          },
          {
            "code": "14249-7",
            "display": "Purkinje cells Ab [Presence] in Serum by Immunofluorescence"
          },
          {
            "code": "14273-7",
            "display": "Reticulin IgA Ab [Presence] in Serum"
          },
          {
            "code": "14564-9",
            "display": "Hemoglobin.gastrointestinal [Presence] in Stool --2nd specimen"
          },
          {
            "code": "14565-6",
            "display": "Hemoglobin.gastrointestinal [Presence] in Stool --3rd specimen"
          },
          {
            "code": "15151-4",
            "display": "Aspergillus fumigatus 3 Ab [Presence] in Serum by Immune diffusion (ID)"
          },
          {
            "code": "15179-5",
            "display": "Fibrin D-dimer [Presence] in Platelet poor plasma"
          },
          {
            "code": "16128-1",
            "display": "Hepatitis C virus Ab [Presence] in Serum"
          },
          {
            "code": "16369-1",
            "display": "Amphetamines [Presence] in Urine by Confirmatory method"
          },
          {
            "code": "16933-4",
            "display": "Hepatitis B virus core Ab [Presence] in Serum"
          },
          {
            "code": "16942-5",
            "display": "Herpes simplex virus Ab [Presence] in Serum by Immunoblot (IB)"
          },
          {
            "code": "16955-7",
            "display": "Herpes simplex virus 2 IgG Ab [Presence] in Serum by Immunoblot (IB)"
          },
          {
            "code": "17257-7",
            "display": "Mesothelial cells [Presence] in Body fluid by Light microscopy"
          },
          {
            "code": "17726-1",
            "display": "Treponema pallidum IgG Ab [Presence] in Serum by Immunofluorescence"
          },
          {
            "code": "17783-2",
            "display": "Hemosiderin [Presence] in Urine by Light microscopy"
          },
          {
            "code": "17850-9",
            "display": "Herpes simplex virus 1 IgG Ab [Presence] in Serum"
          },
          {
            "code": "18282-4",
            "display": "Cannabinoids [Presence] in Urine by Screen method"
          },
          {
            "code": "18311-1",
            "display": "Pelger Huet cells [Presence] in Blood by Light microscopy"
          },
          {
            "code": "18312-9",
            "display": "Platelet satellitism [Presence] in Blood by Light microscopy"
          },
          {
            "code": "18390-5",
            "display": "Opiates [Presence] in Urine by Confirmatory method"
          },
          {
            "code": "18481-2",
            "display": "Streptococcus pyogenes Ag [Presence] in Throat"
          },
          {
            "code": "19162-7",
            "display": "Varicella zoster virus IgG Ab [Presence] in Serum"
          },
          {
            "code": "19252-6",
            "display": "Megakaryocytes/100 leukocytes in Blood"
          },
          {
            "code": "1928-1",
            "display": "Immunoglobulin light chains [Presence] in Urine"
          },
          {
            "code": "19429-0",
            "display": "Propoxyphene [Presence] in Urine by Screen method"
          },
          {
            "code": "19554-5",
            "display": "Methamphetamine [Presence] in Urine by Screen method"
          },
          {
            "code": "1977-8",
            "display": "Bilirubin [Presence] in Urine|Bilirubin.total [Presence] in Urine"
          },
          {
            "code": "20404-0",
            "display": "Fibronectin.fetal [Presence] in Vaginal fluid"
          },
          {
            "code": "20411-5",
            "display": "Barbiturates [Mass/volume] in Urine by Confirmatory method"
          },
          {
            "code": "20421-4",
            "display": "Barbiturates [Presence] in Serum or Plasma by Screen method"
          },
          {
            "code": "20507-0",
            "display": "Reagin Ab [Presence] in Serum by RPR"
          },
          {
            "code": "2106-3",
            "display": "Choriogonadotropin (pregnancy test) [Presence] in Urine"
          },
          {
            "code": "2118-8",
            "display": "Choriogonadotropin (pregnancy test) [Presence] in Serum or Plasma"
          },
          {
            "code": "21233-2",
            "display": "Cryptosporidium sp Ag [Presence] in Stool"
          },
          {
            "code": "21348-8",
            "display": "HTLV 1+2 IgG Ab [Presence] in Serum by Immunoassay"
          },
          {
            "code": "21518-6",
            "display": "SCL-70 extractable nuclear IgG Ab [Presence] in Serum"
          },
          {
            "code": "21523-6",
            "display": "Smith extractable nuclear IgG Ab [Presence] in Serum"
          },
          {
            "code": "21560-8",
            "display": "Thermoactinomyces candidus Ab [Presence] in Serum"
          },
          {
            "code": "21561-6",
            "display": "Thermoactinomyces sacchari Ab [Presence] in Serum"
          },
          {
            "code": "21695-2",
            "display": "HFE gene p.C282Y [Presence] in Blood or Tissue by Molecular genetics method"
          },
          {
            "code": "21696-0",
            "display": "HFE gene p.H63D [Presence] in Blood or Tissue by Molecular genetics method"
          },
          {
            "code": "21747-1",
            "display": "HC gene rearrangements [Presence] in Blood or Tissue by Molecular genetics method"
          },
          {
            "code": "21753-9",
            "display": "TCRG gene rearrangements [Presence] in Blood or Tissue by Molecular genetics method"
          },
          {
            "code": "22239-8",
            "display": "Cytomegalovirus Ab [Presence] in Serum"
          },
          {
            "code": "22295-0",
            "display": "Epstein Barr virus early IgG Ab [Presence] in Serum"
          },
          {
            "code": "22310-7",
            "display": "Helicobacter pylori Ab [Presence] in Serum"
          },
          {
            "code": "22362-8",
            "display": "HTLV 1+2 Ab [Presence] in Serum"
          },
          {
            "code": "22415-4",
            "display": "Mumps virus IgG Ab [Presence] in Serum"
          },
          {
            "code": "22566-4",
            "display": "Streptococcus pyogenes enzyme Ab [Presence] in Serum"
          },
          {
            "code": "22572-2",
            "display": "Saccharomonospora viridis Ab [Presence] in Serum"
          },
          {
            "code": "2334-1",
            "display": "Hemoglobin.gastrointestinal [Presence] in Gastric fluid"
          },
          {
            "code": "2335-8",
            "display": "Hemoglobin.gastrointestinal [Presence] in Stool"
          },
          {
            "code": "2349-9",
            "display": "Glucose [Presence] in Urine"
          },
          {
            "code": "2350-7",
            "display": "Glucose [Mass/volume] in Urine"
          },
          {
            "code": "23785-9",
            "display": "Trypanosoma cruzi Ab [Presence] in Serum"
          },
          {
            "code": "23820-4",
            "display": "Aspergillus flavus Ab [Presence] in Serum by Immune diffusion (ID)"
          },
          {
            "code": "23826-1",
            "display": "Bordetella pertussis DNA [Presence] in Unspecified specimen by Probe and target amplification method|Bordetella pertussis DNA [Presence] in Unspecified specimen by Probe and target amplification method"
          },
          {
            "code": "23867-5",
            "display": "Hantavirus sin nombre IgG Ab [Titer] in Serum"
          },
          {
            "code": "23868-3",
            "display": "Hantavirus sin nombre IgM Ab [Titer] in Serum"
          },
          {
            "code": "23929-3",
            "display": "Ribonucleoprotein extractable nuclear IgG Ab [Presence] in Serum"
          },
          {
            "code": "23980-6",
            "display": "Borrelia burgdorferi IgG Ab [Presence] in Body fluid by Immunoblot (IB)"
          },
          {
            "code": "23982-2",
            "display": "Borrelia burgdorferi IgM Ab [Presence] in Body fluid by Immunoblot (IB)"
          },
          {
            "code": "24015-0",
            "display": "Influenza virus A+B Ag [Presence] in Unspecified specimen"
          },
          {
            "code": "24027-5",
            "display": "Streptococcus pneumoniae Ag [Presence] in Urine"
          },
          {
            "code": "24111-7",
            "display": "Neisseria gonorrhoeae DNA [Presence] in Unspecified specimen by Probe and target amplification method|Neisseria gonorrhoeae DNA [Presence] in Unspecified specimen by Probe and target amplification method"
          },
          {
            "code": "24113-3",
            "display": "Hepatitis B virus core IgM Ab [Presence] in Serum by Immunoassay|Hepatitis B virus core IgM Ab [Presence] in Serum or Plasma by Immunoassay"
          },
          {
            "code": "24114-1",
            "display": "Epstein Barr virus capsid IgG Ab [Presence] in Serum by Immunoassay"
          },
          {
            "code": "24115-8",
            "display": "Epstein Barr virus capsid IgM Ab [Presence] in Serum by Immunoassay"
          },
          {
            "code": "24119-0",
            "display": "Cytomegalovirus IgM Ab [Presence] in Serum by Immunoassay"
          },
          {
            "code": "24312-1",
            "display": "Treponema pallidum Ab [Presence] in Serum by Agglutination"
          },
          {
            "code": "2432-3",
            "display": "Homogentisate [Presence] in Urine"
          },
          {
            "code": "2474-5",
            "display": "Indicans [Presence] in Urine"
          },
          {
            "code": "2514-8",
            "display": "Ketones [Presence] in Urine by Test strip"
          },
          {
            "code": "25514-1",
            "display": "Rubella virus IgG Ab [Presence] in Serum"
          },
          {
            "code": "2606-2",
            "display": "Melanin [Presence] in Urine"
          },
          {
            "code": "26620-5",
            "display": "Hantavirus IgG Ab [Presence] in Serum"
          },
          {
            "code": "26960-5",
            "display": "Trypsin [Presence] in Stool"
          },
          {
            "code": "27270-8",
            "display": "4-Hydroxyphenylacetate [Presence] in Urine"
          },
          {
            "code": "27420-9",
            "display": "Phosphatidylglycerol [Units/volume] in Amniotic fluid"
          },
          {
            "code": "2761-5",
            "display": "Phenylketones [Presence] in Blood"
          },
          {
            "code": "28005-7",
            "display": "MTHFR gene p.C677T [Presence] in Blood or Tissue by Molecular genetics method|MTHFR gene c.677C>T [Presence] in Blood or Tissue by Molecular genetics method"
          },
          {
            "code": "28060-2",
            "display": "MTHFR gene p.A1298C [Presence] in Blood or Tissue by Molecular genetics method|MTHFR gene c.1298A>C [Presence] in Blood or Tissue by Molecular genetics method"
          },
          {
            "code": "28067-7",
            "display": "Hemoglobin F [Presence] in Amniotic fluid"
          },
          {
            "code": "2887-8",
            "display": "Protein [Presence] in Urine"
          },
          {
            "code": "29257-3",
            "display": "Mycoplasma pneumoniae DNA [Presence] in Unspecified specimen by Probe and target amplification method|Mycoplasma pneumoniae DNA [Presence] in Unspecified specimen by Probe and target amplification method"
          },
          {
            "code": "29495-9",
            "display": "Herpes virus 6 DNA [Presence] in Unspecified specimen by Probe and target amplification method|Herpes virus 6 DNA [Presence] in Unspecified specimen by Probe and target amplification method"
          },
          {
            "code": "29497-5",
            "display": "Platelet associated IgG Ab [Presence] in Blood by Flow cytometry (FC)"
          },
          {
            "code": "29498-3",
            "display": "Platelet associated IgM Ab [Presence] in Blood by Flow cytometry (FC)"
          },
          {
            "code": "29591-5",
            "display": "Enterovirus RNA [Presence] in Unspecified specimen by Probe and target amplification method|Enterovirus RNA [Presence] in Unspecified specimen by Probe and target amplification method"
          },
          {
            "code": "29610-3",
            "display": "Hepatitis B virus DNA [Presence] in Serum or Plasma by Probe and target amplification method|Hepatitis B virus DNA [Presence] in Serum or Plasma by Probe and target amplification method"
          },
          {
            "code": "29672-3",
            "display": "Bordetella pertussis IgA Ab [Presence] in Serum"
          },
          {
            "code": "29673-1",
            "display": "Bordetella pertussis IgM Ab [Presence] in Serum"
          },
          {
            "code": "29674-9",
            "display": "Bordetella pertussis IgG Ab [Presence] in Serum"
          },
          {
            "code": "29723-4",
            "display": "Bordetella parapertussis DNA [Presence] in Unspecified specimen by Probe and target amplification method|Bordetella parapertussis DNA [Presence] in Unspecified specimen by Probe and target amplification method"
          },
          {
            "code": "29771-3",
            "display": "Hemoglobin.gastrointestinal [Presence] in Stool by Immunologic method"
          },
          {
            "code": "29778-8",
            "display": "West Nile virus IgM Ab [Presence] in Unspecified specimen by Immunoassay"
          },
          {
            "code": "29891-9",
            "display": "Helicobacter pylori [Presence] in Stomach by urea breath test"
          },
          {
            "code": "29899-2",
            "display": "Gamma globulin [Presence] in 24 hour Urine"
          },
          {
            "code": "29901-6",
            "display": "HTLV 1+2 Ab [Presence] in Serum by Immunoassay"
          },
          {
            "code": "29908-1",
            "display": "Parainfluenza virus 1 RNA [Presence] in Unspecified specimen by Probe and target amplification method|Parainfluenza virus 1 RNA [Presence] in Unspecified specimen by Probe and target amplification method"
          },
          {
            "code": "29909-9",
            "display": "Parainfluenza virus 2 RNA [Presence] in Unspecified specimen by Probe and target amplification method|Parainfluenza virus 2 RNA [Presence] in Unspecified specimen by Probe and target amplification method"
          },
          {
            "code": "29910-7",
            "display": "Parainfluenza virus 3 RNA [Presence] in Unspecified specimen by Probe and target amplification method|Parainfluenza virus 3 RNA [Presence] in Unspecified specimen by Probe and target amplification method"
          },
          {
            "code": "29945-3",
            "display": "Alpha 1 globulin [Presence] in 24 hour Urine by Electrophoresis"
          },
          {
            "code": "29947-9",
            "display": "Alpha 2 globulin [Presence] in 24 hour Urine by Electrophoresis"
          },
          {
            "code": "29950-3",
            "display": "Nuclear IgG Ab [Presence] in Serum by Immunoassay"
          },
          {
            "code": "29951-1",
            "display": "Beta globulin [Presence] in 24 hour Urine"
          },
          {
            "code": "29990-9",
            "display": "Spermatozoa [Presence] in Semen by Light microscopy --post vasectomy"
          },
          {
            "code": "29994-1",
            "display": "Basement membrane IgG Ab [Presence] in Serum by Immunofluorescence"
          },
          {
            "code": "29995-8",
            "display": "Basement membrane IgA Ab [Presence] in Serum by Immunofluorescence"
          },
          {
            "code": "30036-8",
            "display": "Aspergillus fumigatus 2 Ab [Presence] in Serum by Immune diffusion (ID)"
          },
          {
            "code": "30167-1",
            "display": "Human papilloma virus 16+18+31+33+35+39+45+51+52+56+58+59+68 DNA [Presence] in Cervix by Probe and signal amplification method|Human papilloma virus 16+18+31+33+35+39+45+51+52+56+58+59+68 DNA [Presence] in Cervix by Probe and signal amplification method"
          },
          {
            "code": "30219-0",
            "display": "Coxsackievirus A9 Ab [Presence] in Serum"
          },
          {
            "code": "30246-3",
            "display": "Cytomegalovirus DNA [Presence] in Serum or Plasma by Probe and target amplification method|Cytomegalovirus DNA [Presence] in Serum or Plasma by Probe and target amplification method"
          },
          {
            "code": "30361-0",
            "display": "HIV 2 Ab [Presence] in Serum by Immunoassay"
          },
          {
            "code": "30557-3",
            "display": "Smooth muscle IgG Ab [Presence] in Serum"
          },
          {
            "code": "30577-1",
            "display": "2-methyl,3-hydroxybutyrate (C5-OH) [Presence] in Urine"
          },
          {
            "code": "31153-0",
            "display": "Coccidioides sp Ab [Presence] in Unspecified specimen by Immune diffusion (ID)"
          },
          {
            "code": "31201-7",
            "display": "HIV 1+2 Ab [Presence] in Serum by Immunoassay|HIV 1+2 Ab [Presence] in Serum or Plasma by Immunoassay"
          },
          {
            "code": "31539-0",
            "display": "Neuronal nuclear type 2 Ab [Presence] in Serum"
          },
          {
            "code": "31545-7",
            "display": "Nuclear IgG Ab [Presence] in Serum"
          },
          {
            "code": "31588-7",
            "display": "Ribonucleoprotein extractable nuclear IgG Ab [Units/volume] in Serum"
          },
          {
            "code": "31625-7",
            "display": "Sjogrens syndrome-A extractable nuclear IgG Ab [Presence] in Serum"
          },
          {
            "code": "31626-5",
            "display": "Sjogrens syndrome-B extractable nuclear IgG Ab [Presence] in Serum"
          },
          {
            "code": "31627-3",
            "display": "Smith extractable nuclear Ab [Presence] in Serum"
          },
          {
            "code": "31788-3",
            "display": "Cryptococcus sp Ag [Presence] in Cerebral spinal fluid"
          },
          {
            "code": "31843-6",
            "display": "Helicobacter pylori Ag [Presence] in Stool"
          },
          {
            "code": "31859-2",
            "display": "Influenza virus A Ag [Presence] in Unspecified specimen"
          },
          {
            "code": "31864-2",
            "display": "Influenza virus B Ag [Presence] in Unspecified specimen"
          },
          {
            "code": "31969-9",
            "display": "Streptococcus pneumoniae Ag [Presence] in Unspecified specimen"
          },
          {
            "code": "32131-5",
            "display": "Hantavirus IgM Ab [Presence] in Serum"
          },
          {
            "code": "32356-8",
            "display": "Yeast [Presence] in Urine sediment by Light microscopy"
          },
          {
            "code": "32358-4",
            "display": "Protein fractions.oligoclonal bands [Presence] in Cerebral spinal fluid"
          },
          {
            "code": "3241-7",
            "display": "Coagulation factor XIII coagulum dissolution at 24H [Presence] in Platelet poor plasma by Coagulation assay|Coagulation factor XIII coagulum dissolution at 24 hours [Presence] in Platelet poor plasma by Coagulation assay"
          },
          {
            "code": "32637-1",
            "display": "Urease [Presence] in Tissue"
          },
          {
            "code": "32765-0",
            "display": "Yeast [Presence] in Unspecified specimen by Wet preparation"
          },
          {
            "code": "32789-0",
            "display": "Viscosity of Semen Qualitative"
          },
          {
            "code": "33031-6",
            "display": "Sodium urate crystals [#/area] in Urine sediment by Microscopy low power field"
          },
          {
            "code": "33032-4",
            "display": "Spermatozoa Progressive [Presence] in Semen"
          },
          {
            "code": "33291-6",
            "display": "Herpes simplex virus 1 IgG Ab [Presence] in Serum by Immunoblot (IB)"
          },
          {
            "code": "33422-7",
            "display": "Amphiphysin Ab [Presence] in Serum"
          },
          {
            "code": "3349-8",
            "display": "Amphetamines [Presence] in Urine"
          },
          {
            "code": "33615-6",
            "display": "Neuronal nuclear type 1 Ab [Presence] in Serum"
          },
          {
            "code": "3376-1",
            "display": "Barbiturates [Presence] in Serum, Plasma or Blood"
          },
          {
            "code": "3377-9",
            "display": "Barbiturates [Presence] in Urine"
          },
          {
            "code": "33861-6",
            "display": "Starch granules [Presence] in Urine sediment by Light microscopy"
          },
          {
            "code": "3390-2",
            "display": "Benzodiazepines [Presence] in Urine"
          },
          {
            "code": "33923-4",
            "display": "Hemosiderin [Presence] in Unspecified specimen"
          },
          {
            "code": "33930-9",
            "display": "Lupus anticoagulant neutralization hexagonal phase phospholipid [Presence] in Platelet poor plasma|aPTT W excess hexagonal phospholipid (StaClot LA confirm)"
          },
          {
            "code": "3414-0",
            "display": "Buprenorphine [Presence] in Urine"
          },
          {
            "code": "34469-7",
            "display": "Leukocytes [Presence] in Bile fluid by Light microscopy"
          },
          {
            "code": "34470-5",
            "display": "Giardia lamblia Ag [Presence] in Bile fluid"
          },
          {
            "code": "34471-3",
            "display": "Calcium bilirubinate crystals [Presence] in Bile fluid by Light microscopy"
          },
          {
            "code": "34472-1",
            "display": "Cholesterol crystals [Presence] in Bile fluid by Light microscopy"
          },
          {
            "code": "34473-9",
            "display": "Neutrophils.vacuolated+Segmented [Presence] in Blood"
          },
          {
            "code": "34487-9",
            "display": "Influenza virus A RNA [Presence] in Unspecified specimen by Probe and target amplification method|Influenza virus A RNA [Presence] in Unspecified specimen by Probe and target amplification method"
          },
          {
            "code": "34701-3",
            "display": "Ab [Presence] in Serum|Platelet Ab.heparin induced [Presence] in Serum|Heparin induced platelet Ab [Presence] in Serum"
          },
          {
            "code": "34706-2",
            "display": "CFTR gene p.3199 del6 [Presence] in Blood or Tissue by Molecular genetics method|CFTR gene c.3199del6 [Presence] in Blood or Tissue by Molecular genetics method"
          },
          {
            "code": "34713-8",
            "display": "Clostridium difficile toxin A+B [Presence] in Stool"
          },
          {
            "code": "34729-4",
            "display": "CFTR gene p.R117H+5T variant [Presence] in Blood or Tissue by Molecular genetics method"
          },
          {
            "code": "34892-0",
            "display": "West Nile virus RNA [Presence] in Unspecified specimen by Probe and target amplification method|West Nile virus RNA [Presence] in Unspecified specimen by Probe and target amplification method"
          },
          {
            "code": "35270-8",
            "display": "Candida sp Ab [Presence] in Serum by Immune diffusion (ID)"
          },
          {
            "code": "35271-6",
            "display": "Candida sp Ag [Presence] in Serum by Latex agglutination"
          },
          {
            "code": "35272-4",
            "display": "Centromere IgG Ab [Presence] in Serum"
          },
          {
            "code": "35277-3",
            "display": "Myocardium IgG Ab [Presence] in Serum"
          },
          {
            "code": "35284-9",
            "display": "Histone IgG Ab [Presence] in Serum"
          },
          {
            "code": "35471-2",
            "display": "HLA Ab [Presence]"
          },
          {
            "code": "35492-8",
            "display": "Methicillin resistant Staphylococcus aureus (MRSA) DNA [Presence] by Probe and target amplification method|Methicillin resistant Staphylococcus aureus (MRSA) DNA [Presence] by Probe and target amplification method"
          },
          {
            "code": "35503-2",
            "display": "Arterial patency Wrist artery --pre arterial puncture"
          },
          {
            "code": "35729-3",
            "display": "Chlamydia sp DNA [Presence] in Unspecified specimen by Probe and target amplification method|Chlamydia sp DNA [Presence] in Unspecified specimen by Probe and target amplification method"
          },
          {
            "code": "3773-9",
            "display": "Methadone [Presence] in Urine"
          },
          {
            "code": "38380-2",
            "display": "HFE gene p.S65C [Presence] in Blood or Tissue by Molecular genetics method"
          },
          {
            "code": "3879-4",
            "display": "Opiates [Presence] in Urine"
          },
          {
            "code": "38917-1",
            "display": "Human metapneumovirus RNA [Presence] in Unspecified specimen by Probe and target amplification method|Human metapneumovirus RNA [Presence] in Unspecified specimen by Probe and target amplification method"
          },
          {
            "code": "3936-2",
            "display": "Phencyclidine [Presence] in Urine"
          },
          {
            "code": "39528-5",
            "display": "Adenovirus DNA [Presence] in Unspecified specimen by Probe and target amplification method|Adenovirus DNA [Presence] in Unspecified specimen by Probe and target amplification method"
          },
          {
            "code": "4027-9",
            "display": "Secobarbital [Presence] in Serum or Plasma"
          },
          {
            "code": "40473-1",
            "display": "Thermoactinomyces vulgaris 1 Ab [Presence] in Serum"
          },
          {
            "code": "40703-1",
            "display": "Lactoferrin [Presence] in Stool by Immunoassay"
          },
          {
            "code": "40729-6",
            "display": "Herpes simplex virus IgM Ab [Presence] in Serum by Immunoassay"
          },
          {
            "code": "4073-3",
            "display": "Tricyclic antidepressants [Presence] in Serum or Plasma"
          },
          {
            "code": "4093-1",
            "display": "Verapamil [Presence] in Serum or Plasma"
          },
          {
            "code": "40982-1",
            "display": "Influenza virus B RNA [Presence] in Unspecified specimen by Probe and target amplification method|Influenza virus B RNA [Presence] in Unspecified specimen by Probe and target amplification method"
          },
          {
            "code": "40988-8",
            "display": "Respiratory syncytial virus RNA [Presence] in Unspecified specimen by Probe and target amplification method|Respiratory syncytial virus RNA [Presence] in Unspecified specimen by Probe and target amplification method"
          },
          {
            "code": "40991-2",
            "display": "Rhinovirus+Enterovirus RNA [Presence] in Unspecified specimen by Probe and target amplification method|Rhinovirus+Enterovirus RNA [Presence] in Unspecified specimen by Probe and target amplification method"
          },
          {
            "code": "41005-0",
            "display": "Human coronavirus NL63 RNA [Presence] in Unspecified specimen by Probe and target amplification method|Human coronavirus NL63 RNA [Presence] in Unspecified specimen by Probe and target amplification method"
          },
          {
            "code": "41010-0",
            "display": "Parainfluenza virus 4 RNA [Presence] in Unspecified specimen by Probe and target amplification method|Parainfluenza virus 4 RNA [Presence] in Unspecified specimen by Probe and target amplification method"
          },
          {
            "code": "41400-3",
            "display": "Yersinia sp IgA Ab [Presence] in Serum by Immunoblot (IB)"
          },
          {
            "code": "41401-1",
            "display": "Yersinia sp IgG Ab [Presence] in Serum by Immunoblot (IB)"
          },
          {
            "code": "42241-0",
            "display": "Cocaine+Benzoylecgonine [Presence] in Urine by Screen method"
          },
          {
            "code": "42481-2",
            "display": "Human papilloma virus 6+11+42+43+44 DNA [Presence] in Cervix by Probe and signal amplification method|Human papilloma virus 6+11+42+43+44 DNA [Presence] in Cervix by Probe and signal amplification method"
          },
          {
            "code": "42714-6",
            "display": "t(9,22)(ABL1,BCR) p210 Translocation [Presence] in Blood or Tissue by Molecular genetics method|t(9;22)(q34.1;q11)(ABL1,BCR) b2a2+b3a2 fusion transcript [Presence] in Blood or Tissue by Molecular genetics method"
          },
          {
            "code": "42938-1",
            "display": "CFTR gene allele 1 [Presence] in Blood or Tissue by Molecular genetics method"
          },
          {
            "code": "42939-9",
            "display": "CFTR gene allele 2 [Presence] in Blood or Tissue by Molecular genetics method"
          },
          {
            "code": "43249-2",
            "display": "X ray dye crystals [Presence] in Urine sediment by Light microscopy"
          },
          {
            "code": "43399-5",
            "display": "JAK2 gene p.V617F [Presence] in Blood or Tissue by Molecular genetics method"
          },
          {
            "code": "43597-4",
            "display": "Inner Ear 68kD Ab [Presence] in Serum or Plasma by Immunoblot (IB)"
          },
          {
            "code": "44099-0",
            "display": "Galactomannan Ag [Presence] in Serum or Plasma by Immunoassay"
          },
          {
            "code": "44332-5",
            "display": "Jo-1 extractable nuclear IgG Ab [Presence] in Serum"
          },
          {
            "code": "44754-0",
            "display": "Hepatitis D virus Ag [Presence] in Serum by Immunoassay"
          },
          {
            "code": "44877-9",
            "display": "Insulin dependent diabetes mellitus [Presence]"
          },
          {
            "code": "44938-9",
            "display": "Hepatitis D virus IgM Ab [Presence] in Serum by Immunoassay"
          },
          {
            "code": "45153-4",
            "display": "HLA Ab in Serum"
          },
          {
            "code": "4579-9",
            "display": "Hemoglobin F [Presence] in Blood"
          },
          {
            "code": "4631-8",
            "display": "Hemoglobin F [Presence] in Stool by Apt-Downey method"
          },
          {
            "code": "4639-1",
            "display": "Unstable Hemoglobin [Presence] in Red Blood Cells"
          },
          {
            "code": "46740-7",
            "display": "Hemoglobin disorders newborn screen interpretation"
          },
          {
            "code": "46771-2",
            "display": "Classical galactosemia newborn screen interpretation"
          },
          {
            "code": "47238-1",
            "display": "Treponema pallidum IgG Ab [Presence] in Serum by Immunoassay"
          },
          {
            "code": "47251-4",
            "display": "BK virus DNA [Presence] in Unspecified specimen by Probe and target amplification method|BK virus DNA [Presence] in Unspecified specimen by Probe and target amplification method"
          },
          {
            "code": "49524-2",
            "display": "Influenza virus A H3 RNA [Presence] in Unspecified specimen by Probe and target amplification method|Influenza virus A H3 RNA [Presence] in Unspecified specimen by Probe and target amplification method"
          },
          {
            "code": "49541-6",
            "display": "Fasting status [Presence] - Reported|Fasting status - Reported"
          },
          {
            "code": "49795-8",
            "display": "t(9,22)(ABL1,BCR) p190 Translocation [Presence] in Blood or Tissue by Molecular genetics method|t(9;22)(q34.1;q11)(ABL1,BCR) e1a2 fusion transcript [Presence] in Blood or Tissue by Molecular genetics method"
          },
          {
            "code": "5000-5",
            "display": "Cytomegalovirus DNA [Presence] in Unspecified specimen by Probe and target amplification method|Cytomegalovirus DNA [Presence] in Unspecified specimen by Probe and target amplification method"
          },
          {
            "code": "5005-4",
            "display": "Epstein Barr virus DNA [Presence] in Unspecified specimen by Probe and target amplification method|Epstein Barr virus DNA [Presence] in Unspecified specimen by Probe and target amplification method"
          },
          {
            "code": "5010-4",
            "display": "Hepatitis C virus RNA [Presence] in Blood by Probe and target amplification method|Hepatitis C virus RNA [Presence] in Blood by Probe and target amplification method"
          },
          {
            "code": "5014-6",
            "display": "Herpes simplex virus DNA [Presence] in Unspecified specimen by Probe and target amplification method|Herpes simplex virus DNA [Presence] in Unspecified specimen by Probe and target amplification method"
          },
          {
            "code": "5018-7",
            "display": "HIV 1 RNA [Presence] in Unspecified specimen by Probe and target amplification method|HIV 1 RNA [Presence] in Unspecified specimen by Probe and target amplification method"
          },
          {
            "code": "5020-3",
            "display": "Legionella sp rRNA [Presence] in Unspecified specimen by DNA probe"
          },
          {
            "code": "5028-6",
            "display": "Neisseria gonorrhoeae rRNA [Presence] in Unspecified specimen by DNA probe"
          },
          {
            "code": "50322-7",
            "display": "MLH-1 Ag [Presence] in Tissue by Immune stain"
          },
          {
            "code": "50323-5",
            "display": "MSH-2 Ag [Presence] in Tissue by Immune stain"
          },
          {
            "code": "50324-3",
            "display": "MSH-6 Ag [Presence] in Tissue by Immune stain"
          },
          {
            "code": "50328-4",
            "display": "PMS-2 Ag [Presence] in Tissue by Immune stain"
          },
          {
            "code": "50385-4",
            "display": "Alpha-1-Microglobulin.placental [Presence] in Vaginal fluid"
          },
          {
            "code": "5052-6",
            "display": "Aspergillus sp Ab [Presence] in Serum by Immune diffusion (ID)"
          },
          {
            "code": "5058-3",
            "display": "Blastomyces dermatitidis Ab [Presence] in Serum by Immune diffusion (ID)"
          },
          {
            "code": "51006-5",
            "display": "Direct antiglobulin test.unspecified reagent [Presence] on Red Blood Cells"
          },
          {
            "code": "5117-7",
            "display": "Cryoglobulin [Presence] in Serum"
          },
          {
            "code": "5156-5",
            "display": "Epstein Barr virus nuclear IgG Ab [Presence] in Serum by Immunoassay"
          },
          {
            "code": "5195-3",
            "display": "Hepatitis B virus surface Ag [Presence] in Serum"
          },
          {
            "code": "5196-1",
            "display": "Hepatitis B virus surface Ag [Presence] in Serum by Immunoassay|Hepatitis B virus surface Ag [Presence] in Serum or Plasma by Immunoassay"
          },
          {
            "code": "5199-5",
            "display": "Hepatitis C virus Ab [Presence] in Serum by Immunoblot (IB)"
          },
          {
            "code": "5213-4",
            "display": "Heterophile Ab [Presence] in Serum by Latex agglutination"
          },
          {
            "code": "5218-3",
            "display": "Histoplasma capsulatum Ab [Presence] in Serum by Immune diffusion (ID)"
          },
          {
            "code": "5290-2",
            "display": "Reagin Ab [Presence] in Cerebral spinal fluid by VDRL"
          },
          {
            "code": "5292-8",
            "display": "Reagin Ab [Presence] in Serum by VDRL"
          },
          {
            "code": "5297-7",
            "display": "Rheumatoid factor [Presence] in Serum by Latex agglutination"
          },
          {
            "code": "5358-7",
            "display": "Smooth muscle Ab [Titer] in Serum by Immunofluorescence"
          },
          {
            "code": "5393-4",
            "display": "Treponema pallidum Ab [Presence] in Serum by Immunofluorescence"
          },
          {
            "code": "54067-4",
            "display": "Clostridium difficile toxin genes [Presence] in Stool by Probe and target amplification method|Clostridium difficile toxin genes [Presence] in Stool by Probe and target amplification method"
          },
          {
            "code": "54142-5",
            "display": "Candida sp DNA [Presence] in Vaginal fluid by Probe and signal amplification method|Candida sp DNA [Presence] in Vaginal fluid by Probe and signal amplification method"
          },
          {
            "code": "54143-3",
            "display": "Gardnerella vaginalis DNA [Presence] in Vaginal fluid by Probe and signal amplification method|Gardnerella vaginalis DNA [Presence] in Vaginal fluid by Probe and signal amplification method"
          },
          {
            "code": "54144-1",
            "display": "Trichomonas vaginalis DNA [Presence] in Vaginal fluid by Probe and signal amplification method|Trichomonas vaginalis DNA [Presence] in Vaginal fluid by Probe and signal amplification method"
          },
          {
            "code": "54905-5",
            "display": "Norovirus 1 RNA [Presence] in Stool by Probe and target amplification method|Norovirus 1 RNA [Presence] in Stool by Probe and target amplification method|Norovirus Genogroup I RNA [Presence] in Stool by Probe and target amplification method"
          },
          {
            "code": "54906-3",
            "display": "Norovirus 2 RNA [Presence] in Stool by Probe and target amplification method|Norovirus 2 RNA [Presence] in Stool by Probe and target amplification method|Norovirus Genogroup II RNA [Presence] in Stool by Probe and target amplification method"
          },
          {
            "code": "550-4",
            "display": "Bordetella pertussis Ag [Presence] in Unspecified specimen by Immunofluorescence"
          },
          {
            "code": "55464-2",
            "display": "Influenza virus A swine origin RNA [Presence] in Unspecified specimen by Probe and target amplification method|Influenza virus A swine origin RNA [Presence] in Unspecified specimen by Probe and target amplification method"
          },
          {
            "code": "55465-9",
            "display": "Influenza virus A H1 2009 pandemic RNA [Presence] in Unspecified specimen by Probe and target amplification method|Influenza virus A H1 2009 pandemic RNA [Presence] in Unspecified specimen by Probe and target amplification method"
          },
          {
            "code": "5766-1",
            "display": "Ammonium urate crystals [Presence] in Urine sediment by Light microscopy"
          },
          {
            "code": "5770-3",
            "display": "Bilirubin [Presence] in Urine by Test strip|Bilirubin.total [Presence] in Urine by Test strip"
          },
          {
            "code": "5771-1",
            "display": "Bilirubin crystals [Presence] in Urine sediment by Light microscopy"
          },
          {
            "code": "5773-7",
            "display": "Calcium carbonate crystals [Presence] in Urine sediment by Light microscopy"
          },
          {
            "code": "5774-5",
            "display": "Calcium oxalate crystals [Presence] in Urine sediment by Light microscopy"
          },
          {
            "code": "5775-2",
            "display": "Calcium phosphate crystals [Presence] in Urine sediment by Light microscopy"
          },
          {
            "code": "5777-8",
            "display": "Cholesterol crystals [Presence] in Urine sediment by Light microscopy"
          },
          {
            "code": "5783-6",
            "display": "Unidentified crystals [Presence] in Urine sediment by Light microscopy"
          },
          {
            "code": "5784-4",
            "display": "Cystine crystals [Presence] in Urine sediment by Light microscopy"
          },
          {
            "code": "57901-1",
            "display": "Clostridium difficile glutamate dehydrogenase [Presence] in Stool"
          },
          {
            "code": "5794-3",
            "display": "Hemoglobin [Presence] in Urine by Test strip"
          },
          {
            "code": "5795-0",
            "display": "Hippurate crystals [Presence] in Urine sediment by Light microscopy"
          },
          {
            "code": "5799-2",
            "display": "Leukocyte esterase [Presence] in Urine by Test strip"
          },
          {
            "code": "58012-6",
            "display": "Natalizumab Ab [Presence] in Serum"
          },
          {
            "code": "5802-4",
            "display": "Nitrite [Presence] in Urine by Test strip"
          },
          {
            "code": "5809-9",
            "display": "Reducing substances [Presence] in Urine"
          },
          {
            "code": "5813-1",
            "display": "Trichomonas vaginalis [Presence] in Urine sediment by Light microscopy"
          },
          {
            "code": "5814-9",
            "display": "Triple phosphate crystals [Presence] in Urine sediment by Light microscopy"
          },
          {
            "code": "5815-6",
            "display": "Tyrosine crystals [Presence] in Urine sediment by Light microscopy"
          },
          {
            "code": "5817-2",
            "display": "Urate crystals [Presence] in Urine sediment by Light microscopy"
          },
          {
            "code": "58415-1",
            "display": "BRAF gene p.V600E [Presence] in Tissue by Molecular genetics method"
          },
          {
            "code": "58416-9",
            "display": "MLH1 gene methylation [Presence] in Tissue by Molecular genetics method"
          },
          {
            "code": "5846-1",
            "display": "Herpes simplex virus 1 Ag [Presence] in Unspecified specimen by Immunofluorescence"
          },
          {
            "code": "5849-5",
            "display": "Herpes simplex virus 2 Ag [Presence] in Unspecified specimen by Immunofluorescence"
          },
          {
            "code": "5863-6",
            "display": "Influenza virus A Ag [Presence] in Unspecified specimen by Immunofluorescence"
          },
          {
            "code": "5867-7",
            "display": "Influenza virus B Ag [Presence] in Unspecified specimen by Immunofluorescence"
          },
          {
            "code": "58751-9",
            "display": "Treponema pallidum IgG Ab [Presence] in Cerebral spinal fluid by Immunofluorescence"
          },
          {
            "code": "5876-8",
            "display": "Respiratory syncytial virus Ag [Presence] in Unspecified specimen by Immunoassay"
          },
          {
            "code": "5880-0",
            "display": "Rotavirus Ag [Presence] in Stool by Immunoassay"
          },
          {
            "code": "588-4",
            "display": "Legionella pneumophila Ag [Presence] in Unspecified specimen by Immunofluorescence"
          },
          {
            "code": "59262-6",
            "display": "Leukocyte esterase [Presence] in Cerebral spinal fluid by Test strip"
          },
          {
            "code": "59420-0",
            "display": "Human papilloma virus16+18+31+33+35+39+45+51+52+56+58+59+66+68 DNA [Presence] in Cervix by Probe and signal amplification method|Human papilloma virus 16+18+31+33+35+39+45+51+52+56+58+59+66+68 DNA [Presence] in Cervix by Probe and signal amplification method"
          },
          {
            "code": "59838-3",
            "display": "Cytomegalovirus Ab [Presence] in Serum or Plasma by Latex agglutination"
          },
          {
            "code": "59839-1",
            "display": "Urate crystals [Presence] in Tissue by Light microscopy"
          },
          {
            "code": "60340-7",
            "display": "Crystals.amorphous [Presence] in Urine sediment by Light microscopy"
          },
          {
            "code": "61404-0",
            "display": "Staphylococcus aureus DNA [Presence] in Unspecified specimen by Probe and target amplification method|Staphylococcus aureus DNA [Presence] in Unspecified specimen by Probe and target amplification method"
          },
          {
            "code": "62423-9",
            "display": "Human coronavirus HKU1 RNA [Presence] in Unspecified specimen by Probe and target amplification method|Human coronavirus HKU1 RNA [Presence] in Unspecified specimen by Probe and target amplification method"
          },
          {
            "code": "62862-8",
            "display": "Microsatellite instability [Presence] in Tissue by Immune stain"
          },
          {
            "code": "6306-5",
            "display": "Adenovirus C(40)+B(41) Ag [Presence] in Stool by Immunoassay|Adenovirus 40+41 Ag [Presence] in Stool by Immunoassay"
          },
          {
            "code": "6320-6",
            "display": "Borrelia burgdorferi IgG Ab [Presence] in Serum by Immunoblot (IB)"
          },
          {
            "code": "6321-4",
            "display": "Borrelia burgdorferi IgM Ab [Presence] in Serum by Immunoblot (IB)"
          },
          {
            "code": "63379-2",
            "display": "DNA double strand IgG Ab [Presence] in Serum"
          },
          {
            "code": "6355-2",
            "display": "Chlamydia trachomatis Ag [Presence] in Unspecified specimen by Immunofluorescence"
          },
          {
            "code": "63558-1",
            "display": "HLA-DQB1*0602 [Presence]"
          },
          {
            "code": "6362-8",
            "display": "Clostridium difficile toxin A+B [Presence] in Stool by Cytotoxin tissue culture assay"
          },
          {
            "code": "6443-6",
            "display": "Lactoferrin [Presence] in Stool by Latex agglutination"
          },
          {
            "code": "6447-7",
            "display": "Legionella pneumophila Ag [Presence] in Urine by Immunoassay"
          },
          {
            "code": "6733-0",
            "display": "Pigeon serum Ab [Presence] in Serum by Immune diffusion (ID)"
          },
          {
            "code": "6808-0",
            "display": "Aspergillus fumigatus 1 Ab [Presence] in Serum by Immune diffusion (ID)"
          },
          {
            "code": "6809-8",
            "display": "Aspergillus fumigatus 6 Ab [Presence] in Serum by Immune diffusion (ID)"
          },
          {
            "code": "6810-6",
            "display": "Aureobasidium pullulans Ab [Presence] in Serum by Immune diffusion (ID)"
          },
          {
            "code": "6818-9",
            "display": "Saccharopolyspora rectivirgula Ab [Presence] in Serum by Immune diffusion (ID)"
          },
          {
            "code": "700-5",
            "display": "Pneumocystis jiroveci Ag [Presence] in Unspecified specimen by Immunofluorescence"
          },
          {
            "code": "702-1",
            "display": "Anisocytosis [Presence] in Blood by Light microscopy"
          },
          {
            "code": "703-9",
            "display": "Basophilic stippling [Presence] in Blood by Light microscopy"
          },
          {
            "code": "716-1",
            "display": "Heinz bodies [Presence] in Blood by Light microscopy"
          },
          {
            "code": "728-6",
            "display": "Hypochromia [Presence] in Blood by Light microscopy"
          },
          {
            "code": "733-6",
            "display": "Lymphocytes Variant [Presence] in Blood by Light microscopy"
          },
          {
            "code": "738-5",
            "display": "Macrocytes [Presence] in Blood by Light microscopy"
          },
          {
            "code": "741-9",
            "display": "Microcytes [Presence] in Blood by Light microscopy"
          },
          {
            "code": "765-8",
            "display": "Neutrophils.hypersegmented [Presence] in Blood by Light microscopy"
          },
          {
            "code": "774-0",
            "display": "Ovalocytes [Presence] in Blood by Light microscopy"
          },
          {
            "code": "7789-1",
            "display": "Acanthocytes [Presence] in Blood by Light microscopy"
          },
          {
            "code": "7790-9",
            "display": "Burr cells [Presence] in Blood by Light microscopy"
          },
          {
            "code": "7791-7",
            "display": "Dacrocytes [Presence] in Blood by Light microscopy"
          },
          {
            "code": "7792-5",
            "display": "Dohle body [Presence] in Blood by Light microscopy"
          },
          {
            "code": "7793-3",
            "display": "Howell-Jolly bodies [Presence] in Blood by Light microscopy"
          },
          {
            "code": "7795-8",
            "display": "Pappenheimer bodies [Presence] in Blood by Light microscopy"
          },
          {
            "code": "7796-6",
            "display": "Platelet clump [Presence] in Blood by Light microscopy"
          },
          {
            "code": "7797-4",
            "display": "Rouleaux [Presence] in Blood by Light microscopy"
          },
          {
            "code": "7798-2",
            "display": "Smudge cells [Presence] in Blood by Light microscopy"
          },
          {
            "code": "779-9",
            "display": "Poikilocytosis [Presence] in Blood by Light microscopy"
          },
          {
            "code": "7918-6",
            "display": "HIV 1+2 Ab [Presence] in Serum"
          },
          {
            "code": "800-3",
            "display": "Schistocytes [Presence] in Blood by Light microscopy"
          },
          {
            "code": "801-1",
            "display": "Sickle cells [Presence] in Blood by Light microscopy"
          },
          {
            "code": "802-9",
            "display": "Spherocytes [Presence] in Blood by Light microscopy"
          },
          {
            "code": "803-7",
            "display": "Toxic granules [Presence] in Blood by Light microscopy"
          },
          {
            "code": "8041-6",
            "display": "Treponema pallidum Ab [Presence] in Serum by Hemagglutination"
          },
          {
            "code": "8061-4",
            "display": "Nuclear Ab [Presence] in Serum"
          },
          {
            "code": "8091-1",
            "display": "Ribonucleoprotein extractable nuclear Ab [Presence] in Serum"
          },
          {
            "code": "8092-9",
            "display": "SCL-70 extractable nuclear Ab [Presence] in Serum"
          }
        ]
      }
    ]
  }
}