{
  "resourceType": "ValueSet",
  "id": "dietType",
  "meta": {
    "profile": [
      "http://hl7.org/fhir/StructureDefinition/valueset-shareable-definition"
    ]
  },
  "url": "http://fhir.org/guides/hspc/ValueSet/dietType",
  "version": "0.01",
  "name": "HSPC Diet Type value set.",
  "status": "draft",
  "publisher": "Health Services Platform Consortium (HSPC)",
  "date": "2015-08-06",
  "description": "Select HL7 ActCode codes.",
  "immutable": true,
  "copyright": "TBD",
  "extensible": true,
  "compose": {
    "include": [
      {
        "system": "http://hl7.org/fhir/v3/ActCode",
        "concept": [
          {
            "code": "BR",
            "display": "breikost(GE)"
          },
          {
            "code": "DM",
            "display": "Diabetes mellitus diet"
          },
          {
            "code": "FAST",
            "display": "fasting"
          },
          {
            "code": "FORMULA",
            "display": "formula diet"
          },
          {
            "code": "GF",
            "display": "Gluten Free"
          },
          {
            "code": "LF",
            "display": "Low Fat"
          },
          {
            "code": "LP",
            "display": "Low Protein"
          },
          {
            "code": "LQ",
            "display": "Liquid"
          },
          {
            "code": "LS",
            "display": "Low Sodium"
          },
          {
            "code": "N",
            "display": "Normal Diet"
          },
          {
            "code": "NF",
            "display": "No Fat"
          },
          {
            "code": "PAF",
            "display": "Phenylalanine Free"
          },
          {
            "code": "PAR",
            "display": "Parenteral"
          },
          {
            "code": "RD",
            "display": "Reduction Diet"
          },
          {
            "code": "SCH",
            "display": "Schonkost (GE)"
          },
          {
            "code": "SUPPLEMENT",
            "display": "nutritional supplement"
          },
          {
            "code": "T",
            "display": "Tea only"
          },
          {
            "code": "VLI",
            "display": "Low Valin, Leucine, Isoleucine"
          }
        ]
      }
    ]
  }
}