{
  "resourceType": "ValueSet",
  "id": "organization-language",
  "meta": {
    "profile": [
      "http://hl7.org/fhir/StructureDefinition/valueset-shareable-definition"
    ]
  },
  "url": "http://fhir.org/guides/hspc/ValueSet/organization-language",
  "version": "0.01",
  "name": "BCP-47 IETF Language tag",
  "status": "draft",
  "publisher": "Health Services Platform Consortium (HSPC)",
  "date": "2015-02-09",
  "description": "The codes and descriptions that make up the IETF BCP-47 language tags.",
  "immutable": true,
  "copyright": "TBD",
  "extensible": true,
  "compose": {
    "include": [
      {
        "system": "http://www.iana.org/assignments/language-subtag-registry"
      }
    ]
  }
}