{
  "resourceType": "ValueSet",
  "id": "location-serviceDeliveryLocationNameUse",
  "meta": {
    "profile": [
      "http://hl7.org/fhir/StructureDefinition/valueset-shareable-definition"
    ]
  },
  "url": "http://fhir.org/guides/hspc/ValueSet/location-serviceDeliveryLocationNameUse",
  "name": "ServiceDeliveryLocation name use value set",
  "status": "draft",
  "publisher": "HSPC",
  "contact": [
    {
      "telecom": [
        {
          "system": "other",
          "value": "http://healthcaresoa.org"
        }
      ]
    }
  ],
  "description": "The set of values that describe how usage of the service delivery location name.",
  "compose": {
    "include": [
      {
        "system": "http://hl7.org/fhir/v3/EntityNameUse",
        "concept": [
          {
            "code": "L",
            "display": "Legal Name"
          },
          {
            "code": "ASGN",
            "display": "Assigned (alias)"
          }
        ]
      },
      {
        "system": "http://hl7.org/fhir/location-hspc-serviceDeliveryLocationNameUse"
      }
    ]
  }
}