{
  "resourceType": "ValueSet",
  "id": "communicationMode",
  "meta": {
    "profile": [
      "http://hl7.org/fhir/StructureDefinition/valueset-shareable-definition"
    ]
  },
  "url": "http://fhir.org/guides/hspc/ValueSet/communicationMode",
  "name": "HSPC Communication Mode",
  "status": "draft",
  "publisher": "HSPC",
  "contact": [
    {
      "telecom": [
        {
          "system": "other",
          "value": "http://healthcaresoa.org"
        }
      ]
    }
  ],
  "description": "A set of codes that describe the method by which an individual communicates.  These values are taken from the HL7 v3 LanguageAbilityMode code system.",
  "compose": {
    "include": [
      {
        "system": "http://hl7.org/fhir/v3/LanguageAbilityMode",
        "concept": [
          {
            "code": "ESGN",
            "display": "Expressed signed"
          },
          {
            "code": "ESP",
            "display": "Expressed spoken"
          },
          {
            "code": "EWR",
            "display": "Expressed written"
          },
          {
            "code": "RSGN",
            "display": "Received signed"
          },
          {
            "code": "RSP",
            "display": "Received spoken"
          },
          {
            "code": "RWR",
            "display": "Received written"
          }
        ]
      }
    ]
  }
}