{
  "resourceType": "ValueSet",
  "id": "teststatus",
  "meta": {
    "profile": [
      "http://hl7.org/fhir/StructureDefinition/valueset-shareable-definition"
    ]
  },
  "url": "http://fhir.org/guides/hspc/ValueSet/teststatus",
  "version": "0.01",
  "name": "HSPC Test Status",
  "status": "draft",
  "publisher": "Health Services Platform Consortium (HSPC)",
  "date": "2015-02-09",
  "description": "SELECT SNOMED CT code system values.",
  "immutable": true,
  "copyright": "TBD",
  "extensible": true,
  "compose": {
    "include": [
      {
        "system": "http://snomed.info/sct",
        "concept": [
          {
            "code": "442376007",
            "display": "Test with result pending (observable entity)"
          },
          {
            "code": "445667001",
            "display": "Interim report (record artifact)"
          },
          {
            "code": "445665009",
            "display": "Final report (record artifact)"
          },
          {
            "code": "445664008",
            "display": "Amended report (record artifact)"
          },
          {
            "code": "89925002",
            "display": "Canceled (qualifier value)"
          },
          {
            "code": "261420005",
            "display": "Preliminary (qualifier value)"
          }
        ]
      }
    ]
  }
}