{
  "resourceType": "ValueSet",
  "id": "patient-maritalStatus",
  "meta": {
    "profile": [
      "http://hl7.org/fhir/StructureDefinition/valueset-shareable-definition"
    ]
  },
  "url": "http://fhir.org/guides/hspc/ValueSet/patient-maritalStatus",
  "version": "0.01",
  "name": "HSPC Marital Status value set",
  "status": "draft",
  "publisher": "Health Services Platform Consortium (HSPC)",
  "date": "2015-02-09",
  "description": "SELECT SNOMED CT code system values descending from 'Finding of marital or partnership status (finding)' (365581002).",
  "immutable": true,
  "copyright": "TBD",
  "extensible": true,
  "compose": {
    "include": [
      {
        "system": "http://snomed.info/sct",
        "filter": [
          {
            "property": "concept",
            "op": "is-a",
            "value": "365581002"
          }
        ]
      }
    ]
  }
}