{
  "resourceType": "ValueSet",
  "id": "CodedLabCodes",
  "meta": {
    "profile": [
      "http://hl7.org/fhir/StructureDefinition/valueset-shareable-definition"
    ]
  },
  "url": "http://fhir.org/guides/hspc/ValueSet/CodedLabCodes",
  "name": "HSPC Coded Labs",
  "status": "draft",
  "publisher": "HSPC",
  "contact": [
    {
      "telecom": [
        {
          "system": "other",
          "value": "http://healthcaresoa.org"
        }
      ]
    }
  ],
  "date": "2015-02-20T13:44:49+11:00",
  "description": "Ordinal LOINC codes used in HSPC",
  "copyright": "This content LOINC® is copyright © 1995 Regenstrief Institute, Inc. and the LOINC Committee, and available at no cost under the license at http://loinc.org/terms-of-use",
  "compose": {
    "include": [
      {
        "system": "http://loinc.org",
        "concept": [
          {
            "code": "1006-6",
            "display": "Direct antiglobulin test.IgG specific reagent [interpretation] on Red Blood Cells"
          },
          {
            "code": "10333-3",
            "display": "Appearance of Cerebral spinal fluid"
          },
          {
            "code": "10335-8",
            "display": "Color of Cerebral spinal fluid"
          },
          {
            "code": "10524-7",
            "display": "Microscopic observation [Identifier] in Cervix by Cyto stain"
          },
          {
            "code": "10569-2",
            "display": "Color of Semen"
          },
          {
            "code": "10573-4",
            "display": "Ferning [Type] in Cervical mucus"
          },
          {
            "code": "10701-1",
            "display": "Ova and parasites identified in Stool by Concentration"
          },
          {
            "code": "10762-3",
            "display": "Microscopic observation [Identifier] in Blood by Hemosiderin stain"
          },
          {
            "code": "11019-7",
            "display": "Microscopic observation [Identifier] in Blood or Marrow by Sudan black B stain"
          },
          {
            "code": "11158-3",
            "display": "Appearance of Serum"
          },
          {
            "code": "11546-9",
            "display": "Microscopic observation [Identifier] in Unspecified specimen by Other stain"
          },
          {
            "code": "12286-1",
            "display": "Drugs identified in Urine by Screen method"
          },
          {
            "code": "1250-0",
            "display": "Major crossmatch [interpretation]"
          },
          {
            "code": "13306-6",
            "display": "HLA-DR beta [Type]"
          },
          {
            "code": "13440-3",
            "display": "Immunofixation [interpretation] for Urine"
          },
          {
            "code": "13501-2",
            "display": "Herpes simplex virus 2 Ab pattern [interpretation] in Serum"
          },
          {
            "code": "13510-3",
            "display": "Microscopic observation [Identifier] in Bone marrow by Myeloperoxidase stain"
          },
          {
            "code": "14575-5",
            "display": "Blood group antibody investigation [interpretation] in Plasma or RBC"
          },
          {
            "code": "14611-8",
            "display": "Nuclear Ab pattern [interpretation] in Serum"
          },
          {
            "code": "14618-3",
            "display": "Appearance of Stone"
          },
          {
            "code": "14869-2",
            "display": "Pathologist review of Blood tests"
          },
          {
            "code": "14884-1",
            "display": "Porphyrins [interpretation] in Stool"
          },
          {
            "code": "15200-9",
            "display": "Osmolality of Body fluid"
          },
          {
            "code": "16112-5",
            "display": "Estrogen receptor [interpretation] in Tissue"
          },
          {
            "code": "16113-3",
            "display": "Progesterone receptor [interpretation] in Tissue"
          },
          {
            "code": "16793-2",
            "display": "Drugs identified in Unknown substance by Screen method"
          },
          {
            "code": "19066-0",
            "display": "Blood bank comment"
          },
          {
            "code": "19144-5",
            "display": "Reason for drug test [interpretation]"
          },
          {
            "code": "19146-0",
            "display": "Reference lab test results"
          },
          {
            "code": "19156-9",
            "display": "Susceptibility method [Identifier] in Unspecified specimen"
          },
          {
            "code": "20431-3",
            "display": "Microscopic observation [Identifier] in Unspecified specimen by Smear"
          },
          {
            "code": "20510-4",
            "display": "Lipoprotein fractions [interpretation] in Serum or Plasma by Electrophoresis"
          },
          {
            "code": "20671-4",
            "display": "Amino acids [interpretation] in Serum or Plasma"
          },
          {
            "code": "20785-2",
            "display": "Drugs identified in Serum or Plasma by Screen method"
          },
          {
            "code": "20787-8",
            "display": "Drugs identified in Unspecified specimen by Screen method"
          },
          {
            "code": "20990-8",
            "display": "APC gene mutations found [Identifier] in Blood or Tissue by Molecular genetics method Nominal"
          },
          {
            "code": "21299-3",
            "display": "Gestational age method"
          },
          {
            "code": "21412-2",
            "display": "Myocardium Ab pattern [interpretation] in Serum"
          },
          {
            "code": "21667-1",
            "display": "F5 gene mutations found [Identifier] in Blood or Tissue by Molecular genetics method Nominal"
          },
          {
            "code": "27034-8",
            "display": "Drugs identified in Hair by Screen method"
          },
          {
            "code": "29495-9",
            "display": "Herpes virus 6 DNA [Presence] in Unspecified specimen by Probe and target amplification method"
          },
          {
            "code": "30554-0",
            "display": "HIV reverse transcriptase gene mutations detected [Identifier] in Isolate"
          },
          {
            "code": "30934-4",
            "display": "Natriuretic peptide B [Mass/volume] in Serum or Plasma"
          },
          {
            "code": "31208-2",
            "display": "Specimen source [Identifier] of Unspecified specimen"
          },
          {
            "code": "3152-6",
            "display": "Inhaled oxygen mechanism Dose"
          },
          {
            "code": "31868-3",
            "display": "Legionella pneumophila 1 Ag [Presence] in Urine"
          },
          {
            "code": "32286-7",
            "display": "Hepatitis C virus genotype [Identifier] in Serum or Plasma by Probe and target amplification method"
          },
          {
            "code": "32297-4",
            "display": "Amino acids [interpretation] in Urine"
          },
          {
            "code": "32624-9",
            "display": "Race"
          },
          {
            "code": "32700-7",
            "display": "Microscopic observation [Identifier] in Blood by Malaria smear"
          },
          {
            "code": "32769-2",
            "display": "Alpha 1 antitrypsin phenotyping [interpretation] in Serum or Plasma"
          },
          {
            "code": "33050-6",
            "display": "Pseudocholinesterase phenotype [Identifier] in Serum or Plasma"
          },
          {
            "code": "33271-8",
            "display": "Microscopic observation [Identifier] in Blood by Malaria thin smear"
          },
          {
            "code": "33511-7",
            "display": "Appearance of Unspecified specimen"
          },
          {
            "code": "33630-5",
            "display": "HIV protease gene mutations detected [Identifier] in Isolate"
          },
          {
            "code": "34474-7",
            "display": "ABO and Rh group [Type] in Cord blood"
          },
          {
            "code": "34477-0",
            "display": "Blood group antibodies present [Identifier] in Serum or Plasma by Elution"
          },
          {
            "code": "34478-8",
            "display": "Blood group antibodies present [Identifier] in Blood by Chromogenic method"
          },
          {
            "code": "34479-6",
            "display": "Blood group antibodies present [Identifier] in Serum or Plasma by Cold absorption"
          },
          {
            "code": "34480-4",
            "display": "Blood group antibodies present [Identifier] in Serum or Plasma by Cold incubation"
          },
          {
            "code": "34481-2",
            "display": "Blood group antibodies present [Identifier] in Serum or Plasma by Warm incubation"
          },
          {
            "code": "34482-0",
            "display": "Blood group antibodies present [Identifier] in Serum or Plasma by Warm absorption"
          },
          {
            "code": "34959-7",
            "display": "Microscopic observation [Identifier] in Blood by Myeloperoxidase stain"
          },
          {
            "code": "34960-5",
            "display": "HLA Ab [Identifier]"
          },
          {
            "code": "34961-3",
            "display": "Rh [Type] in Blood by Confirmatory method"
          },
          {
            "code": "34964-7",
            "display": "Osmotic fragility [interpretation] of Red Blood Cells"
          },
          {
            "code": "38348-9",
            "display": "Herpes virus 6 DNA [Identifier] in Unspecified specimen by Probe and target amplification method"
          },
          {
            "code": "41048-0",
            "display": "TPMT gene mutations found [Identifier] in Blood or Tissue by Molecular genetics method Nominal"
          },
          {
            "code": "41273-4",
            "display": "Alpha-1-Fetoprotein interpretation [interpretation] in Amniotic fluid"
          },
          {
            "code": "41274-2",
            "display": "Alpha-1-Fetoprotein interpretation [interpretation] in Serum or Plasma"
          },
          {
            "code": "42675-9",
            "display": "HLA Ag [interpretation]"
          },
          {
            "code": "43284-9",
            "display": "Spermatozoa IgA binding location [Identifier] in Semen"
          },
          {
            "code": "43287-2",
            "display": "Spermatozoa IgG binding location [Identifier] in Semen"
          },
          {
            "code": "43370-6",
            "display": "CFTR gene p.IVS8 PolyT [Presence] in Blood or Tissue by Molecular genetics method"
          },
          {
            "code": "43804-4",
            "display": "Amino acids [interpretation] in Cerebral spinal fluid"
          },
          {
            "code": "44014-9",
            "display": "Porphyrins [interpretation] in Urine"
          },
          {
            "code": "44074-3",
            "display": "Arbovirus Ab [interpretation] in Serum by Immunofluorescence"
          },
          {
            "code": "4465-1",
            "display": "Hamster Ova Penetration Test [interpretation] in Semen"
          },
          {
            "code": "44838-1",
            "display": "Catecholamines [interpretation] in Plasma"
          },
          {
            "code": "45175-7",
            "display": "HIV nucleoside reverse transcriptase gene mutations detected [Identifier] in Isolate"
          },
          {
            "code": "45176-5",
            "display": "HIV nonnucleoside reverse transcriptase gene mutations detected [Identifier] in Isolate"
          },
          {
            "code": "47938-6",
            "display": "Specimen source [Identifier] of Body fluid"
          },
          {
            "code": "48818-9",
            "display": "Karyotype [Identifier] in Blood or Tissue by High resolution Nominal"
          },
          {
            "code": "49024-3",
            "display": "Differential cell count method - Blood"
          },
          {
            "code": "49541-6",
            "display": "Fasting status [Presence] - Reported"
          },
          {
            "code": "50008-2",
            "display": "Mixing studies [interpretation] in Platelet poor plasma Narrative"
          },
          {
            "code": "50595-8",
            "display": "Pathologist interpretation of Unspecified specimen tests"
          },
          {
            "code": "50722-8",
            "display": "VKORC1 gene mutations found [Identifier] in Blood or Tissue by Molecular genetics method Nominal"
          },
          {
            "code": "55192-9",
            "display": "Chromosome analysis.interphase [interpretation] in Amniotic fluid by Fluorescent in situ hybridization (FISH) Narrative"
          },
          {
            "code": "56164-7",
            "display": "CYP2C9 gene allele 2 [Identifier] in Blood by Molecular genetics method Nominal"
          },
          {
            "code": "56165-4",
            "display": "CYP2C9 gene allele 3 [Identifier] in Blood by Molecular genetics method Nominal"
          },
          {
            "code": "5767-9",
            "display": "Appearance of Urine"
          },
          {
            "code": "5778-6",
            "display": "Color of Urine"
          },
          {
            "code": "5779-4",
            "display": "Crystals [type] in Bile fluid by Light microscopy"
          },
          {
            "code": "5781-0",
            "display": "Crystals [type] in Synovial fluid by Light microscopy"
          },
          {
            "code": "5909-7",
            "display": "Blood smear finding [Identifier] in Blood by Light microscopy"
          },
          {
            "code": "59465-5",
            "display": "Pathologist review [interpretation] in Unspecified specimen Narrative"
          },
          {
            "code": "6013-7",
            "display": "von Willebrand factor (vWf) multimers in Platelet poor plasma by Immunoblot (IB)"
          },
          {
            "code": "6262-0",
            "display": "Swine epithelium IgE Ab [Units/volume] in Serum"
          },
          {
            "code": "62862-8",
            "display": "Microsatellite instability [Presence] in Tissue by Immune stain"
          },
          {
            "code": "63558-1",
            "display": "HLA-DQB1*0602 [Presence]"
          },
          {
            "code": "637-9",
            "display": "Microscopic observation [Identifier] in Blood by Malaria thick smear"
          },
          {
            "code": "64013-6",
            "display": "Escherichia coli shiga-like toxin 1 and 2 Ag [Identifier] in Stool by Immunoassay"
          },
          {
            "code": "675-9",
            "display": "Enterobius vermicularis [Presence] in Unspecified specimen by Pinworm exam"
          },
          {
            "code": "6824-7",
            "display": "Color of Body fluid"
          },
          {
            "code": "6825-4",
            "display": "Crystals [type] in Body fluid by Light microscopy"
          },
          {
            "code": "881-3",
            "display": "ABO and Rh group [Type] in Serum or Plasma from Blood product unit"
          },
          {
            "code": "882-1",
            "display": "ABO and Rh group [Type] in Blood"
          },
          {
            "code": "883-9",
            "display": "ABO group [Type] in Blood"
          },
          {
            "code": "888-8",
            "display": "Blood group antibodies identified in Serum or Plasma"
          },
          {
            "code": "906-8",
            "display": "Blood group antigens present [Identifier] in Blood"
          },
          {
            "code": "9109-0",
            "display": "Blood loss.total intraoperative [Volume] Cell saver"
          },
          {
            "code": "9194-2",
            "display": "Type of Urine collection method"
          },
          {
            "code": "925-8",
            "display": "Blood product disposition [Type]"
          },
          {
            "code": "927-4",
            "display": "Blood product.pooled [Identifier]"
          },
          {
            "code": "933-2",
            "display": "Blood product type"
          },
          {
            "code": "9335-1",
            "display": "Appearance of Body fluid"
          },
          {
            "code": "9409-4",
            "display": "Anabolic steroids [Identifier] in Urine"
          },
          {
            "code": "9785-7",
            "display": "Microscopic observation [Identifier] in Stool by Ova and Parasite Preparation"
          },
          {
            "code": "9795-6",
            "display": "Composition in Stone"
          },
          {
            "code": "66759-2",
            "display": "Heparin neutralization [Presence] in Blood by Thromboelastography"
          }
        ]
      }
    ]
  }
}