<?xml version="1.0" encoding="UTF-8"?>

<ImagingStudy xmlns="http://hl7.org/fhir">
  <id/>
  <uid value="urn:oid:2.16.124.113543.6003.1154777499.30246.19789.3503430045"/>
  <started value="2011-01-01T11:01:20+03:00"/>
  <series>
    <uid value="urn:oid:2.16.124.113543.6003.2588828330.45298.17418.2723805630"/>
    <number value="3"/>
    <description value="CT Surview 180"/>
    <instance>
      <uid value="urn:oid:2.16.124.113543.6003.189642796.63084.16748.2599092903"/>
      <number value="1"/>
      <sopClass value="urn:oid:1.2.840.10008.5.1.4.1.1.2"/>
    </instance>
  </series>
</ImagingStudy>