{
  "resourceType": "StructureDefinition",
  "id": "hspc-emergencyencounter",
  "url": "http://fhir.org/guides/hspc/StructureDefinition/hspc-emergencyencounter",
  "name": "Profile hspc-emergencyencounter",
  "status": "draft",
  "publisher": "HSPC",
  "contact": [
    {
      "telecom": [
        {
          "system": "other",
          "value": "http://healthcaresoa.org"
        }
      ]
    }
  ],
  "date": "2015-12-30",
  "mapping": [
    {
      "identity": "qdm",
      "uri": "http://www.healthit.gov/quality-data-model",
      "name": "Quality Data Model"
    },
    {
      "identity": "rim",
      "uri": "http://hl7.org/v3",
      "name": "RIM Mapping"
    },
    {
      "identity": "w5",
      "uri": "http://hl7.org/fhir/w5",
      "name": "W5 Mapping"
    },
    {
      "identity": "v2",
      "uri": "http://hl7.org/v2",
      "name": "HL7 v2 Mapping"
    }
  ],
  "kind": "resource",
  "abstract": false,
  "type": "Encounter",
  "baseDefinition": "http://hl7.org/fhir/StructureDefinition/Encounter",
  "derivation": "constraint",
  "snapshot": {
    "element": [
      {
        "id": "Encounter:hspcemergencyencounter",
        "path": "Encounter",
        "name": "HSPC Emergency Encounter",
        "short": "An interaction during which services are provided to the patient",
        "definition": "An interaction between a patient and healthcare provider(s) for the purpose of providing healthcare service(s) or assessing the health status of a patient.",
        "alias": [
          "Visit"
        ],
        "min": 0,
        "max": "*",
        "base": {
          "path": "Encounter",
          "min": 0,
          "max": "*"
        },
        "mustSupport": false,
        "isSummary": false,
        "mapping": [
          {
            "identity": "rim",
            "map": "Encounter[moodCode=EVN]"
          },
          {
            "identity": "w5",
            "map": "workflow.encounter"
          },
          {
            "identity": "qdm",
            "map": "Patient Characteristic"
          }
        ]
      },
      {
        "id": "Encounter:hspcemergencyencounter.id",
        "path": "Encounter.id",
        "short": "Logical id of this artifact",
        "definition": "The logical id of the resource, as used in the URL for the resource. Once assigned, this value never changes.",
        "comments": "The only time that a resource does not have an id is when it is being submitted to the server using a create operation.",
        "min": 0,
        "max": "1",
        "base": {
          "path": "Resource.id",
          "min": 0,
          "max": "*"
        },
        "type": [
          {
            "code": "id"
          }
        ],
        "isSummary": true
      },
      {
        "id": "Encounter:hspcemergencyencounter.meta",
        "path": "Encounter.meta",
        "short": "Metadata about the resource",
        "definition": "The metadata about the resource. This is content that is maintained by the infrastructure. Changes to the content may not always be associated with version changes to the resource.",
        "min": 0,
        "max": "1",
        "base": {
          "path": "Resource.meta",
          "min": 0,
          "max": "*"
        },
        "type": [
          {
            "code": "Meta"
          }
        ],
        "isSummary": true
      },
      {
        "id": "Encounter:hspcemergencyencounter.implicitRules",
        "path": "Encounter.implicitRules",
        "short": "A set of rules under which this content was created",
        "definition": "A reference to a set of rules that were followed when the resource was constructed, and which must be understood when processing the content.",
        "comments": "Asserting this rule set restricts the content to be only understood by a limited set of trading partners. This inherently limits the usefulness of the data in the long term. However, the existing health eco-system is highly fractured, and not yet ready to define, collect, and exchange data in a generally computable sense. Wherever possible, implementers and/or specification writers should avoid using this element as much as possible.",
        "min": 0,
        "max": "1",
        "base": {
          "path": "Resource.implicitRules",
          "min": 0,
          "max": "*"
        },
        "type": [
          {
            "code": "uri"
          }
        ],
        "isModifier": true,
        "isSummary": true
      },
      {
        "id": "Encounter:hspcemergencyencounter.language",
        "path": "Encounter.language",
        "short": "Language of the resource content",
        "definition": "The base language in which the resource is written.",
        "comments": "Language is provided to support indexing and accessibility (typically, services such as text to speech use the language tag). The html language tag in the narrative applies  to the narrative. The language tag on the resource may be used to specify the language of other presentations generated from the data in the resource  Not all the content has to be in the base language. The Resource.language should not be assumed to apply to the narrative automatically. If a language is specified, it should it also be specified on the div element in the html (see rules in HTML5 for information about the relationship between xml:lang and the html lang attribute).",
        "min": 0,
        "max": "1",
        "base": {
          "path": "Resource.language",
          "min": 0,
          "max": "*"
        },
        "type": [
          {
            "code": "code"
          }
        ],
        "binding": {
          "extension": [
            {
              "url": "http://hl7.org/fhir/StructureDefinition/elementdefinition-maxValueSet",
              "valueReference": {
                "reference": "http://hl7.org/fhir/ValueSet/all-languages"
              }
            }
          ],
          "strength": "extensible",
          "description": "A human language.",
          "valueSetReference": {
            "reference": "http://hl7.org/fhir/ValueSet/languages"
          }
        }
      },
      {
        "id": "Encounter:hspcemergencyencounter.text",
        "path": "Encounter.text",
        "short": "Text summary of the resource, for human interpretation",
        "definition": "A human-readable narrative that contains a summary of the resource, and may be used to represent the content of the resource to a human. The narrative need not encode all the structured data, but is required to contain sufficient detail to make it \"clinically safe\" for a human to just read the narrative. Resource definitions may define what content should be represented in the narrative to ensure clinical safety.",
        "comments": "Contained resources do not have narrative. Resources that are not contained SHOULD have a narrative. In some cases, a resource may only have text with little or no additional discrete data (as long as all minOccurs=1 elements are satisfied).  This may be necessary for data from legacy systems where information is captured as a \"text blob\" or where text is additionally entered raw or narrated and encoded in formation is added later.",
        "alias": [
          "narrative",
          "html",
          "xhtml",
          "display"
        ],
        "min": 0,
        "max": "1",
        "base": {
          "path": "DomainResource.text",
          "min": 0,
          "max": "*"
        },
        "type": [
          {
            "code": "Narrative"
          }
        ],
        "condition": [
          "dom-1"
        ],
        "mapping": [
          {
            "identity": "rim",
            "map": "Act.text?"
          }
        ]
      },
      {
        "id": "Encounter:hspcemergencyencounter.contained",
        "path": "Encounter.contained",
        "short": "Contained, inline Resources",
        "definition": "These resources do not have an independent existence apart from the resource that contains them - they cannot be identified independently, and nor can they have their own independent transaction scope.",
        "comments": "This should never be done when the content can be identified properly, as once identification is lost, it is extremely difficult (and context dependent) to restore it again.",
        "alias": [
          "inline resources",
          "anonymous resources",
          "contained resources"
        ],
        "min": 0,
        "max": "*",
        "base": {
          "path": "DomainResource.contained",
          "min": 0,
          "max": "*"
        },
        "type": [
          {
            "code": "Resource"
          }
        ],
        "mapping": [
          {
            "identity": "rim",
            "map": "N/A"
          }
        ]
      },
      {
        "id": "Encounter:hspcemergencyencounter.extension",
        "path": "Encounter.extension",
        "slicing": {
          "id": "35",
          "discriminator": [
            "url"
          ],
          "ordered": false,
          "rules": "open"
        },
        "short": "Extension",
        "definition": "An Extension",
        "min": 0,
        "max": "*",
        "base": {
          "path": "DomainResource.extension",
          "min": 0,
          "max": "*"
        },
        "type": [
          {
            "code": "Extension"
          }
        ]
      },
      {
        "id": "Encounter:hspcemergencyencounter.extension:confidentiality$Extension",
        "path": "Encounter.extension",
        "name": "Confidentiality",
        "short": "Extension",
        "definition": "An Extension",
        "min": 0,
        "max": "1",
        "base": {
          "path": "DomainResource.extension",
          "min": 0,
          "max": "*"
        },
        "type": [
          {
            "code": "Extension",
            "profile": "http://hl7.org/fhir/StructureDefinition/Extension"
          }
        ],
        "constraint": [
          {
            "key": "ext-1",
            "severity": "error",
            "human": "Must have either extensions or value[x], not both",
            "expression": "extension.exists() != value.exists()",
            "xpath": "exists(f:extension)!=exists(f:*[starts-with(local-name(.), 'value')])"
          }
        ],
        "mustSupport": false,
        "isModifier": false,
        "isSummary": false,
        "binding": {
          "strength": "preferred",
          "description": "The set of values that describe the level of confidentiality for the patient encounter.",
          "valueSetReference": {
            "reference": "http://hl7.org/fhir/ValueSet/v2-0907"
          }
        }
      },
      {
        "id": "Encounter:hspcemergencyencounter.extension:hospitalservice$Extension",
        "path": "Encounter.extension",
        "name": "HospitalService",
        "short": "Extension",
        "definition": "An Extension",
        "min": 0,
        "max": "1",
        "base": {
          "path": "DomainResource.extension",
          "min": 0,
          "max": "*"
        },
        "type": [
          {
            "code": "Extension",
            "profile": "http://hl7.org/fhir/StructureDefinition/Extension"
          }
        ],
        "constraint": [
          {
            "key": "ext-1",
            "severity": "error",
            "human": "Must have either extensions or value[x], not both",
            "expression": "extension.exists() != value.exists()",
            "xpath": "exists(f:extension)!=exists(f:*[starts-with(local-name(.), 'value')])"
          }
        ],
        "mustSupport": false,
        "isModifier": false,
        "isSummary": false,
        "binding": {
          "strength": "preferred",
          "description": "The particular healthcare specialty or care group responsible for the care of the patient during the encounter",
          "valueSetReference": {
            "reference": "http://fhir.org/guides/hspc/ValueSet/practitioner-providerPractitionerSpecialty"
          }
        }
      },
      {
        "id": "Encounter:hspcemergencyencounter.extension:viplevel$Extension",
        "path": "Encounter.extension",
        "name": "VipLevel",
        "short": "Extension",
        "definition": "An Extension",
        "min": 0,
        "max": "1",
        "base": {
          "path": "DomainResource.extension",
          "min": 0,
          "max": "*"
        },
        "type": [
          {
            "code": "Extension",
            "profile": "http://hl7.org/fhir/StructureDefinition/Extension"
          }
        ],
        "constraint": [
          {
            "key": "ext-1",
            "severity": "error",
            "human": "Must have either extensions or value[x], not both",
            "expression": "extension.exists() != value.exists()",
            "xpath": "exists(f:extension)!=exists(f:*[starts-with(local-name(.), 'value')])"
          }
        ],
        "mustSupport": false,
        "isModifier": false,
        "isSummary": false,
        "binding": {
          "strength": "preferred",
          "description": "A set of codes that describe the sensitivity level of a patient's information",
          "valueSetReference": {
            "reference": "ValueSet/hspc-viplevel"
          }
        }
      },
      {
        "id": "Encounter:hspcemergencyencounter.extension:ambulatorystatus$Extension",
        "path": "Encounter.extension",
        "name": "AmbulatoryStatus",
        "short": "Extension",
        "definition": "An Extension",
        "min": 0,
        "max": "1",
        "base": {
          "path": "DomainResource.extension",
          "min": 0,
          "max": "*"
        },
        "type": [
          {
            "code": "Extension",
            "profile": "http://hl7.org/fhir/StructureDefinition/Extension"
          }
        ],
        "constraint": [
          {
            "key": "ext-1",
            "severity": "error",
            "human": "Must have either extensions or value[x], not both",
            "expression": "extension.exists() != value.exists()",
            "xpath": "exists(f:extension)!=exists(f:*[starts-with(local-name(.), 'value')])"
          }
        ],
        "mustSupport": false,
        "isModifier": false,
        "isSummary": false,
        "binding": {
          "strength": "preferred",
          "description": "The codes that describe a patient's current level of ability to ambulate.",
          "valueSetReference": {
            "reference": "http://hl7.org/fhir/ValueSet/v2-0009"
          }
        }
      },
      {
        "id": "Encounter:hspcemergencyencounter.extension:dischargemedicationid$Extension",
        "path": "Encounter.extension",
        "name": "DischargeMedicationId",
        "short": "Extension",
        "definition": "An Extension",
        "min": 0,
        "max": "*",
        "base": {
          "path": "DomainResource.extension",
          "min": 0,
          "max": "*"
        },
        "type": [
          {
            "code": "Extension",
            "profile": "http://hl7.org/fhir/StructureDefinition/Extension"
          }
        ],
        "constraint": [
          {
            "key": "ext-1",
            "severity": "error",
            "human": "Must have either extensions or value[x], not both",
            "expression": "extension.exists() != value.exists()",
            "xpath": "exists(f:extension)!=exists(f:*[starts-with(local-name(.), 'value')])"
          }
        ],
        "mustSupport": false,
        "isModifier": false,
        "isSummary": false
      },
      {
        "id": "Encounter:hspcemergencyencounter.extension:administrativeencounterid$Extension",
        "path": "Encounter.extension",
        "name": "AdministrativeEncounterId",
        "short": "Extension",
        "definition": "An Extension",
        "min": 0,
        "max": "1",
        "base": {
          "path": "DomainResource.extension",
          "min": 0,
          "max": "*"
        },
        "type": [
          {
            "code": "Extension",
            "profile": "http://hl7.org/fhir/StructureDefinition/Extension"
          }
        ],
        "constraint": [
          {
            "key": "ext-1",
            "severity": "error",
            "human": "Must have either extensions or value[x], not both",
            "expression": "extension.exists() != value.exists()",
            "xpath": "exists(f:extension)!=exists(f:*[starts-with(local-name(.), 'value')])"
          }
        ],
        "mustSupport": false,
        "isModifier": false,
        "isSummary": false
      },
      {
        "id": "Encounter:hspcemergencyencounter.extension:chiefcomplaintid$Extension",
        "path": "Encounter.extension",
        "name": "ChiefComplaintId",
        "short": "Extension",
        "definition": "An Extension",
        "min": 0,
        "max": "1",
        "base": {
          "path": "DomainResource.extension",
          "min": 0,
          "max": "*"
        },
        "type": [
          {
            "code": "Extension",
            "profile": "http://hl7.org/fhir/StructureDefinition/Extension"
          }
        ],
        "constraint": [
          {
            "key": "ext-1",
            "severity": "error",
            "human": "Must have either extensions or value[x], not both",
            "expression": "extension.exists() != value.exists()",
            "xpath": "exists(f:extension)!=exists(f:*[starts-with(local-name(.), 'value')])"
          }
        ],
        "mustSupport": false,
        "isModifier": false,
        "isSummary": false
      },
      {
        "id": "Encounter:hspcemergencyencounter.modifierExtension",
        "path": "Encounter.modifierExtension",
        "short": "Extensions that cannot be ignored",
        "definition": "May be used to represent additional information that is not part of the basic definition of the resource, and that modifies the understanding of the element that contains it. Usually modifier elements provide negation or qualification. In order to make the use of extensions safe and manageable, there is a strict set of governance applied to the definition and use of extensions. Though any implementer is allowed to define an extension, there is a set of requirements that SHALL be met as part of the definition of the extension. Applications processing a resource are required to check for modifier extensions.",
        "comments": "There can be no stigma associated with the use of extensions by any application, project, or standard - regardless of the institution or jurisdiction that uses or defines the extensions.  The use of extensions is what allows the FHIR specification to retain a core level of simplicity for everyone.",
        "alias": [
          "extensions",
          "user content"
        ],
        "min": 0,
        "max": "*",
        "base": {
          "path": "DomainResource.modifierExtension",
          "min": 0,
          "max": "*"
        },
        "type": [
          {
            "code": "Extension"
          }
        ],
        "isModifier": true,
        "mapping": [
          {
            "identity": "rim",
            "map": "N/A"
          }
        ]
      },
      {
        "id": "Encounter:hspcemergencyencounter.identifier",
        "path": "Encounter.identifier",
        "short": "Identifier(s) by which this encounter is known",
        "definition": "Identifier(s) by which this encounter is known.",
        "min": 0,
        "max": "*",
        "base": {
          "path": "Encounter.identifier",
          "min": 0,
          "max": "*"
        },
        "type": [
          {
            "code": "Identifier"
          }
        ],
        "isSummary": true,
        "mapping": [
          {
            "identity": "v2",
            "map": "PV1-19"
          },
          {
            "identity": "rim",
            "map": ".id"
          },
          {
            "identity": "w5",
            "map": "id"
          }
        ]
      },
      {
        "id": "Encounter:hspcemergencyencounter.status",
        "path": "Encounter.status",
        "short": "planned | arrived | in-progress | onleave | finished | cancelled | entered-in-error",
        "definition": "planned | arrived | in-progress | onleave | finished | cancelled | entered-in-error.",
        "min": 1,
        "max": "1",
        "base": {
          "path": "Encounter.status",
          "min": 1,
          "max": "1"
        },
        "type": [
          {
            "code": "code"
          }
        ],
        "isModifier": true,
        "isSummary": true,
        "binding": {
          "strength": "required",
          "description": "Current state of the encounter",
          "valueSetReference": {
            "reference": "http://hl7.org/fhir/ValueSet/encounter-status"
          }
        },
        "mapping": [
          {
            "identity": "v2",
            "map": "No clear equivalent in HL7 v2; active/finished could be inferred from PV1-44, PV1-45, PV2-24; inactive could be inferred from PV2-16"
          },
          {
            "identity": "rim",
            "map": ".statusCode"
          },
          {
            "identity": "w5",
            "map": "status"
          }
        ]
      },
      {
        "id": "Encounter:hspcemergencyencounter.statusHistory",
        "path": "Encounter.statusHistory",
        "short": "List of past encounter statuses",
        "definition": "The status history permits the encounter resource to contain the status history without needing to read through the historical versions of the resource, or even have the server store them.",
        "comments": "The current status is always found in the current version of the resource, not the status history.",
        "min": 0,
        "max": "*",
        "base": {
          "path": "Encounter.statusHistory",
          "min": 0,
          "max": "*"
        },
        "type": [
          {
            "code": "BackboneElement"
          }
        ]
      },
      {
        "id": "Encounter:hspcemergencyencounter.statusHistory.id",
        "path": "Encounter.statusHistory.id",
        "representation": [
          "xmlAttr"
        ],
        "short": "xml:id (or equivalent in JSON)",
        "definition": "unique id for the element within a resource (for internal references). This may be any string value that does not contain spaces.",
        "min": 0,
        "max": "1",
        "base": {
          "path": "Element.id",
          "min": 0,
          "max": "*"
        },
        "type": [
          {
            "code": "string"
          }
        ],
        "mapping": [
          {
            "identity": "rim",
            "map": "n/a"
          }
        ]
      },
      {
        "id": "Encounter:hspcemergencyencounter.statusHistory.extension",
        "path": "Encounter.statusHistory.extension",
        "short": "Additional Content defined by implementations",
        "definition": "May be used to represent additional information that is not part of the basic definition of the element. In order to make the use of extensions safe and manageable, there is a strict set of governance  applied to the definition and use of extensions. Though any implementer is allowed to define an extension, there is a set of requirements that SHALL be met as part of the definition of the extension.",
        "comments": "There can be no stigma associated with the use of extensions by any application, project, or standard - regardless of the institution or jurisdiction that uses or defines the extensions.  The use of extensions is what allows the FHIR specification to retain a core level of simplicity for everyone.",
        "alias": [
          "extensions",
          "user content"
        ],
        "min": 0,
        "max": "*",
        "base": {
          "path": "Element.extension",
          "min": 0,
          "max": "*"
        },
        "type": [
          {
            "code": "Extension"
          }
        ],
        "mapping": [
          {
            "identity": "rim",
            "map": "n/a"
          }
        ]
      },
      {
        "id": "Encounter:hspcemergencyencounter.statusHistory.modifierExtension",
        "path": "Encounter.statusHistory.modifierExtension",
        "short": "Extensions that cannot be ignored",
        "definition": "May be used to represent additional information that is not part of the basic definition of the element, and that modifies the understanding of the element that contains it. Usually modifier elements provide negation or qualification. In order to make the use of extensions safe and manageable, there is a strict set of governance applied to the definition and use of extensions. Though any implementer is allowed to define an extension, there is a set of requirements that SHALL be met as part of the definition of the extension. Applications processing a resource are required to check for modifier extensions.",
        "comments": "There can be no stigma associated with the use of extensions by any application, project, or standard - regardless of the institution or jurisdiction that uses or defines the extensions.  The use of extensions is what allows the FHIR specification to retain a core level of simplicity for everyone.",
        "alias": [
          "extensions",
          "user content",
          "modifiers"
        ],
        "min": 0,
        "max": "*",
        "base": {
          "path": "BackboneElement.modifierExtension",
          "min": 0,
          "max": "*"
        },
        "type": [
          {
            "code": "Extension"
          }
        ],
        "isModifier": true,
        "isSummary": true,
        "mapping": [
          {
            "identity": "rim",
            "map": "N/A"
          }
        ]
      },
      {
        "id": "Encounter:hspcemergencyencounter.statusHistory.status",
        "path": "Encounter.statusHistory.status",
        "short": "planned | arrived | in-progress | onleave | finished | cancelled | entered-in-error",
        "definition": "planned | arrived | in-progress | onleave | finished | cancelled | entered-in-error.",
        "min": 1,
        "max": "1",
        "base": {
          "path": "Encounter.statusHistory.status",
          "min": 1,
          "max": "1"
        },
        "type": [
          {
            "code": "code"
          }
        ],
        "binding": {
          "strength": "required",
          "description": "Current state of the encounter",
          "valueSetReference": {
            "reference": "http://hl7.org/fhir/ValueSet/encounter-status"
          }
        }
      },
      {
        "id": "Encounter:hspcemergencyencounter.statusHistory.period",
        "path": "Encounter.statusHistory.period",
        "short": "The time that the episode was in the specified status",
        "definition": "The time that the episode was in the specified status.",
        "min": 1,
        "max": "1",
        "base": {
          "path": "Encounter.statusHistory.period",
          "min": 1,
          "max": "1"
        },
        "type": [
          {
            "code": "Period"
          }
        ]
      },
      {
        "id": "Encounter:hspcemergencyencounter.class",
        "path": "Encounter.class",
        "short": "A reference to a code defined by a terminology system",
        "definition": "A reference to a code defined by a terminology system.",
        "comments": "Codes may be defined very casually in enumerations or code lists, up to very formal definitions such as SNOMED CT - see the HL7 v3 Core Principles for more information.",
        "min": 0,
        "max": "1",
        "base": {
          "path": "Encounter.class",
          "min": 0,
          "max": "1"
        },
        "type": [
          {
            "code": "Coding",
            "profile": "http://hl7.org/fhir/StructureDefinition/Coding"
          }
        ],
        "mustSupport": false,
        "isSummary": false,
        "binding": {
          "strength": "extensible",
          "description": "Classification of the encounter",
          "valueSetReference": {
            "reference": "http://hl7.org/fhir/ValueSet/v3-ActEncounterCode"
          }
        },
        "mapping": [
          {
            "identity": "v2",
            "map": "CE/CNE/CWE subset one of the sets of component 1-3 or 4-6"
          },
          {
            "identity": "rim",
            "map": "CV"
          },
          {
            "identity": "orim",
            "map": "fhir:Coding rdfs:subClassOf dt:CDCoding"
          }
        ]
      },
      {
        "id": "Encounter:hspcemergencyencounter.type",
        "path": "Encounter.type",
        "short": "Specific type of encounter",
        "definition": "Specific type of encounter (e.g. e-mail consultation, surgical day-care, skilled nursing, rehabilitation).",
        "comments": "Since there are many ways to further classify encounters, this element is 0..*.",
        "min": 0,
        "max": "*",
        "base": {
          "path": "Encounter.type",
          "min": 0,
          "max": "*"
        },
        "type": [
          {
            "code": "CodeableConcept"
          }
        ],
        "isSummary": true,
        "binding": {
          "strength": "example",
          "description": "The type of encounter",
          "valueSetReference": {
            "reference": "http://hl7.org/fhir/ValueSet/encounter-type"
          }
        },
        "mapping": [
          {
            "identity": "v2",
            "map": "PV1-4 / PV1-18"
          },
          {
            "identity": "rim",
            "map": ".code"
          },
          {
            "identity": "w5",
            "map": "class"
          }
        ]
      },
      {
        "id": "Encounter:hspcemergencyencounter.priority",
        "path": "Encounter.priority",
        "short": "Indicates the urgency of the encounter",
        "definition": "Indicates the urgency of the encounter.",
        "min": 0,
        "max": "1",
        "base": {
          "path": "Encounter.priority",
          "min": 0,
          "max": "1"
        },
        "type": [
          {
            "code": "CodeableConcept"
          }
        ],
        "mustSupport": false,
        "isSummary": false,
        "binding": {
          "strength": "preferred",
          "description": "The priority level of the encounter",
          "valueSetReference": {
            "reference": "ValueSet/encounterPriority"
          }
        },
        "mapping": [
          {
            "identity": "v2",
            "map": "PV2-25"
          },
          {
            "identity": "rim",
            "map": ".priorityCode"
          },
          {
            "identity": "w5",
            "map": "grade"
          }
        ]
      },
      {
        "id": "Encounter:hspcemergencyencounter.patient",
        "path": "Encounter.patient",
        "short": "The patient present at the encounter",
        "definition": "The patient present at the encounter.",
        "comments": "While the encounter is always about the patient, the patient may not actually be known in all contexts of use.",
        "alias": [
          "patient"
        ],
        "min": 0,
        "max": "1",
        "base": {
          "path": "Encounter.patient",
          "min": 0,
          "max": "1"
        },
        "type": [
          {
            "code": "Reference",
            "profile": "http://hl7.org/fhir/StructureDefinition/Patient"
          }
        ],
        "isSummary": true,
        "mapping": [
          {
            "identity": "v2",
            "map": "PID-3"
          },
          {
            "identity": "rim",
            "map": ".participation[typeCode=SBJ]/role[classCode=PAT]"
          },
          {
            "identity": "w5",
            "map": "who.focus"
          }
        ]
      },
      {
        "id": "Encounter:hspcemergencyencounter.episodeOfCare",
        "path": "Encounter.episodeOfCare",
        "short": "Episode(s) of care that this encounter should be recorded against",
        "definition": "Where a specific encounter should be classified as a part of a specific episode(s) of care this field should be used. This association can facilitate grouping of related encounters together for a specific purpose, such as government reporting, issue tracking, association via a common problem.  The association is recorded on the encounter as these are typically created after the episode of care, and grouped on entry rather than editing the episode of care to append another encounter to it (the episode of care could span years).",
        "min": 0,
        "max": "*",
        "base": {
          "path": "Encounter.episodeOfCare",
          "min": 0,
          "max": "*"
        },
        "type": [
          {
            "code": "Reference",
            "profile": "http://hl7.org/fhir/StructureDefinition/EpisodeOfCare"
          }
        ],
        "isSummary": true,
        "mapping": [
          {
            "identity": "v2",
            "map": "PV1-54, PV1-53"
          },
          {
            "identity": "w5",
            "map": "context"
          }
        ]
      },
      {
        "id": "Encounter:hspcemergencyencounter.incomingReferral",
        "path": "Encounter.incomingReferral",
        "short": "The ReferralRequest that initiated this encounter",
        "definition": "The referral request this encounter satisfies (incoming referral).",
        "min": 0,
        "max": "*",
        "base": {
          "path": "Encounter.incomingReferral",
          "min": 0,
          "max": "*"
        },
        "type": [
          {
            "code": "Reference",
            "profile": "http://hl7.org/fhir/StructureDefinition/ReferralRequest"
          }
        ]
      },
      {
        "id": "Encounter:hspcemergencyencounter.participant",
        "path": "Encounter.participant",
        "short": "List of participants involved in the encounter",
        "definition": "The list of people responsible for providing the service.",
        "min": 0,
        "max": "*",
        "base": {
          "path": "Encounter.participant",
          "min": 0,
          "max": "*"
        },
        "type": [
          {
            "code": "BackboneElement"
          }
        ],
        "mustSupport": false,
        "isSummary": false,
        "mapping": [
          {
            "identity": "v2",
            "map": "ROL"
          },
          {
            "identity": "rim",
            "map": ".participation[typeCode=PFM]"
          }
        ]
      },
      {
        "id": "Encounter:hspcemergencyencounter.participant.id",
        "path": "Encounter.participant.id",
        "representation": [
          "xmlAttr"
        ],
        "short": "xml:id (or equivalent in JSON)",
        "definition": "unique id for the element within a resource (for internal references). This may be any string value that does not contain spaces.",
        "min": 0,
        "max": "1",
        "base": {
          "path": "Element.id",
          "min": 0,
          "max": "*"
        },
        "type": [
          {
            "code": "string"
          }
        ],
        "mapping": [
          {
            "identity": "rim",
            "map": "n/a"
          }
        ]
      },
      {
        "id": "Encounter:hspcemergencyencounter.participant.extension:providerservice$Extension",
        "path": "Encounter.participant.extension",
        "name": "ProviderService",
        "short": "Extension",
        "definition": "An Extension",
        "min": 0,
        "max": "1",
        "base": {
          "path": "Element.extension",
          "min": 0,
          "max": "*"
        },
        "type": [
          {
            "code": "Extension",
            "profile": "http://hl7.org/fhir/StructureDefinition/Extension"
          }
        ],
        "constraint": [
          {
            "key": "ext-1",
            "severity": "error",
            "human": "Must have either extensions or value[x], not both",
            "expression": "extension.exists() != value.exists()",
            "xpath": "exists(f:extension)!=exists(f:*[starts-with(local-name(.), 'value')])"
          }
        ],
        "mustSupport": false,
        "isModifier": false,
        "isSummary": false,
        "binding": {
          "strength": "preferred",
          "description": "The codes that represent the particular specialty or practice group that a provider is affiliated with for the given encounter",
          "valueSetReference": {
            "reference": "http://fhir.org/guides/hspc/ValueSet/practitioner-providerPractitionerSpecialty"
          }
        }
      },
      {
        "id": "Encounter:hspcemergencyencounter.participant.modifierExtension",
        "path": "Encounter.participant.modifierExtension",
        "short": "Extensions that cannot be ignored",
        "definition": "May be used to represent additional information that is not part of the basic definition of the element, and that modifies the understanding of the element that contains it. Usually modifier elements provide negation or qualification. In order to make the use of extensions safe and manageable, there is a strict set of governance applied to the definition and use of extensions. Though any implementer is allowed to define an extension, there is a set of requirements that SHALL be met as part of the definition of the extension. Applications processing a resource are required to check for modifier extensions.",
        "comments": "There can be no stigma associated with the use of extensions by any application, project, or standard - regardless of the institution or jurisdiction that uses or defines the extensions.  The use of extensions is what allows the FHIR specification to retain a core level of simplicity for everyone.",
        "alias": [
          "extensions",
          "user content",
          "modifiers"
        ],
        "min": 0,
        "max": "*",
        "base": {
          "path": "BackboneElement.modifierExtension",
          "min": 0,
          "max": "*"
        },
        "type": [
          {
            "code": "Extension"
          }
        ],
        "isModifier": true,
        "isSummary": true,
        "mapping": [
          {
            "identity": "rim",
            "map": "N/A"
          }
        ]
      },
      {
        "id": "Encounter:hspcemergencyencounter.participant.type",
        "path": "Encounter.participant.type",
        "short": "Role of participant in encounter",
        "definition": "Role of participant in encounter.",
        "comments": "The participant type indicates how an individual partitipates in an encounter. It includes non-practitioner participants, and for practitioners this is to describe the action type in the context of this encounter (e.g. Admitting Dr, Attending Dr, Translator, Consulting Dr). This is different to the practitioner roles which are functional roles, derived from terms of employment, education, licensing, etc.",
        "min": 0,
        "max": "*",
        "base": {
          "path": "Encounter.participant.type",
          "min": 0,
          "max": "*"
        },
        "type": [
          {
            "code": "CodeableConcept"
          }
        ],
        "mustSupport": false,
        "isSummary": false,
        "binding": {
          "strength": "preferred",
          "description": "A set of codes that are used to describe how an entity participates in an encounter",
          "valueSetReference": {
            "reference": "http://hl7.org/fhir/ValueSet/v3-ParticipationType"
          }
        },
        "mapping": [
          {
            "identity": "v2",
            "map": "ROL-3 (or maybe PRT-4)"
          },
          {
            "identity": "rim",
            "map": ".functionCode"
          }
        ]
      },
      {
        "id": "Encounter:hspcemergencyencounter.participant.period",
        "path": "Encounter.participant.period",
        "short": "Period of time during the encounter participant was present",
        "definition": "The period of time that the specified participant was present during the encounter. These can overlap or be sub-sets of the overall encounters period.",
        "min": 0,
        "max": "1",
        "base": {
          "path": "Encounter.participant.period",
          "min": 0,
          "max": "1"
        },
        "type": [
          {
            "code": "Period"
          }
        ],
        "mapping": [
          {
            "identity": "v2",
            "map": "ROL-5, ROL-6 (or maybe PRT-5)"
          }
        ]
      },
      {
        "id": "Encounter:hspcemergencyencounter.participant.individual",
        "path": "Encounter.participant.individual",
        "short": "Persons involved in the encounter other than the patient",
        "definition": "Persons involved in the encounter other than the patient.",
        "min": 0,
        "max": "1",
        "base": {
          "path": "Encounter.participant.individual",
          "min": 0,
          "max": "1"
        },
        "type": [
          {
            "code": "Reference",
            "profile": "http://hl7.org/fhir/StructureDefinition/Practitioner"
          },
          {
            "code": "Reference",
            "profile": "http://hl7.org/fhir/StructureDefinition/RelatedPerson"
          }
        ],
        "isSummary": true,
        "mapping": [
          {
            "identity": "v2",
            "map": "ROL-4"
          },
          {
            "identity": "rim",
            "map": ".role"
          },
          {
            "identity": "w5",
            "map": "who"
          }
        ]
      },
      {
        "id": "Encounter:hspcemergencyencounter.appointment",
        "path": "Encounter.appointment",
        "short": "The appointment that scheduled this encounter",
        "definition": "The appointment that scheduled this encounter.",
        "min": 0,
        "max": "1",
        "base": {
          "path": "Encounter.appointment",
          "min": 0,
          "max": "1"
        },
        "type": [
          {
            "code": "Reference",
            "profile": "http://hl7.org/fhir/StructureDefinition/Appointment"
          }
        ],
        "isSummary": true,
        "mapping": [
          {
            "identity": "v2",
            "map": "SCH-1 / SCH-2"
          },
          {
            "identity": "rim",
            "map": ".outboundRelationship[typeCode=FLFS].target[classCode=ENC, moodCode=APT]"
          }
        ]
      },
      {
        "id": "Encounter:hspcemergencyencounter.period",
        "path": "Encounter.period",
        "short": "The start and end time of the encounter",
        "definition": "The start and end time of the encounter.",
        "comments": "If not (yet) known, the end of the Period may be omitted.",
        "min": 0,
        "max": "1",
        "base": {
          "path": "Encounter.period",
          "min": 0,
          "max": "1"
        },
        "type": [
          {
            "code": "Period"
          }
        ],
        "mapping": [
          {
            "identity": "v2",
            "map": "PV1-44, PV1-45"
          },
          {
            "identity": "rim",
            "map": ".effectiveTime (low & high)"
          },
          {
            "identity": "w5",
            "map": "when.done"
          }
        ]
      },
      {
        "id": "Encounter:hspcemergencyencounter.length",
        "path": "Encounter.length",
        "short": "Quantity of time the encounter lasted (less time absent)",
        "definition": "Quantity of time the encounter lasted. This excludes the time during leaves of absence.",
        "comments": "May differ from the time the Encounter.period lasted because of leave of absence.",
        "min": 0,
        "max": "1",
        "base": {
          "path": "Encounter.length",
          "min": 0,
          "max": "1"
        },
        "type": [
          {
            "code": "Duration"
          }
        ],
        "mapping": [
          {
            "identity": "v2",
            "map": "(PV1-45 less PV1-44) iff ( (PV1-44 not empty) and (PV1-45 not empty) ); units in minutes"
          },
          {
            "identity": "rim",
            "map": ".lengthOfStayQuantity"
          }
        ]
      },
      {
        "id": "Encounter:hspcemergencyencounter.reason",
        "path": "Encounter.reason",
        "short": "Reason the encounter takes place (code)",
        "definition": "Reason the encounter takes place, expressed as a code. For admissions, this can be used for a coded admission diagnosis.",
        "comments": "For systems that need to know which was the primary diagnosis, these will be marked with the standard extension primaryDiagnosis (which is a sequence value rather than a flag, 1 = primary diagnosis).",
        "alias": [
          "Indication",
          "Admission diagnosis"
        ],
        "min": 0,
        "max": "1",
        "base": {
          "path": "Encounter.reason",
          "min": 0,
          "max": "*"
        },
        "type": [
          {
            "code": "CodeableConcept"
          }
        ],
        "mustSupport": false,
        "isSummary": false,
        "binding": {
          "strength": "example",
          "description": "A set of codes that describe why an act was performed",
          "valueSetReference": {
            "reference": "ValueSet/encounterReason"
          }
        },
        "mapping": [
          {
            "identity": "v2",
            "map": "EVN-4 / PV2-3 (note: PV2-3 is nominally constrained to inpatient admissions; HL7 v2 makes no vocabulary suggestions for PV2-3; would not expect PV2 segment or PV2-3 to be in use in all implementations )"
          },
          {
            "identity": "rim",
            "map": ".reasonCode"
          },
          {
            "identity": "w5",
            "map": "why"
          }
        ]
      },
      {
        "id": "Encounter:hspcemergencyencounter.indication",
        "path": "Encounter.indication",
        "short": "Reason the encounter takes place (resource)",
        "definition": "Reason the encounter takes place, as specified using information from another resource. For admissions, this is the admission diagnosis. The indication will typically be a Condition (with other resources referenced in the evidence.detail), or a Procedure.",
        "comments": "For systems that need to know which was the primary diagnosis, these will be marked with the standard extension primaryDiagnosis (which is a sequence value rather than a flag, 1 = primary diagnosis).",
        "alias": [
          "Admission diagnosis"
        ],
        "min": 0,
        "max": "*",
        "base": {
          "path": "Encounter.indication",
          "min": 0,
          "max": "*"
        },
        "type": [
          {
            "code": "Reference",
            "profile": "http://hl7.org/fhir/StructureDefinition/Condition"
          },
          {
            "code": "Reference",
            "profile": "http://hl7.org/fhir/StructureDefinition/Procedure"
          }
        ],
        "mapping": [
          {
            "identity": "v2",
            "map": "Resources that would commonly referenced at Encounter.indication would be Condition and/or Procedure. These most closely align with DG1/PRB and PR1 respectively."
          },
          {
            "identity": "rim",
            "map": ".outboundRelationship[typeCode=RSON].target"
          },
          {
            "identity": "w5",
            "map": "why"
          }
        ]
      },
      {
        "id": "Encounter:hspcemergencyencounter.account",
        "path": "Encounter.account",
        "short": "The set of accounts that may be used for billing for this Encounter",
        "definition": "The set of accounts that may be used for billing for this Encounter.",
        "comments": "The billing system may choose to allocate billable items associated with the Encounter to different referenced Accounts based on internal business rules.",
        "min": 0,
        "max": "*",
        "base": {
          "path": "Encounter.account",
          "min": 0,
          "max": "*"
        },
        "type": [
          {
            "code": "Reference",
            "profile": "http://hl7.org/fhir/StructureDefinition/Account"
          }
        ]
      },
      {
        "id": "Encounter:hspcemergencyencounter.hospitalization",
        "path": "Encounter.hospitalization",
        "short": "Details about the admission to a healthcare service",
        "definition": "Details about the admission to a healthcare service.",
        "comments": "An Encounter may cover more than just the inpatient stay. Contexts such as outpatients, community clinics, and aged care facilities are also included.  The duration recorded in the period of this encounter covers the entire scope of this hospitalization record.",
        "min": 0,
        "max": "1",
        "base": {
          "path": "Encounter.hospitalization",
          "min": 0,
          "max": "1"
        },
        "type": [
          {
            "code": "BackboneElement"
          }
        ],
        "mustSupport": false,
        "isSummary": false,
        "mapping": [
          {
            "identity": "rim",
            "map": ".outboundRelationship[typeCode=COMP].target[classCode=ENC, moodCode=EVN]"
          }
        ]
      },
      {
        "id": "Encounter:hspcemergencyencounter.hospitalization.id",
        "path": "Encounter.hospitalization.id",
        "representation": [
          "xmlAttr"
        ],
        "short": "xml:id (or equivalent in JSON)",
        "definition": "unique id for the element within a resource (for internal references). This may be any string value that does not contain spaces.",
        "min": 0,
        "max": "1",
        "base": {
          "path": "Element.id",
          "min": 0,
          "max": "*"
        },
        "type": [
          {
            "code": "string"
          }
        ],
        "mapping": [
          {
            "identity": "rim",
            "map": "n/a"
          }
        ]
      },
      {
        "id": "Encounter:hspcemergencyencounter.hospitalization.extension",
        "path": "Encounter.hospitalization.extension",
        "short": "Additional Content defined by implementations",
        "definition": "May be used to represent additional information that is not part of the basic definition of the element. In order to make the use of extensions safe and manageable, there is a strict set of governance  applied to the definition and use of extensions. Though any implementer is allowed to define an extension, there is a set of requirements that SHALL be met as part of the definition of the extension.",
        "comments": "There can be no stigma associated with the use of extensions by any application, project, or standard - regardless of the institution or jurisdiction that uses or defines the extensions.  The use of extensions is what allows the FHIR specification to retain a core level of simplicity for everyone.",
        "alias": [
          "extensions",
          "user content"
        ],
        "min": 0,
        "max": "*",
        "base": {
          "path": "Element.extension",
          "min": 0,
          "max": "*"
        },
        "type": [
          {
            "code": "Extension"
          }
        ],
        "mapping": [
          {
            "identity": "rim",
            "map": "n/a"
          }
        ]
      },
      {
        "id": "Encounter:hspcemergencyencounter.hospitalization.modifierExtension",
        "path": "Encounter.hospitalization.modifierExtension",
        "short": "Extensions that cannot be ignored",
        "definition": "May be used to represent additional information that is not part of the basic definition of the element, and that modifies the understanding of the element that contains it. Usually modifier elements provide negation or qualification. In order to make the use of extensions safe and manageable, there is a strict set of governance applied to the definition and use of extensions. Though any implementer is allowed to define an extension, there is a set of requirements that SHALL be met as part of the definition of the extension. Applications processing a resource are required to check for modifier extensions.",
        "comments": "There can be no stigma associated with the use of extensions by any application, project, or standard - regardless of the institution or jurisdiction that uses or defines the extensions.  The use of extensions is what allows the FHIR specification to retain a core level of simplicity for everyone.",
        "alias": [
          "extensions",
          "user content",
          "modifiers"
        ],
        "min": 0,
        "max": "*",
        "base": {
          "path": "BackboneElement.modifierExtension",
          "min": 0,
          "max": "*"
        },
        "type": [
          {
            "code": "Extension"
          }
        ],
        "isModifier": true,
        "isSummary": true,
        "mapping": [
          {
            "identity": "rim",
            "map": "N/A"
          }
        ]
      },
      {
        "id": "Encounter:hspcemergencyencounter.hospitalization.preAdmissionIdentifier",
        "path": "Encounter.hospitalization.preAdmissionIdentifier",
        "short": "Pre-admission identifier",
        "definition": "Pre-admission identifier.",
        "min": 0,
        "max": "1",
        "base": {
          "path": "Encounter.hospitalization.preAdmissionIdentifier",
          "min": 0,
          "max": "1"
        },
        "type": [
          {
            "code": "Identifier"
          }
        ],
        "mapping": [
          {
            "identity": "v2",
            "map": "PV1-5"
          },
          {
            "identity": "rim",
            "map": ".id"
          }
        ]
      },
      {
        "id": "Encounter:hspcemergencyencounter.hospitalization.origin",
        "path": "Encounter.hospitalization.origin",
        "short": "The location from which the patient came before admission",
        "definition": "The location from which the patient came before admission.",
        "min": 0,
        "max": "1",
        "base": {
          "path": "Encounter.hospitalization.origin",
          "min": 0,
          "max": "1"
        },
        "type": [
          {
            "code": "Reference",
            "profile": "http://hl7.org/fhir/StructureDefinition/Location"
          }
        ],
        "mapping": [
          {
            "identity": "rim",
            "map": ".participation[typeCode=ORG].role"
          }
        ]
      },
      {
        "id": "Encounter:hspcemergencyencounter.hospitalization.admitSource",
        "path": "Encounter.hospitalization.admitSource",
        "short": "From where patient was admitted (physician referral, transfer)",
        "definition": "From where patient was admitted (physician referral, transfer).",
        "min": 0,
        "max": "1",
        "base": {
          "path": "Encounter.hospitalization.admitSource",
          "min": 0,
          "max": "1"
        },
        "type": [
          {
            "code": "CodeableConcept"
          }
        ],
        "binding": {
          "strength": "preferred",
          "description": "From where the patient was admitted.",
          "valueSetReference": {
            "reference": "http://hl7.org/fhir/ValueSet/encounter-admit-source"
          }
        },
        "mapping": [
          {
            "identity": "v2",
            "map": "PV1-14"
          },
          {
            "identity": "rim",
            "map": ".admissionReferralSourceCode"
          }
        ]
      },
      {
        "id": "Encounter:hspcemergencyencounter.hospitalization.admittingDiagnosis",
        "path": "Encounter.hospitalization.admittingDiagnosis",
        "short": "The admitting diagnosis as reported by admitting practitioner",
        "definition": "The admitting diagnosis field is used to record the diagnosis codes as reported by admitting practitioner. This could be different or in addition to the conditions reported as reason-condition(s) for the encounter.",
        "min": 0,
        "max": "*",
        "base": {
          "path": "Encounter.hospitalization.admittingDiagnosis",
          "min": 0,
          "max": "*"
        },
        "type": [
          {
            "code": "Reference",
            "profile": "http://hl7.org/fhir/StructureDefinition/Condition"
          }
        ]
      },
      {
        "id": "Encounter:hspcemergencyencounter.hospitalization.reAdmission",
        "path": "Encounter.hospitalization.reAdmission",
        "short": "The type of hospital re-admission that has occurred (if any). If the value is absent, then this is not identified as a readmission",
        "definition": "Whether this hospitalization is a readmission and why if known.",
        "min": 0,
        "max": "1",
        "base": {
          "path": "Encounter.hospitalization.reAdmission",
          "min": 0,
          "max": "1"
        },
        "type": [
          {
            "code": "CodeableConcept"
          }
        ],
        "binding": {
          "strength": "example",
          "description": "The reason for re-admission of this hospitalization encounter.",
          "valueSetReference": {
            "reference": "http://hl7.org/fhir/ValueSet/v2-0092"
          }
        },
        "mapping": [
          {
            "identity": "v2",
            "map": "PV1-13"
          },
          {
            "identity": "rim",
            "map": "Propose at harmonization"
          }
        ]
      },
      {
        "id": "Encounter:hspcemergencyencounter.hospitalization.dietPreference",
        "path": "Encounter.hospitalization.dietPreference",
        "short": "Diet preferences reported by the patient",
        "definition": "Diet preferences reported by the patient.",
        "comments": "For example a patient may request both a dairy-free and nut-free diet preference (not mutually exclusive).",
        "requirements": "Used to track patient's diet restrictions and/or preference. For a complete description of the nutrition needs of a patient during their stay, one should use the nutritionOrder resource which links to Encounter.",
        "min": 0,
        "max": "*",
        "base": {
          "path": "Encounter.hospitalization.dietPreference",
          "min": 0,
          "max": "*"
        },
        "type": [
          {
            "code": "CodeableConcept"
          }
        ],
        "binding": {
          "strength": "example",
          "description": "Medical, cultural or ethical food preferences to help with catering requirements.",
          "valueSetReference": {
            "reference": "http://hl7.org/fhir/ValueSet/encounter-diet"
          }
        },
        "mapping": [
          {
            "identity": "v2",
            "map": "PV1-38"
          },
          {
            "identity": "rim",
            "map": ".outboundRelationship[typeCode=COMP].target[classCode=SBADM, moodCode=EVN, code=\"diet\"]"
          }
        ]
      },
      {
        "id": "Encounter:hspcemergencyencounter.hospitalization.specialCourtesy",
        "path": "Encounter.hospitalization.specialCourtesy",
        "short": "Special courtesies (VIP, board member)",
        "definition": "Special courtesies (VIP, board member).",
        "min": 0,
        "max": "*",
        "base": {
          "path": "Encounter.hospitalization.specialCourtesy",
          "min": 0,
          "max": "*"
        },
        "type": [
          {
            "code": "CodeableConcept"
          }
        ],
        "mustSupport": false,
        "isSummary": false,
        "binding": {
          "strength": "preferred",
          "description": "A set of codes that describe the kind of courtesies to be extended to the patient during the encounter",
          "valueSetReference": {
            "reference": "http://hl7.org/fhir/ValueSet/v3-EncounterSpecialCourtesy"
          }
        },
        "mapping": [
          {
            "identity": "v2",
            "map": "PV1-16"
          },
          {
            "identity": "rim",
            "map": ".specialCourtesiesCode"
          }
        ]
      },
      {
        "id": "Encounter:hspcemergencyencounter.hospitalization.specialArrangement",
        "path": "Encounter.hospitalization.specialArrangement",
        "short": "Wheelchair, translator, stretcher, etc.",
        "definition": "Wheelchair, translator, stretcher, etc.",
        "min": 0,
        "max": "*",
        "base": {
          "path": "Encounter.hospitalization.specialArrangement",
          "min": 0,
          "max": "*"
        },
        "type": [
          {
            "code": "CodeableConcept"
          }
        ],
        "mustSupport": false,
        "isSummary": false,
        "binding": {
          "strength": "preferred",
          "description": "A set of codes that describe any particular needs for a patient regarding this encounter.",
          "valueSetReference": {
            "reference": "ValueSet/specialArrangement"
          }
        },
        "mapping": [
          {
            "identity": "v2",
            "map": "PV1-15 / OBR-30 / OBR-43"
          },
          {
            "identity": "rim",
            "map": ".specialArrangementCode"
          }
        ]
      },
      {
        "id": "Encounter:hspcemergencyencounter.hospitalization.destination",
        "path": "Encounter.hospitalization.destination",
        "short": "Location to which the patient is discharged",
        "definition": "Location to which the patient is discharged.",
        "min": 0,
        "max": "1",
        "base": {
          "path": "Encounter.hospitalization.destination",
          "min": 0,
          "max": "1"
        },
        "type": [
          {
            "code": "Reference",
            "profile": "http://hl7.org/fhir/StructureDefinition/Location"
          }
        ],
        "mapping": [
          {
            "identity": "v2",
            "map": "PV1-37"
          },
          {
            "identity": "rim",
            "map": ".participation[typeCode=DST]"
          }
        ]
      },
      {
        "id": "Encounter:hspcemergencyencounter.hospitalization.dischargeDisposition",
        "path": "Encounter.hospitalization.dischargeDisposition",
        "short": "Category or kind of location after discharge",
        "definition": "Category or kind of location after discharge.",
        "min": 0,
        "max": "1",
        "base": {
          "path": "Encounter.hospitalization.dischargeDisposition",
          "min": 0,
          "max": "1"
        },
        "type": [
          {
            "code": "CodeableConcept"
          }
        ],
        "binding": {
          "strength": "example",
          "description": "Discharge Disposition",
          "valueSetReference": {
            "reference": "http://hl7.org/fhir/ValueSet/encounter-discharge-disposition"
          }
        },
        "mapping": [
          {
            "identity": "v2",
            "map": "PV1-36"
          },
          {
            "identity": "rim",
            "map": ".dischargeDispositionCode"
          }
        ]
      },
      {
        "id": "Encounter:hspcemergencyencounter.hospitalization.dischargeDiagnosis",
        "path": "Encounter.hospitalization.dischargeDiagnosis",
        "short": "The final diagnosis given a patient before release from the hospital after all testing, surgery, and workup are complete",
        "definition": "The final diagnosis given a patient before release from the hospital after all testing, surgery, and workup are complete.",
        "min": 0,
        "max": "*",
        "base": {
          "path": "Encounter.hospitalization.dischargeDiagnosis",
          "min": 0,
          "max": "*"
        },
        "type": [
          {
            "code": "Reference",
            "profile": "http://hl7.org/fhir/StructureDefinition/Condition"
          }
        ],
        "mapping": [
          {
            "identity": "rim",
            "map": ".outboundRelationship[typeCode=OUT].target[classCode=OBS, moodCode=EVN, code=ASSERTION].value"
          }
        ]
      },
      {
        "id": "Encounter:hspcemergencyencounter.location",
        "path": "Encounter.location",
        "slicing": {
          "discriminator": [
            "Encounter.location.location|flase|open"
          ],
          "rules": "open"
        },
        "short": "List of locations where the patient has been",
        "definition": "List of locations where  the patient has been during this encounter.",
        "comments": "Virtual encounters can be recorded in the Encounter by specifying a location reference to a location of type \"kind\" such as \"client's home\" and an encounter.class = \"virtual\".",
        "min": 0,
        "max": "*",
        "base": {
          "path": "Encounter.location",
          "min": 0,
          "max": "*"
        },
        "type": [
          {
            "code": "BackboneElement"
          }
        ],
        "mapping": [
          {
            "identity": "rim",
            "map": ".participation[typeCode=LOC]"
          }
        ]
      },
      {
        "id": "Encounter:hspcemergencyencounter.location:assignedparticipatinglocation",
        "path": "Encounter.location",
        "name": "AssignedParticipatingLocation",
        "short": "List of locations where the patient has been",
        "definition": "List of locations where  the patient has been during this encounter.",
        "comments": "Virtual encounters can be recorded in the Encounter by specifying a location reference to a location of type \"kind\" such as \"client's home\" and an encounter.class = \"virtual\".",
        "min": 0,
        "max": "1",
        "base": {
          "path": "Encounter.location",
          "min": 0,
          "max": "*"
        },
        "type": [
          {
            "code": "BackboneElement"
          }
        ],
        "mustSupport": false,
        "isSummary": false,
        "mapping": [
          {
            "identity": "rim",
            "map": ".participation[typeCode=LOC]"
          }
        ]
      },
      {
        "id": "Encounter:hspcemergencyencounter.location:assignedparticipatinglocation.id",
        "path": "Encounter.location.id",
        "representation": [
          "xmlAttr"
        ],
        "short": "xml:id (or equivalent in JSON)",
        "definition": "unique id for the element within a resource (for internal references). This may be any string value that does not contain spaces.",
        "min": 0,
        "max": "1",
        "base": {
          "path": "Element.id",
          "min": 0,
          "max": "*"
        },
        "type": [
          {
            "code": "string"
          }
        ],
        "mapping": [
          {
            "identity": "rim",
            "map": "n/a"
          }
        ]
      },
      {
        "id": "Encounter:hspcemergencyencounter.location:assignedparticipatinglocation.extension:patientarrivalstatus$Extension",
        "path": "Encounter.location.extension",
        "name": "PatientArrivalStatus",
        "short": "Extension",
        "definition": "An Extension",
        "min": 0,
        "max": "1",
        "base": {
          "path": "Element.extension",
          "min": 0,
          "max": "*"
        },
        "type": [
          {
            "code": "Extension",
            "profile": "http://hl7.org/fhir/StructureDefinition/Extension"
          }
        ],
        "constraint": [
          {
            "key": "ext-1",
            "severity": "error",
            "human": "Must have either extensions or value[x], not both",
            "expression": "extension.exists() != value.exists()",
            "xpath": "exists(f:extension)!=exists(f:*[starts-with(local-name(.), 'value')])"
          }
        ],
        "mustSupport": false,
        "isModifier": false,
        "isSummary": false,
        "binding": {
          "strength": "preferred",
          "description": "The codes that describe whether or not the patient has arrived at the specified location for the encounter",
          "valueSetReference": {
            "reference": "ValueSet/arrivalStatus"
          }
        }
      },
      {
        "id": "Encounter:hspcemergencyencounter.location:assignedparticipatinglocation.modifierExtension",
        "path": "Encounter.location.modifierExtension",
        "short": "Extensions that cannot be ignored",
        "definition": "May be used to represent additional information that is not part of the basic definition of the element, and that modifies the understanding of the element that contains it. Usually modifier elements provide negation or qualification. In order to make the use of extensions safe and manageable, there is a strict set of governance applied to the definition and use of extensions. Though any implementer is allowed to define an extension, there is a set of requirements that SHALL be met as part of the definition of the extension. Applications processing a resource are required to check for modifier extensions.",
        "comments": "There can be no stigma associated with the use of extensions by any application, project, or standard - regardless of the institution or jurisdiction that uses or defines the extensions.  The use of extensions is what allows the FHIR specification to retain a core level of simplicity for everyone.",
        "alias": [
          "extensions",
          "user content",
          "modifiers"
        ],
        "min": 0,
        "max": "*",
        "base": {
          "path": "BackboneElement.modifierExtension",
          "min": 0,
          "max": "*"
        },
        "type": [
          {
            "code": "Extension"
          }
        ],
        "isModifier": true,
        "isSummary": true,
        "mapping": [
          {
            "identity": "rim",
            "map": "N/A"
          }
        ]
      },
      {
        "id": "Encounter:hspcemergencyencounter.location:assignedparticipatinglocation.location",
        "path": "Encounter.location.location",
        "short": "A reference from one resource to another",
        "definition": "A reference from one resource to another.",
        "min": 1,
        "max": "1",
        "base": {
          "path": "Encounter.location.location",
          "min": 1,
          "max": "1"
        },
        "type": [
          {
            "code": "Reference",
            "profile": "http://hl7.org/fhir/StructureDefinition/Reference"
          }
        ],
        "mustSupport": false,
        "isSummary": false,
        "mapping": [
          {
            "identity": "rim",
            "map": "The target of a resource reference is a RIM entry point (Act, Role, or Entity)"
          }
        ]
      },
      {
        "id": "Encounter:hspcemergencyencounter.location:assignedparticipatinglocation.status",
        "path": "Encounter.location.status",
        "short": "planned | active | reserved | completed",
        "definition": "The status of the participants' presence at the specified location during the period specified. If the participant is is no longer at the location, then the period will have an end date/time.",
        "comments": "When the patient is no longer active at a location, then the period end date is entered, and the status may be changed to completed.",
        "min": 0,
        "max": "1",
        "base": {
          "path": "Encounter.location.status",
          "min": 0,
          "max": "1"
        },
        "type": [
          {
            "code": "code"
          }
        ],
        "binding": {
          "strength": "required",
          "description": "The status of the location.",
          "valueSetReference": {
            "reference": "http://hl7.org/fhir/ValueSet/encounter-location-status"
          }
        }
      },
      {
        "id": "Encounter:hspcemergencyencounter.location:assignedparticipatinglocation.period",
        "path": "Encounter.location.period",
        "short": "Time period during which the patient was present at the location",
        "definition": "Time period during which the patient was present at the location.",
        "min": 0,
        "max": "1",
        "base": {
          "path": "Encounter.location.period",
          "min": 0,
          "max": "1"
        },
        "type": [
          {
            "code": "Period"
          }
        ],
        "mapping": [
          {
            "identity": "rim",
            "map": ".time"
          }
        ]
      },
      {
        "id": "Encounter:hspcemergencyencounter.location:servicedeliverylocation",
        "path": "Encounter.location",
        "name": "ServiceDeliveryLocation",
        "short": "List of locations where the patient has been",
        "definition": "List of locations where  the patient has been during this encounter.",
        "comments": "Virtual encounters can be recorded in the Encounter by specifying a location reference to a location of type \"kind\" such as \"client's home\" and an encounter.class = \"virtual\".",
        "min": 0,
        "max": "1",
        "base": {
          "path": "Encounter.location",
          "min": 0,
          "max": "*"
        },
        "type": [
          {
            "code": "BackboneElement"
          }
        ],
        "mustSupport": false,
        "isSummary": false,
        "mapping": [
          {
            "identity": "rim",
            "map": ".participation[typeCode=LOC]"
          }
        ]
      },
      {
        "id": "Encounter:hspcemergencyencounter.location:servicedeliverylocation.id",
        "path": "Encounter.location.id",
        "representation": [
          "xmlAttr"
        ],
        "short": "xml:id (or equivalent in JSON)",
        "definition": "unique id for the element within a resource (for internal references). This may be any string value that does not contain spaces.",
        "min": 0,
        "max": "1",
        "base": {
          "path": "Element.id",
          "min": 0,
          "max": "*"
        },
        "type": [
          {
            "code": "string"
          }
        ],
        "mapping": [
          {
            "identity": "rim",
            "map": "n/a"
          }
        ]
      },
      {
        "id": "Encounter:hspcemergencyencounter.location:servicedeliverylocation.extension:servicedeliverylocationcondition$Extension",
        "path": "Encounter.location.extension",
        "name": "ServiceDeliveryLocationCondition",
        "short": "Extension",
        "definition": "An Extension",
        "min": 0,
        "max": "1",
        "base": {
          "path": "Element.extension",
          "min": 0,
          "max": "*"
        },
        "type": [
          {
            "code": "Extension",
            "profile": "http://hl7.org/fhir/StructureDefinition/Extension"
          }
        ],
        "constraint": [
          {
            "key": "ext-1",
            "severity": "error",
            "human": "Must have either extensions or value[x], not both",
            "expression": "extension.exists() != value.exists()",
            "xpath": "exists(f:extension)!=exists(f:*[starts-with(local-name(.), 'value')])"
          }
        ],
        "mustSupport": false,
        "isModifier": false,
        "isSummary": false,
        "binding": {
          "strength": "preferred",
          "description": "The codes that describe the state of readiness of the encounter location",
          "valueSetReference": {
            "reference": "ValueSet/locationCondition"
          }
        }
      },
      {
        "id": "Encounter:hspcemergencyencounter.location:servicedeliverylocation.modifierExtension",
        "path": "Encounter.location.modifierExtension",
        "short": "Extensions that cannot be ignored",
        "definition": "May be used to represent additional information that is not part of the basic definition of the element, and that modifies the understanding of the element that contains it. Usually modifier elements provide negation or qualification. In order to make the use of extensions safe and manageable, there is a strict set of governance applied to the definition and use of extensions. Though any implementer is allowed to define an extension, there is a set of requirements that SHALL be met as part of the definition of the extension. Applications processing a resource are required to check for modifier extensions.",
        "comments": "There can be no stigma associated with the use of extensions by any application, project, or standard - regardless of the institution or jurisdiction that uses or defines the extensions.  The use of extensions is what allows the FHIR specification to retain a core level of simplicity for everyone.",
        "alias": [
          "extensions",
          "user content",
          "modifiers"
        ],
        "min": 0,
        "max": "*",
        "base": {
          "path": "BackboneElement.modifierExtension",
          "min": 0,
          "max": "*"
        },
        "type": [
          {
            "code": "Extension"
          }
        ],
        "isModifier": true,
        "isSummary": true,
        "mapping": [
          {
            "identity": "rim",
            "map": "N/A"
          }
        ]
      },
      {
        "id": "Encounter:hspcemergencyencounter.location:servicedeliverylocation.location",
        "path": "Encounter.location.location",
        "short": "A reference from one resource to another",
        "definition": "A reference from one resource to another.",
        "min": 1,
        "max": "1",
        "base": {
          "path": "Encounter.location.location",
          "min": 1,
          "max": "1"
        },
        "type": [
          {
            "code": "Reference",
            "profile": "http://hl7.org/fhir/StructureDefinition/Reference"
          }
        ],
        "mustSupport": false,
        "isSummary": false,
        "mapping": [
          {
            "identity": "rim",
            "map": "The target of a resource reference is a RIM entry point (Act, Role, or Entity)"
          }
        ]
      },
      {
        "id": "Encounter:hspcemergencyencounter.location:servicedeliverylocation.status",
        "path": "Encounter.location.status",
        "short": "planned | active | reserved | completed",
        "definition": "The status of the participants' presence at the specified location during the period specified. If the participant is is no longer at the location, then the period will have an end date/time.",
        "comments": "When the patient is no longer active at a location, then the period end date is entered, and the status may be changed to completed.",
        "min": 0,
        "max": "1",
        "base": {
          "path": "Encounter.location.status",
          "min": 0,
          "max": "1"
        },
        "type": [
          {
            "code": "code"
          }
        ],
        "binding": {
          "strength": "required",
          "description": "The status of the location.",
          "valueSetReference": {
            "reference": "http://hl7.org/fhir/ValueSet/encounter-location-status"
          }
        }
      },
      {
        "id": "Encounter:hspcemergencyencounter.location:servicedeliverylocation.period",
        "path": "Encounter.location.period",
        "short": "Time period during which the patient was present at the location",
        "definition": "Time period during which the patient was present at the location.",
        "min": 0,
        "max": "1",
        "base": {
          "path": "Encounter.location.period",
          "min": 0,
          "max": "1"
        },
        "type": [
          {
            "code": "Period"
          }
        ],
        "mapping": [
          {
            "identity": "rim",
            "map": ".time"
          }
        ]
      },
      {
        "id": "Encounter:hspcemergencyencounter.serviceProvider",
        "path": "Encounter.serviceProvider",
        "short": "The custodian organization of this Encounter record",
        "definition": "An organization that is in charge of maintaining the information of this Encounter (e.g. who maintains the report or the master service catalog item, etc.). This MAY be the same as the organization on the Patient record, however it could be different. This MAY not be not the Service Delivery Location's Organization.",
        "min": 0,
        "max": "1",
        "base": {
          "path": "Encounter.serviceProvider",
          "min": 0,
          "max": "1"
        },
        "type": [
          {
            "code": "Reference",
            "profile": "http://hl7.org/fhir/StructureDefinition/Organization"
          }
        ],
        "mapping": [
          {
            "identity": "v2",
            "map": "PV1-10 / PL.6  & PL.1  (note: HL7 v2 definition is \"the treatment or type of surgery that the patient is scheduled to receive\"; seems slightly out of alignment with the concept name 'hospital service'. Would not trust that implementations apply this semantic by default)"
          },
          {
            "identity": "rim",
            "map": ".particiaption[typeCode=PFM].role"
          }
        ]
      },
      {
        "id": "Encounter:hspcemergencyencounter.partOf",
        "path": "Encounter.partOf",
        "short": "Another Encounter this encounter is part of",
        "definition": "Another Encounter of which this encounter is a part of (administratively or in time).",
        "comments": "This is also used for associating a child's encounter back to the mother's encounter.  Refer to the Notes section in the Patient resource for further details.",
        "min": 0,
        "max": "1",
        "base": {
          "path": "Encounter.partOf",
          "min": 0,
          "max": "1"
        },
        "type": [
          {
            "code": "Reference",
            "profile": "http://hl7.org/fhir/StructureDefinition/Encounter"
          }
        ],
        "mapping": [
          {
            "identity": "rim",
            "map": ".inboundRelationship[typeCode=COMP].source[classCode=COMP, moodCode=EVN]"
          }
        ]
      }
    ]
  },
  "differential": {
    "element": [
      {
        "id": "Encounter:hspcemergencyencounter",
        "path": "Encounter",
        "name": "HSPC Emergency Encounter",
        "mustSupport": false,
        "isModifier": false,
        "isSummary": false,
        "mapping": [
          {
            "identity": "qdm",
            "map": "Patient Characteristic"
          }
        ]
      },
      {
        "id": "Encounter:hspcemergencyencounter.encounter-reasonCancelled",
        "path": "Encounter.encounter-reasonCancelled",
        "mustSupport": false,
        "isModifier": false,
        "isSummary": false,
        "binding": {
          "strength": "preferred",
          "description": "A set of codes that describe why an individual's encounter has been done away with.",
          "valueSetReference": {
            "reference": "ValueSet/reasonCancelled"
          }
        }
      },
      {
        "id": "Encounter:hspcemergencyencounter.extension:confidentiality$Extension",
        "path": "Encounter.extension",
        "name": "Confidentiality",
        "min": 0,
        "max": "1",
        "type": [
          {
            "code": "Extension",
            "profile": "http://hl7.org/fhir/StructureDefinition/Extension"
          }
        ],
        "mustSupport": false,
        "isModifier": false,
        "isSummary": false,
        "binding": {
          "strength": "preferred",
          "description": "The set of values that describe the level of confidentiality for the patient encounter.",
          "valueSetReference": {
            "reference": "http://hl7.org/fhir/ValueSet/v2-0907"
          }
        }
      },
      {
        "id": "Encounter:hspcemergencyencounter.extension:hospitalservice$Extension",
        "path": "Encounter.extension",
        "name": "HospitalService",
        "min": 0,
        "max": "1",
        "type": [
          {
            "code": "Extension",
            "profile": "http://hl7.org/fhir/StructureDefinition/Extension"
          }
        ],
        "mustSupport": false,
        "isModifier": false,
        "isSummary": false,
        "binding": {
          "strength": "preferred",
          "description": "The particular healthcare specialty or care group responsible for the care of the patient during the encounter",
          "valueSetReference": {
            "reference": "http://fhir.org/guides/hspc/ValueSet/practitioner-providerPractitionerSpecialty"
          }
        }
      },
      {
        "id": "Encounter:hspcemergencyencounter.extension:viplevel$Extension",
        "path": "Encounter.extension",
        "name": "VipLevel",
        "min": 0,
        "max": "1",
        "type": [
          {
            "code": "Extension",
            "profile": "http://hl7.org/fhir/StructureDefinition/Extension"
          }
        ],
        "mustSupport": false,
        "isModifier": false,
        "isSummary": false,
        "binding": {
          "strength": "preferred",
          "description": "A set of codes that describe the sensitivity level of a patient's information",
          "valueSetReference": {
            "reference": "ValueSet/hspc-viplevel"
          }
        }
      },
      {
        "id": "Encounter:hspcemergencyencounter.extension:ambulatorystatus$Extension",
        "path": "Encounter.extension",
        "name": "AmbulatoryStatus",
        "min": 0,
        "max": "1",
        "type": [
          {
            "code": "Extension",
            "profile": "http://hl7.org/fhir/StructureDefinition/Extension"
          }
        ],
        "mustSupport": false,
        "isModifier": false,
        "isSummary": false,
        "binding": {
          "strength": "preferred",
          "description": "The codes that describe a patient's current level of ability to ambulate.",
          "valueSetReference": {
            "reference": "http://hl7.org/fhir/ValueSet/v2-0009"
          }
        }
      },
      {
        "id": "Encounter:hspcemergencyencounter.extension:dischargemedicationid$Extension",
        "path": "Encounter.extension",
        "name": "DischargeMedicationId",
        "min": 0,
        "max": "*",
        "type": [
          {
            "code": "Extension",
            "profile": "http://hl7.org/fhir/StructureDefinition/Extension"
          }
        ],
        "mustSupport": false,
        "isModifier": false,
        "isSummary": false
      },
      {
        "id": "Encounter:hspcemergencyencounter.extension:administrativeencounterid$Extension",
        "path": "Encounter.extension",
        "name": "AdministrativeEncounterId",
        "min": 0,
        "max": "1",
        "type": [
          {
            "code": "Extension",
            "profile": "http://hl7.org/fhir/StructureDefinition/Extension"
          }
        ],
        "mustSupport": false,
        "isModifier": false,
        "isSummary": false
      },
      {
        "id": "Encounter:hspcemergencyencounter.extension:chiefcomplaintid$Extension",
        "path": "Encounter.extension",
        "name": "ChiefComplaintId",
        "min": 0,
        "max": "1",
        "type": [
          {
            "code": "Extension",
            "profile": "http://hl7.org/fhir/StructureDefinition/Extension"
          }
        ],
        "mustSupport": false,
        "isModifier": false,
        "isSummary": false
      },
      {
        "id": "Encounter:hspcemergencyencounter.class",
        "path": "Encounter.class",
        "type": [
          {
            "code": "Coding",
            "profile": "http://hl7.org/fhir/StructureDefinition/Coding"
          }
        ],
        "mustSupport": false,
        "isModifier": false,
        "isSummary": false
      },
      {
        "id": "Encounter:hspcemergencyencounter.priority",
        "path": "Encounter.priority",
        "min": 0,
        "max": "1",
        "mustSupport": false,
        "isModifier": false,
        "isSummary": false,
        "binding": {
          "strength": "preferred",
          "description": "The priority level of the encounter",
          "valueSetReference": {
            "reference": "ValueSet/encounterPriority"
          }
        }
      },
      {
        "id": "Encounter:hspcemergencyencounter.participant",
        "path": "Encounter.participant",
        "mustSupport": false,
        "isModifier": false,
        "isSummary": false
      },
      {
        "id": "Encounter:hspcemergencyencounter.participant.extension:providerservice$Extension",
        "path": "Encounter.participant.extension",
        "name": "ProviderService",
        "min": 0,
        "max": "1",
        "type": [
          {
            "code": "Extension",
            "profile": "http://hl7.org/fhir/StructureDefinition/Extension"
          }
        ],
        "mustSupport": false,
        "isModifier": false,
        "isSummary": false,
        "binding": {
          "strength": "preferred",
          "description": "The codes that represent the particular specialty or practice group that a provider is affiliated with for the given encounter",
          "valueSetReference": {
            "reference": "http://fhir.org/guides/hspc/ValueSet/practitioner-providerPractitionerSpecialty"
          }
        }
      },
      {
        "id": "Encounter:hspcemergencyencounter.participant.type",
        "path": "Encounter.participant.type",
        "mustSupport": false,
        "isModifier": false,
        "isSummary": false,
        "binding": {
          "strength": "preferred",
          "description": "A set of codes that are used to describe how an entity participates in an encounter",
          "valueSetReference": {
            "reference": "http://hl7.org/fhir/ValueSet/v3-ParticipationType"
          }
        }
      },
      {
        "id": "Encounter:hspcemergencyencounter.reason",
        "path": "Encounter.reason",
        "min": 0,
        "max": "1",
        "mustSupport": false,
        "isModifier": false,
        "isSummary": false,
        "binding": {
          "strength": "example",
          "description": "A set of codes that describe why an act was performed",
          "valueSetReference": {
            "reference": "ValueSet/encounterReason"
          }
        }
      },
      {
        "id": "Encounter:hspcemergencyencounter.hospitalization",
        "path": "Encounter.hospitalization",
        "mustSupport": false,
        "isModifier": false,
        "isSummary": false
      },
      {
        "id": "Encounter:hspcemergencyencounter.hospitalization.specialCourtesy",
        "path": "Encounter.hospitalization.specialCourtesy",
        "mustSupport": false,
        "isModifier": false,
        "isSummary": false,
        "binding": {
          "strength": "preferred",
          "description": "A set of codes that describe the kind of courtesies to be extended to the patient during the encounter",
          "valueSetReference": {
            "reference": "http://hl7.org/fhir/ValueSet/v3-EncounterSpecialCourtesy"
          }
        }
      },
      {
        "id": "Encounter:hspcemergencyencounter.hospitalization.specialArrangement",
        "path": "Encounter.hospitalization.specialArrangement",
        "mustSupport": false,
        "isModifier": false,
        "isSummary": false,
        "binding": {
          "strength": "preferred",
          "description": "A set of codes that describe any particular needs for a patient regarding this encounter.",
          "valueSetReference": {
            "reference": "ValueSet/specialArrangement"
          }
        }
      },
      {
        "id": "Encounter:hspcemergencyencounter.location:assignedparticipatinglocation",
        "path": "Encounter.location",
        "name": "AssignedParticipatingLocation",
        "slicing": {
          "discriminator": [
            "Encounter.location.location|flase|open"
          ],
          "rules": "open"
        },
        "min": 0,
        "max": "1",
        "mustSupport": false,
        "isModifier": false,
        "isSummary": false
      },
      {
        "id": "Encounter:hspcemergencyencounter.location:assignedparticipatinglocation.extension:patientarrivalstatus$Extension",
        "path": "Encounter.location.extension",
        "name": "PatientArrivalStatus",
        "min": 0,
        "max": "1",
        "type": [
          {
            "code": "Extension",
            "profile": "http://hl7.org/fhir/StructureDefinition/Extension"
          }
        ],
        "mustSupport": false,
        "isModifier": false,
        "isSummary": false,
        "binding": {
          "strength": "preferred",
          "description": "The codes that describe whether or not the patient has arrived at the specified location for the encounter",
          "valueSetReference": {
            "reference": "ValueSet/arrivalStatus"
          }
        }
      },
      {
        "id": "Encounter:hspcemergencyencounter.location:assignedparticipatinglocation.location",
        "path": "Encounter.location.location",
        "type": [
          {
            "code": "Reference",
            "profile": "http://hl7.org/fhir/StructureDefinition/Reference"
          }
        ],
        "mustSupport": false,
        "isModifier": false,
        "isSummary": false
      },
      {
        "id": "Encounter:hspcemergencyencounter.location:servicedeliverylocation",
        "path": "Encounter.location",
        "name": "ServiceDeliveryLocation",
        "min": 0,
        "max": "1",
        "mustSupport": false,
        "isModifier": false,
        "isSummary": false
      },
      {
        "id": "Encounter:hspcemergencyencounter.location:servicedeliverylocation.extension:servicedeliverylocationcondition$Extension",
        "path": "Encounter.location.extension",
        "name": "ServiceDeliveryLocationCondition",
        "min": 0,
        "max": "1",
        "type": [
          {
            "code": "Extension",
            "profile": "http://hl7.org/fhir/StructureDefinition/Extension"
          }
        ],
        "mustSupport": false,
        "isModifier": false,
        "isSummary": false,
        "binding": {
          "strength": "preferred",
          "description": "The codes that describe the state of readiness of the encounter location",
          "valueSetReference": {
            "reference": "ValueSet/locationCondition"
          }
        }
      },
      {
        "id": "Encounter:hspcemergencyencounter.location:servicedeliverylocation.location",
        "path": "Encounter.location.location",
        "type": [
          {
            "code": "Reference",
            "profile": "http://hl7.org/fhir/StructureDefinition/Reference"
          }
        ],
        "mustSupport": false,
        "isModifier": false,
        "isSummary": false
      }
    ]
  }
}