<?xml version="1.0" encoding="UTF-8"?>

<ValueSet xmlns="http://hl7.org/fhir">
  <id value="allergyIntoleranceStatus"/>
  <meta>
    <profile value="http://hl7.org/fhir/StructureDefinition/valueset-shareable-definition"/>
  </meta>
  <url value="http://fhir.org/guides/hspc/ValueSet/allergyIntoleranceStatus"/>
  <version value="0.01"/>
  <name value="HSPC Allergy/Intolerance Status Value Set"/>
  <status value="draft"/>
  <publisher value="Health Services Platform Consortium (HSPC)"/>
  <date value="2015-07-31"/>
  <description value="SELECT SNOMED CT and Intermountain Healthcare HDD code system values."/>
  <immutable value="true"/>
  <copyright value="This value set includes content from SNOMED CT, which is copyright © 2002+ International Health Terminology Standards Development Organisation (IHTSDO), and distributed by agreement between IHTSDO and HL7. Implementer use of SNOMED CT is not covered by this agreement."/>
  <extensible value="true"/>
  <compose>
    <include>
      <system value="http://snomed.info/sct"/>
      <concept>
        <code value="55561003"/>
        <display value="Active (qualifier value)"/>
      </concept>
      <concept>
        <code value="260385009"/>
        <display value="Negative (qualifier value)"/>
      </concept>
      <concept>
        <code value="261665006"/>
        <display value="Unknown (qualifier value)"/>
      </concept>
      <concept>
        <code value="255545003"/>
        <display value="Definite (qualifier value)"/>
      </concept>
      <concept>
        <code value="410605003"/>
        <display value="Confirmed present (qualifier value)"/>
      </concept>
    </include>
    <include>
      <system value="http://fhir.org/guides/hspc/CodeSystem/allergyintolerancestatus"/>
    </include>
  </compose>
</ValueSet>