<?xml version="1.0" encoding="UTF-8"?>

<ValueSet xmlns="http://hl7.org/fhir">
  <id value="locationCondition"/>
  <meta>
    <profile value="http://hl7.org/fhir/StructureDefinition/valueset-shareable-definition"/>
  </meta>
  <url value="http://fhir.org/guides/hspc/ValueSet/locationCondition"/>
  <name value="HSPC Service Delivery Location Condition value set"/>
  <status value="draft"/>
  <publisher value="HSPC"/>
  <contact>
    <telecom>
      <system value="other"/>
      <value value="http://healthcaresoa.org"/>
    </telecom>
  </contact>
  <description value="The list of codes that describe how the data came into being."/>
  <copyright value="Intermountain Healthcare HDD"/>
  <compose>
    <include>
      <system value="http://fhir.org/guides/hspc/CodeSystem/locationCondition"/>
    </include>
  </compose>
</ValueSet>