<?xml version="1.0" encoding="UTF-8"?>

<ValueSet xmlns="http://hl7.org/fhir">
  <id value="sensorDescription"/>
  <meta>
    <profile value="http://hl7.org/fhir/StructureDefinition/valueset-shareable-definition"/>
  </meta>
  <url value="http://fhir.org/guides/hspc/ValueSet/sensorDescription"/>
  <version value="0.01"/>
  <name value="HSPC Sensor Description value set"/>
  <status value="draft"/>
  <publisher value="Health Services Platform Consortium (HSPC)"/>
  <date value="2015-02-09"/>
  <description value="Select Intermountain Healthcare Sensor Description code system codes."/>
  <immutable value="true"/>
  <copyright value="Intermountain Healthcare"/>
  <extensible value="true"/>
  <compose>
    <include>
      <system value="http://fhir.org/guides/hspc/CodeSystem/sensorDescription"/>
    </include>
  </compose>
</ValueSet>