<?xml version="1.0" encoding="UTF-8"?>

<ValueSet xmlns="http://hl7.org/fhir">
  <id value="gestationalAgeUOM"/>
  <meta>
    <profile value="http://hl7.org/fhir/StructureDefinition/valueset-shareable-definition"/>
  </meta>
  <url value="http://fhir.org/guides/hspc/ValueSet/gestationalAgeUOM"/>
  <name value="HSPC Age Units of Measure Value Set"/>
  <status value="draft"/>
  <publisher value="HSPC"/>
  <contact>
    <telecom>
      <system value="other"/>
      <value value="http://healthcaresoa.org"/>
    </telecom>
  </contact>
  <description value="The list of codes used as units of measure for an individual&#39;s age."/>
  <copyright value="This value set includes content from UCUM. Implementer use of UCUM is not covered by this agreement"/>
  <compose>
    <include>
      <system value="http://unitsofmeasure.org"/>
      <concept>
        <code value="mo"/>
        <display value="Month [time]"/>
      </concept>
      <concept>
        <code value="wk"/>
        <display value="Week [time]"/>
      </concept>
      <concept>
        <code value="d"/>
        <display value="Day [time]"/>
      </concept>
    </include>
  </compose>
</ValueSet>