{
  "resourceType": "CodeSystem",
  "id": "visit-type",
  "text": {
    "status": "generated",
    "div": "<div xmlns=\"http://www.w3.org/1999/xhtml\"><h2>Argonaut Visit Type Codes</h2><div><p>The Argonaut Visit Types are a prioritized valueset of the most common 'business types' for scheduling and have been identified as the baseline use cases for the  Argonaut Scheduling Implementation Guide.  This is intended to facilitates implementation of the IG by provide a common starting point for interoperability.  The Visit types can be extended by implementers to meet there use cases.  In order to align with the FHIR Appointment, Schedule and Slot resources, these concepts are mapped to the Argonaut Appointment Types and Argonaut Scheduling Services Valuesets which are Snomed Concepts.</p>\n</div><p>This code system http://fhir.org/guides/argonaut-scheduling/CodeSystem/visit-type defines the following codes:</p><table class=\"codes\"><tr><td style=\"white-space:nowrap\"><b>Code</b></td><td><b>Display</b></td><td><b>Definition</b></td></tr><tr><td style=\"white-space:nowrap\">breast-imaging<a name=\"visit-type-breast-imaging\"> </a></td><td>BREAST IMAGING</td><td>breast imaging  visit</td></tr><tr><td style=\"white-space:nowrap\">consult<a name=\"visit-type-consult\"> </a></td><td>CONSULTATION</td><td>consultation visit</td></tr><tr><td style=\"white-space:nowrap\">ct<a name=\"visit-type-ct\"> </a></td><td>COMPUTED TOMOGRAPHY SCAN(CT)</td><td>computed tomography scan(ct) visit</td></tr><tr><td style=\"white-space:nowrap\">dental<a name=\"visit-type-dental\"> </a></td><td>DENTAL</td><td>dental visit</td></tr><tr><td style=\"white-space:nowrap\">dxa<a name=\"visit-type-dxa\"> </a></td><td>DUAL-ENERGY X-RAY ABSORPTIOMETRY(DXA)</td><td>Dual-energy X-ray absorptiometry(dxa) visit</td></tr><tr><td style=\"white-space:nowrap\">echo<a name=\"visit-type-echo\"> </a></td><td>ECHOCARDIOGRAPHY(ECHO)</td><td>echocardiography(echo) visit</td></tr><tr><td style=\"white-space:nowrap\">echo-stresstest<a name=\"visit-type-echo-stresstest\"> </a></td><td>ECHOCARDIOGRAPHY(ECHO) STRESS TEST</td><td>echocardiography(echo) stress test visit</td></tr><tr><td style=\"white-space:nowrap\">ed-followup<a name=\"visit-type-ed-followup\"> </a></td><td>EDUCATION FOLLOW UP</td><td>education follow up visit</td></tr><tr><td style=\"white-space:nowrap\">eeg<a name=\"visit-type-eeg\"> </a></td><td>ELECTROENCEPHALOGRAPHY(EEG)</td><td>Electroencephalography(eeg) visit</td></tr><tr><td style=\"white-space:nowrap\">egd<a name=\"visit-type-egd\"> </a></td><td>ESOPHAGOGASTRODUODENOSCOPY(EGD)</td><td>esophagogastroduodenoscopy(egd) visit</td></tr><tr><td style=\"white-space:nowrap\">ekg<a name=\"visit-type-ekg\"> </a></td><td>ELECTROCARDIOGRAM(EKG)</td><td>electrocardiogram(ekg) visit</td></tr><tr><td style=\"white-space:nowrap\">evaluation<a name=\"visit-type-evaluation\"> </a></td><td>EVALUATION</td><td>evaluation visit</td></tr><tr><td style=\"white-space:nowrap\">flu-shot-clinic<a name=\"visit-type-flu-shot-clinic\"> </a></td><td>INFLUENZA VACCINATION CLINIC</td><td>Influenza vaccination clinic visit</td></tr><tr><td style=\"white-space:nowrap\">fluoroscopy<a name=\"visit-type-fluoroscopy\"> </a></td><td>FLUOROSCOPY</td><td>fluoroscopy visit</td></tr><tr><td style=\"white-space:nowrap\">follow-up<a name=\"visit-type-follow-up\"> </a></td><td>FOLLOW UP</td><td>follow up visit</td></tr><tr><td style=\"white-space:nowrap\">home-health<a name=\"visit-type-home-health\"> </a></td><td>HOME HEALTH VISIT</td><td>home health visit visit</td></tr><tr><td style=\"white-space:nowrap\">injection<a name=\"visit-type-injection\"> </a></td><td>INJECTION</td><td>injection visit</td></tr><tr><td style=\"white-space:nowrap\">inter-rad<a name=\"visit-type-inter-rad\"> </a></td><td>INTERVENTIONAL RADIOLOGY</td><td>interventional radiology visit</td></tr><tr><td style=\"white-space:nowrap\">lab<a name=\"visit-type-lab\"> </a></td><td>LABORATORY TESTS</td><td>Laboratory Testing visit</td></tr><tr><td style=\"white-space:nowrap\">minor-surgery<a name=\"visit-type-minor-surgery\"> </a></td><td>MINOR SURGERY</td><td>minor surgery visit</td></tr><tr><td style=\"white-space:nowrap\">mri<a name=\"visit-type-mri\"> </a></td><td>MAGNETIC RESONANCE IMAGING(MRI)</td><td>magnetic resonance imaging(mri) visit</td></tr><tr><td style=\"white-space:nowrap\">new-patient<a name=\"visit-type-new-patient\"> </a></td><td>NEW PATIENT</td><td>new patient visit</td></tr><tr><td style=\"white-space:nowrap\">nuc-med<a name=\"visit-type-nuc-med\"> </a></td><td>NUCLEAR MEDICINE</td><td>nuclear medicine visit</td></tr><tr><td style=\"white-space:nowrap\">occup-therapy<a name=\"visit-type-occup-therapy\"> </a></td><td>OCCUPATIONAL THERAPY</td><td>occupational therapy visit</td></tr><tr><td style=\"white-space:nowrap\">office-visit<a name=\"visit-type-office-visit\"> </a></td><td>OFFICE VISIT</td><td>office visit</td></tr><tr><td style=\"white-space:nowrap\">physical<a name=\"visit-type-physical\"> </a></td><td>PHYSICAL</td><td>physical visit</td></tr><tr><td style=\"white-space:nowrap\">post-op<a name=\"visit-type-post-op\"> </a></td><td>POST-OPERATIVE(POST-OP)</td><td>post-operative visit</td></tr><tr><td style=\"white-space:nowrap\">pre-admit-testing<a name=\"visit-type-pre-admit-testing\"> </a></td><td>PRE-ADMISSION TESTING VISIT</td><td>pre-admission testing visit visit</td></tr><tr><td style=\"white-space:nowrap\">pre-op<a name=\"visit-type-pre-op\"> </a></td><td>PRE-OPERATIVE(PRE-OP)</td><td>pre-operative(pre-op) visit</td></tr><tr><td style=\"white-space:nowrap\">procedure<a name=\"visit-type-procedure\"> </a></td><td>PROCEDURE</td><td>procedure visit</td></tr><tr><td style=\"white-space:nowrap\">same-day<a name=\"visit-type-same-day\"> </a></td><td>SAME DAY</td><td>same day visit</td></tr><tr><td style=\"white-space:nowrap\">stress-test<a name=\"visit-type-stress-test\"> </a></td><td>STRESS TEST</td><td>stress test visit</td></tr><tr><td style=\"white-space:nowrap\">surgery<a name=\"visit-type-surgery\"> </a></td><td>SURGERY</td><td>surgery visit</td></tr><tr><td style=\"white-space:nowrap\">treatment<a name=\"visit-type-treatment\"> </a></td><td>TREATMENT</td><td>treatment visit</td></tr><tr><td style=\"white-space:nowrap\">ultrasound<a name=\"visit-type-ultrasound\"> </a></td><td>ULTRASOUND</td><td>ultrasound visit</td></tr><tr><td style=\"white-space:nowrap\">urgent<a name=\"visit-type-urgent\"> </a></td><td>URGENT</td><td>urgent visit</td></tr><tr><td style=\"white-space:nowrap\">vaccine<a name=\"visit-type-vaccine\"> </a></td><td>VACCINATION</td><td>vaccination visit</td></tr><tr><td style=\"white-space:nowrap\">vision<a name=\"visit-type-vision\"> </a></td><td>VISION</td><td>vision visit</td></tr><tr><td style=\"white-space:nowrap\">walk-in<a name=\"visit-type-walk-in\"> </a></td><td>WALK IN</td><td>walk in visit</td></tr><tr><td style=\"white-space:nowrap\">well-child<a name=\"visit-type-well-child\"> </a></td><td>WELL CHILD</td><td>well child visit</td></tr><tr><td style=\"white-space:nowrap\">x-ray<a name=\"visit-type-x-ray\"> </a></td><td>X-RAY</td><td>x-ray visit</td></tr></table></div>"
  },
  "url": "http://fhir.org/guides/argonaut-scheduling/CodeSystem/visit-type",
  "version": "1.0.0",
  "name": "Argonaut_Visit_Types_Codes",
  "title": "Argonaut Visit Type Codes",
  "status": "active",
  "experimental": false,
  "date": "2017-07-31T02:46:45+10:00",
  "description": "The Argonaut Visit Types are a prioritized valueset of the most common 'business types' for scheduling and have been identified as the baseline use cases for the  Argonaut Scheduling Implementation Guide.  This is intended to facilitates implementation of the IG by provide a common starting point for interoperability.  The Visit types can be extended by implementers to meet there use cases.  In order to align with the FHIR Appointment, Schedule and Slot resources, these concepts are mapped to the Argonaut Appointment Types and Argonaut Scheduling Services Valuesets which are Snomed Concepts.",
  "jurisdiction": [
    {
      "coding": [
        {
          "system": "urn:iso:std:iso:3166",
          "code": "US",
          "display": "United States of America"
        }
      ]
    }
  ],
  "caseSensitive": true,
  "valueSet": "http://fhir.org/guides/argonaut-scheduling/ValueSet/visit-type",
  "content": "complete",
  "concept": [
    {
      "code": "breast-imaging",
      "display": "BREAST IMAGING",
      "definition": "breast imaging  visit"
    },
    {
      "code": "consult",
      "display": "CONSULTATION",
      "definition": "consultation visit"
    },
    {
      "code": "ct",
      "display": "COMPUTED TOMOGRAPHY SCAN(CT)",
      "definition": "computed tomography scan(ct) visit"
    },
    {
      "code": "dental",
      "display": "DENTAL",
      "definition": "dental visit"
    },
    {
      "code": "dxa",
      "display": "DUAL-ENERGY X-RAY ABSORPTIOMETRY(DXA)",
      "definition": "Dual-energy X-ray absorptiometry(dxa) visit"
    },
    {
      "code": "echo",
      "display": "ECHOCARDIOGRAPHY(ECHO)",
      "definition": "echocardiography(echo) visit"
    },
    {
      "code": "echo-stresstest",
      "display": "ECHOCARDIOGRAPHY(ECHO) STRESS TEST",
      "definition": "echocardiography(echo) stress test visit"
    },
    {
      "code": "ed-followup",
      "display": "EDUCATION FOLLOW UP",
      "definition": "education follow up visit"
    },
    {
      "code": "eeg",
      "display": "ELECTROENCEPHALOGRAPHY(EEG)",
      "definition": "Electroencephalography(eeg) visit"
    },
    {
      "code": "egd",
      "display": "ESOPHAGOGASTRODUODENOSCOPY(EGD)",
      "definition": "esophagogastroduodenoscopy(egd) visit"
    },
    {
      "code": "ekg",
      "display": "ELECTROCARDIOGRAM(EKG)",
      "definition": "electrocardiogram(ekg) visit"
    },
    {
      "code": "evaluation",
      "display": "EVALUATION",
      "definition": "evaluation visit"
    },
    {
      "code": "flu-shot-clinic",
      "display": "INFLUENZA VACCINATION CLINIC",
      "definition": "Influenza vaccination clinic visit"
    },
    {
      "code": "fluoroscopy",
      "display": "FLUOROSCOPY",
      "definition": "fluoroscopy visit"
    },
    {
      "code": "follow-up",
      "display": "FOLLOW UP",
      "definition": "follow up visit"
    },
    {
      "code": "home-health",
      "display": "HOME HEALTH VISIT",
      "definition": "home health visit visit"
    },
    {
      "code": "injection",
      "display": "INJECTION",
      "definition": "injection visit"
    },
    {
      "code": "inter-rad",
      "display": "INTERVENTIONAL RADIOLOGY",
      "definition": "interventional radiology visit"
    },
    {
      "code": "lab",
      "display": "LABORATORY TESTS",
      "definition": "Laboratory Testing visit"
    },
    {
      "code": "minor-surgery",
      "display": "MINOR SURGERY",
      "definition": "minor surgery visit"
    },
    {
      "code": "mri",
      "display": "MAGNETIC RESONANCE IMAGING(MRI)",
      "definition": "magnetic resonance imaging(mri) visit"
    },
    {
      "code": "new-patient",
      "display": "NEW PATIENT",
      "definition": "new patient visit"
    },
    {
      "code": "nuc-med",
      "display": "NUCLEAR MEDICINE",
      "definition": "nuclear medicine visit"
    },
    {
      "code": "occup-therapy",
      "display": "OCCUPATIONAL THERAPY",
      "definition": "occupational therapy visit"
    },
    {
      "code": "office-visit",
      "display": "OFFICE VISIT",
      "definition": "office visit"
    },
    {
      "code": "physical",
      "display": "PHYSICAL",
      "definition": "physical visit"
    },
    {
      "code": "post-op",
      "display": "POST-OPERATIVE(POST-OP)",
      "definition": "post-operative visit"
    },
    {
      "code": "pre-admit-testing",
      "display": "PRE-ADMISSION TESTING VISIT",
      "definition": "pre-admission testing visit visit"
    },
    {
      "code": "pre-op",
      "display": "PRE-OPERATIVE(PRE-OP)",
      "definition": "pre-operative(pre-op) visit"
    },
    {
      "code": "procedure",
      "display": "PROCEDURE",
      "definition": "procedure visit"
    },
    {
      "code": "same-day",
      "display": "SAME DAY",
      "definition": "same day visit"
    },
    {
      "code": "stress-test",
      "display": "STRESS TEST",
      "definition": "stress test visit"
    },
    {
      "code": "surgery",
      "display": "SURGERY",
      "definition": "surgery visit"
    },
    {
      "code": "treatment",
      "display": "TREATMENT",
      "definition": "treatment visit"
    },
    {
      "code": "ultrasound",
      "display": "ULTRASOUND",
      "definition": "ultrasound visit"
    },
    {
      "code": "urgent",
      "display": "URGENT",
      "definition": "urgent visit"
    },
    {
      "code": "vaccine",
      "display": "VACCINATION",
      "definition": "vaccination visit"
    },
    {
      "code": "vision",
      "display": "VISION",
      "definition": "vision visit"
    },
    {
      "code": "walk-in",
      "display": "WALK IN",
      "definition": "walk in visit"
    },
    {
      "code": "well-child",
      "display": "WELL CHILD",
      "definition": "well child visit"
    },
    {
      "code": "x-ray",
      "display": "X-RAY",
      "definition": "x-ray visit"
    }
  ]
}