{
  "resourceType": "ConceptMap",
  "id": "visit-appt-map",
  "text": {
    "status": "generated",
    "div": "<div xmlns=\"http://www.w3.org/1999/xhtml\">\n\t\t\t<h2>Argonaut Scheduling Visit Type to Appointment Type Mapping(http://fhir.org/guides/argonaut-scheduling/ConceptMap/visit-appt-map)</h2>\n\t\t\t<p>Mapping from <a href=\"http://fhir.org/guides/argonaut-scheduling/ValueSet/visit-type\">http://fhir.org/guides/argonaut-scheduling/ValueSet/visit-type</a> to <a href=\"http://fhir.org/guides/argonaut-scheduling/ValueSet/appt-type\">http://fhir.org/guides/argonaut-scheduling/ValueSet/appt-type</a>\n\t\t\t</p>\n\t\t\t<p>DRAFT. Published on Oct 30, 2017 6:49:44 PM by Argonaut Project</p>\n\t\t\t<p>The source concepts are Argonaut Visit Types which are a prioritized valueset of the most common appointment types for scheduling and have been identified as the baseline use cases for the  Argonaut scheduling Implementation Guide.   The Visit types are mapped to the target concepts from the Argonaut Appointment Types Valueset in order to align with the FHIR Appointment, Schedule and Slot resources.  <strong>Note</strong>: where the there is no mapping the appointment type is assumed to be 'ROUTINE'.</p>\n\t\t\t<br/>\n\t\t\t<table class=\"grid\">\n\t\t\t\t<thead>\n\t\t\t\t\t<tr>\n\t\t\t\t\t\t<th>\n\t\t\t\t\t\t\t<strong>Source Code</strong>\n\t\t\t\t\t\t</th>\n\t\t\t\t\t\t<th>\n\t\t\t\t\t\t\t<strong>Equivalence</strong>\n\t\t\t\t\t\t</th>\n\t\t\t\t\t\t<th>\n\t\t\t\t\t\t\t<strong>Destination Code</strong>\n\t\t\t\t\t\t</th>\n\t\t\t\t\t\t<th>\n\t\t\t\t\t\t\t<strong>Destination CodeSystem</strong>\n\t\t\t\t\t\t</th>\n\t\t\t\t\t\t<th>\n\t\t\t\t\t\t\t<strong>Comment</strong>\n\t\t\t\t\t\t</th>\n\t\t\t\t\t</tr>\n\t\t\t\t</thead>\n\t\t\t\t<tbody>\n\t\t\t\t\t<tr>\n\t\t\t\t\t\t<td>breast-imaging</td>\n\t\t\t\t\t\t<td/>\n\t\t\t\t\t\t<td/>\n\t\t\t\t\t\t<td/>\n\t\t\t\t\t\t<td/>\n\t\t\t\t\t</tr>\n\t\t\t\t\t<tr>\n\t\t\t\t\t\t<td>consult</td>\n\t\t\t\t\t\t<td/>\n\t\t\t\t\t\t<td/>\n\t\t\t\t\t\t<td/>\n\t\t\t\t\t\t<td/>\n\t\t\t\t\t</tr>\n\t\t\t\t\t<tr>\n\t\t\t\t\t\t<td>ct</td>\n\t\t\t\t\t\t<td/>\n\t\t\t\t\t\t<td/>\n\t\t\t\t\t\t<td/>\n\t\t\t\t\t\t<td/>\n\t\t\t\t\t</tr>\n\t\t\t\t\t<tr>\n\t\t\t\t\t\t<td>dental</td>\n\t\t\t\t\t\t<td/>\n\t\t\t\t\t\t<td/>\n\t\t\t\t\t\t<td/>\n\t\t\t\t\t\t<td/>\n\t\t\t\t\t</tr>\n\t\t\t\t\t<tr>\n\t\t\t\t\t\t<td>dxa</td>\n\t\t\t\t\t\t<td/>\n\t\t\t\t\t\t<td/>\n\t\t\t\t\t\t<td/>\n\t\t\t\t\t\t<td/>\n\t\t\t\t\t</tr>\n\t\t\t\t\t<tr>\n\t\t\t\t\t\t<td>echo</td>\n\t\t\t\t\t\t<td/>\n\t\t\t\t\t\t<td/>\n\t\t\t\t\t\t<td/>\n\t\t\t\t\t\t<td/>\n\t\t\t\t\t</tr>\n\t\t\t\t\t<tr>\n\t\t\t\t\t\t<td>echo-stresstest</td>\n\t\t\t\t\t\t<td/>\n\t\t\t\t\t\t<td/>\n\t\t\t\t\t\t<td/>\n\t\t\t\t\t\t<td/>\n\t\t\t\t\t</tr>\n\t\t\t\t\t<tr>\n\t\t\t\t\t\t<td>ed-followup</td>\n\t\t\t\t\t\t<td>equivalent</td>\n\t\t\t\t\t\t<td>FOLLOWUP</td>\n\t\t\t\t\t\t<td>\n\t\t\t\t\t\t\t<a href=\"http://hl7.org/fhir/v2/0276\">http://hl7.org/fhir/v2/0276</a>\n\t\t\t\t\t\t</td>\n\t\t\t\t\t\t<td/>\n\t\t\t\t\t</tr>\n\t\t\t\t\t<tr>\n\t\t\t\t\t\t<td>eeg</td>\n\t\t\t\t\t\t<td/>\n\t\t\t\t\t\t<td/>\n\t\t\t\t\t\t<td/>\n\t\t\t\t\t\t<td/>\n\t\t\t\t\t</tr>\n\t\t\t\t\t<tr>\n\t\t\t\t\t\t<td>egd</td>\n\t\t\t\t\t\t<td/>\n\t\t\t\t\t\t<td/>\n\t\t\t\t\t\t<td/>\n\t\t\t\t\t\t<td/>\n\t\t\t\t\t</tr>\n\t\t\t\t\t<tr>\n\t\t\t\t\t\t<td>ekg</td>\n\t\t\t\t\t\t<td/>\n\t\t\t\t\t\t<td/>\n\t\t\t\t\t\t<td/>\n\t\t\t\t\t\t<td/>\n\t\t\t\t\t</tr>\n\t\t\t\t\t<tr>\n\t\t\t\t\t\t<td>evaluation</td>\n\t\t\t\t\t\t<td/>\n\t\t\t\t\t\t<td/>\n\t\t\t\t\t\t<td/>\n\t\t\t\t\t\t<td/>\n\t\t\t\t\t</tr>\n\t\t\t\t\t<tr>\n\t\t\t\t\t\t<td>flu-shot-clinic</td>\n\t\t\t\t\t\t<td/>\n\t\t\t\t\t\t<td/>\n\t\t\t\t\t\t<td/>\n\t\t\t\t\t\t<td/>\n\t\t\t\t\t</tr>\n\t\t\t\t\t<tr>\n\t\t\t\t\t\t<td>fluoroscopy</td>\n\t\t\t\t\t\t<td/>\n\t\t\t\t\t\t<td/>\n\t\t\t\t\t\t<td/>\n\t\t\t\t\t\t<td/>\n\t\t\t\t\t</tr>\n\t\t\t\t\t<tr>\n\t\t\t\t\t\t<td>follow-up</td>\n\t\t\t\t\t\t<td>equivalent</td>\n\t\t\t\t\t\t<td>FOLLOWUP</td>\n\t\t\t\t\t\t<td>\n\t\t\t\t\t\t\t<a href=\"http://hl7.org/fhir/v2/0276\">http://hl7.org/fhir/v2/0276</a>\n\t\t\t\t\t\t</td>\n\t\t\t\t\t\t<td/>\n\t\t\t\t\t</tr>\n\t\t\t\t\t<tr>\n\t\t\t\t\t\t<td>home-heath visit</td>\n\t\t\t\t\t\t<td/>\n\t\t\t\t\t\t<td/>\n\t\t\t\t\t\t<td/>\n\t\t\t\t\t\t<td/>\n\t\t\t\t\t</tr>\n\t\t\t\t\t<tr>\n\t\t\t\t\t\t<td>injection</td>\n\t\t\t\t\t\t<td/>\n\t\t\t\t\t\t<td/>\n\t\t\t\t\t\t<td/>\n\t\t\t\t\t\t<td/>\n\t\t\t\t\t</tr>\n\t\t\t\t\t<tr>\n\t\t\t\t\t\t<td>interventional-rad</td>\n\t\t\t\t\t\t<td/>\n\t\t\t\t\t\t<td/>\n\t\t\t\t\t\t<td/>\n\t\t\t\t\t\t<td/>\n\t\t\t\t\t</tr>\n\t\t\t\t\t<tr>\n\t\t\t\t\t\t<td>lab</td>\n\t\t\t\t\t\t<td/>\n\t\t\t\t\t\t<td/>\n\t\t\t\t\t\t<td/>\n\t\t\t\t\t\t<td/>\n\t\t\t\t\t</tr>\n\t\t\t\t\t<tr>\n\t\t\t\t\t\t<td>minor-surgery</td>\n\t\t\t\t\t\t<td/>\n\t\t\t\t\t\t<td/>\n\t\t\t\t\t\t<td/>\n\t\t\t\t\t\t<td/>\n\t\t\t\t\t</tr>\n\t\t\t\t\t<tr>\n\t\t\t\t\t\t<td>mri</td>\n\t\t\t\t\t\t<td/>\n\t\t\t\t\t\t<td/>\n\t\t\t\t\t\t<td/>\n\t\t\t\t\t\t<td/>\n\t\t\t\t\t</tr>\n\t\t\t\t\t<tr>\n\t\t\t\t\t\t<td>new-patient</td>\n\t\t\t\t\t\t<td>equal</td>\n\t\t\t\t\t\t<td>new-patient</td>\n\t\t\t\t\t\t<td>\n\t\t\t\t\t\t\t<a href=\"http://fhir.org/guides/argonaut-scheduling/CodeSystem/appt-types\">http://fhir.org/guides/argonaut-scheduling/CodeSystem/appt-types</a>\n\t\t\t\t\t\t</td>\n\t\t\t\t\t\t<td/>\n\t\t\t\t\t</tr>\n\t\t\t\t\t<tr>\n\t\t\t\t\t\t<td>nuc-med</td>\n\t\t\t\t\t\t<td/>\n\t\t\t\t\t\t<td/>\n\t\t\t\t\t\t<td/>\n\t\t\t\t\t\t<td/>\n\t\t\t\t\t</tr>\n\t\t\t\t\t<tr>\n\t\t\t\t\t\t<td>occup-therapy</td>\n\t\t\t\t\t\t<td/>\n\t\t\t\t\t\t<td/>\n\t\t\t\t\t\t<td/>\n\t\t\t\t\t\t<td/>\n\t\t\t\t\t</tr>\n\t\t\t\t\t<tr>\n\t\t\t\t\t\t<td>office-visit</td>\n\t\t\t\t\t\t<td/>\n\t\t\t\t\t\t<td/>\n\t\t\t\t\t\t<td/>\n\t\t\t\t\t\t<td/>\n\t\t\t\t\t</tr>\n\t\t\t\t\t<tr>\n\t\t\t\t\t\t<td>physical</td>\n\t\t\t\t\t\t<td/>\n\t\t\t\t\t\t<td/>\n\t\t\t\t\t\t<td/>\n\t\t\t\t\t\t<td/>\n\t\t\t\t\t</tr>\n\t\t\t\t\t<tr>\n\t\t\t\t\t\t<td>post-op</td>\n\t\t\t\t\t\t<td>equal</td>\n\t\t\t\t\t\t<td>post-op</td>\n\t\t\t\t\t\t<td>\n\t\t\t\t\t\t\t<a href=\"http://fhir.org/guides/argonaut-scheduling/CodeSystem/appt-types\">http://fhir.org/guides/argonaut-scheduling/CodeSystem/appt-types</a>\n\t\t\t\t\t\t</td>\n\t\t\t\t\t\t<td/>\n\t\t\t\t\t</tr>\n\t\t\t\t\t<tr>\n\t\t\t\t\t\t<td>pre-admit-testing</td>\n\t\t\t\t\t\t<td/>\n\t\t\t\t\t\t<td/>\n\t\t\t\t\t\t<td/>\n\t\t\t\t\t\t<td/>\n\t\t\t\t\t</tr>\n\t\t\t\t\t<tr>\n\t\t\t\t\t\t<td>pre-op</td>\n\t\t\t\t\t\t<td>equal</td>\n\t\t\t\t\t\t<td>pre-op</td>\n\t\t\t\t\t\t<td>\n\t\t\t\t\t\t\t<a href=\"http://fhir.org/guides/argonaut-scheduling/CodeSystem/appt-types\">http://fhir.org/guides/argonaut-scheduling/CodeSystem/appt-types</a>\n\t\t\t\t\t\t</td>\n\t\t\t\t\t\t<td/>\n\t\t\t\t\t</tr>\n\t\t\t\t\t<tr>\n\t\t\t\t\t\t<td>procedure</td>\n\t\t\t\t\t\t<td/>\n\t\t\t\t\t\t<td/>\n\t\t\t\t\t\t<td/>\n\t\t\t\t\t\t<td/>\n\t\t\t\t\t</tr>\n\t\t\t\t\t<tr>\n\t\t\t\t\t\t<td>same-day</td>\n\t\t\t\t\t\t<td>equal</td>\n\t\t\t\t\t\t<td>same-day</td>\n\t\t\t\t\t\t<td>\n\t\t\t\t\t\t\t<a href=\"http://fhir.org/guides/argonaut-scheduling/CodeSystem/appt-types\">http://fhir.org/guides/argonaut-scheduling/CodeSystem/appt-types</a>\n\t\t\t\t\t\t</td>\n\t\t\t\t\t\t<td/>\n\t\t\t\t\t</tr>\n\t\t\t\t\t<tr>\n\t\t\t\t\t\t<td>stress-test</td>\n\t\t\t\t\t\t<td/>\n\t\t\t\t\t\t<td/>\n\t\t\t\t\t\t<td/>\n\t\t\t\t\t\t<td/>\n\t\t\t\t\t</tr>\n\t\t\t\t\t<tr>\n\t\t\t\t\t\t<td>surgery</td>\n\t\t\t\t\t\t<td/>\n\t\t\t\t\t\t<td/>\n\t\t\t\t\t\t<td/>\n\t\t\t\t\t\t<td/>\n\t\t\t\t\t</tr>\n\t\t\t\t\t<tr>\n\t\t\t\t\t\t<td>treatment</td>\n\t\t\t\t\t\t<td/>\n\t\t\t\t\t\t<td/>\n\t\t\t\t\t\t<td/>\n\t\t\t\t\t\t<td/>\n\t\t\t\t\t</tr>\n\t\t\t\t\t<tr>\n\t\t\t\t\t\t<td>ultrasound</td>\n\t\t\t\t\t\t<td/>\n\t\t\t\t\t\t<td/>\n\t\t\t\t\t\t<td/>\n\t\t\t\t\t\t<td/>\n\t\t\t\t\t</tr>\n\t\t\t\t\t<tr>\n\t\t\t\t\t\t<td>urgent</td>\n\t\t\t\t\t\t<td>equal</td>\n\t\t\t\t\t\t<td>urgent</td>\n\t\t\t\t\t\t<td>\n\t\t\t\t\t\t\t<a href=\"http://fhir.org/guides/argonaut-scheduling/CodeSystem/appt-types\">http://fhir.org/guides/argonaut-scheduling/CodeSystem/appt-types</a>\n\t\t\t\t\t\t</td>\n\t\t\t\t\t\t<td/>\n\t\t\t\t\t</tr>\n\t\t\t\t\t<tr>\n\t\t\t\t\t\t<td>vaccine</td>\n\t\t\t\t\t\t<td/>\n\t\t\t\t\t\t<td/>\n\t\t\t\t\t\t<td/>\n\t\t\t\t\t\t<td/>\n\t\t\t\t\t</tr>\n\t\t\t\t\t<tr>\n\t\t\t\t\t\t<td>vision</td>\n\t\t\t\t\t\t<td/>\n\t\t\t\t\t\t<td/>\n\t\t\t\t\t\t<td/>\n\t\t\t\t\t\t<td/>\n\t\t\t\t\t</tr>\n\t\t\t\t\t<tr>\n\t\t\t\t\t\t<td>walk-in</td>\n\t\t\t\t\t\t<td>equivalent</td>\n\t\t\t\t\t\t<td>WALKIN</td>\n\t\t\t\t\t\t<td>\n\t\t\t\t\t\t\t<a href=\"http://hl7.org/fhir/v2/0276\">http://hl7.org/fhir/v2/0276</a>\n\t\t\t\t\t\t</td>\n\t\t\t\t\t\t<td/>\n\t\t\t\t\t</tr>\n\t\t\t\t\t<tr>\n\t\t\t\t\t\t<td>well-child</td>\n\t\t\t\t\t\t<td/>\n\t\t\t\t\t\t<td/>\n\t\t\t\t\t\t<td/>\n\t\t\t\t\t\t<td/>\n\t\t\t\t\t</tr>\n\t\t\t\t\t<tr>\n\t\t\t\t\t\t<td>x-ray</td>\n\t\t\t\t\t\t<td/>\n\t\t\t\t\t\t<td/>\n\t\t\t\t\t\t<td/>\n\t\t\t\t\t\t<td/>\n\t\t\t\t\t</tr>\n\t\t\t\t</tbody>\n\t\t\t</table>\n\t\t</div>"
  },
  "url": "http://fhir.org/guides/argonaut-scheduling/ConceptMap/visit-appt-map",
  "version": "1.0.0",
  "name": "Argonaut_Scheduiing_Visit_Type_to_Appointment_Type_Mapping",
  "title": "Argonaut Scheduiing Visit Type to Appointment Type Mapping",
  "status": "active",
  "date": "2017-11-01T04:57:43+11:00",
  "publisher": "Argonaut Project",
  "description": "The source concepts are Argonaut Visit Types which are a prioritized valueset of the most common appointment types for scheduling and have been identified as the baseline use cases for the  Argonaut scheduling Implementation Guide.   The Visit types are mapped to the target concepts from the Argonaut Appointment Types Valueset in order to align with the FHIR Appointment, Schedule and Slot resources.  Note where the there is no mapping the appointment type is assumed to be 'ROUTINE'.",
  "jurisdiction": [
    {
      "coding": [
        {
          "system": "urn:iso:std:iso:3166",
          "code": "US",
          "display": "United States of America"
        }
      ]
    }
  ],
  "sourceUri": "http://fhir.org/guides/argonaut-scheduling/ValueSet/visit-type",
  "targetUri": "http://fhir.org/guides/argonaut-scheduling/ValueSet/appt-type",
  "group": [
    {
      "target": "http://hl7.org/fhir/v2/0276",
      "element": [
        {
          "code": "ed-followup",
          "target": [
            {
              "code": "FOLLOWUP",
              "equivalence": "equivalent"
            }
          ]
        },
        {
          "code": "follow-up",
          "target": [
            {
              "code": "FOLLOWUP",
              "equivalence": "equivalent"
            }
          ]
        },
        {
          "code": "walk-in",
          "target": [
            {
              "code": "WALKIN",
              "equivalence": "equivalent"
            }
          ]
        }
      ]
    },
    {
      "target": "http://fhir.org/guides/argonaut-scheduling/CodeSystem/appt-types",
      "element": [
        {
          "code": "new-patient",
          "target": [
            {
              "code": "new-patient",
              "equivalence": "equal"
            }
          ]
        },
        {
          "code": "post-op",
          "target": [
            {
              "code": "post-op",
              "equivalence": "equal"
            }
          ]
        },
        {
          "code": "pre-op",
          "target": [
            {
              "code": "pre-op",
              "equivalence": "equal"
            }
          ]
        },
        {
          "code": "same-day",
          "target": [
            {
              "code": "same-day",
              "equivalence": "equal"
            }
          ]
        },
        {
          "code": "urgent",
          "target": [
            {
              "code": "urgent",
              "equivalence": "equal"
            }
          ]
        }
      ]
    },
    {
      "element": [
        {
          "code": "breast-imaging"
        },
        {
          "code": "consult"
        },
        {
          "code": "ct"
        },
        {
          "code": "dental"
        },
        {
          "code": "dxa"
        },
        {
          "code": "echo"
        },
        {
          "code": "echo-stresstest"
        },
        {
          "code": "eeg"
        },
        {
          "code": "egd"
        },
        {
          "code": "ekg"
        },
        {
          "code": "evaluation"
        },
        {
          "code": "flu-shot-clinic"
        },
        {
          "code": "fluoroscopy"
        },
        {
          "code": "home-heath visit"
        },
        {
          "code": "injection"
        },
        {
          "code": "interventional-rad"
        },
        {
          "code": "lab"
        },
        {
          "code": "minor-surgery"
        },
        {
          "code": "mri"
        },
        {
          "code": "nuc-med"
        },
        {
          "code": "occup-therapy"
        },
        {
          "code": "office-visit"
        },
        {
          "code": "physical"
        },
        {
          "code": "pre-admit-testing"
        },
        {
          "code": "procedure"
        },
        {
          "code": "stress-test"
        },
        {
          "code": "surgery"
        },
        {
          "code": "treatment"
        },
        {
          "code": "ultrasound"
        },
        {
          "code": "vaccine"
        },
        {
          "code": "vision"
        },
        {
          "code": "well-child"
        },
        {
          "code": "x-ray"
        }
      ]
    }
  ]
}