<?xml version="1.0" encoding="UTF-8"?>

<ValueSet xmlns="http://hl7.org/fhir">
  <id value="specialty"/>
  <text>
    <status value="generated"/><div xmlns="http://www.w3.org/1999/xhtml"><h2>Argonaut_Scheduling_Specialties</h2><div><p>The specialties offered by providers and  that would be required to perform the service requested in this appointment.</p>
</div><p><b>Copyright Statement:</b> This value set includes content from SNOMED CT, which is copyright © 2002+ International Health Terminology Standards Development Organisation (IHTSDO), and distributed by agreement between IHTSDO and HL7. Implementer use of SNOMED CT is not covered by this agreement</p><p>This value set includes codes from the following code systems:</p><ul><li>Include codes from <a href="http://www.snomed.org/"><code>http://snomed.info/sct</code></a> where concept  is-a  394658006 (Clinical specialties)</li></ul></div>
  </text>
  <url value="http://fhir.org/guides/argonaut-scheduling/ValueSet/specialty"/>
  <version value="1.0.0"/>
  <name value="Argonaut_Scheduling_Specialties"/>
  <title value="Argonaut Scheduling Specialties"/>
  <status value="active"/>
  <date value="2017-07-13T05:40:10+10:00"/>
  <description value="The specialties offered by providers and  that would be required to perform the service requested in this appointment. "/>
  <jurisdiction>
    <coding>
      <system value="urn:iso:std:iso:3166"/>
      <code value="US"/>
      <display value="United States of America"/>
    </coding>
  </jurisdiction>
  <copyright value="This value set includes content from SNOMED CT, which is copyright &#xA9; 2002+ International Health Terminology Standards Development Organisation (IHTSDO), and distributed by agreement between IHTSDO and HL7. Implementer use of SNOMED CT is not covered by this agreement"/>
  <compose>
    <include>
      <system value="http://snomed.info/sct"/>
      <filter>
        <property value="concept"/>
        <op value="is-a"/>
        <value value="394658006"/>
      </filter>
    </include>
  </compose>
</ValueSet>