{
  "resourceType": "ValueSet",
  "id": "sct-services",
  "text": {
    "status": "generated",
    "div": "<div xmlns=\"http://www.w3.org/1999/xhtml\"><h2>Argonaut_Snomed_CT_Services</h2><div><p>The Snomed CT services and procedures concepts that represent visit types for scheduling appointments. These concepts are mapped to the <a href=\"http://fhir.org/guides/argonaut-scheduling/ConceptMap/visit-snomed-map\">Argonaut Visit Types</a>.</p>\n</div><p><b>Copyright Statement:</b> This value set includes content from SNOMED CT, which is copyright © 2002+ International Health Terminology Standards Development Organisation (IHTSDO), and distributed by agreement between IHTSDO and HL7. Implementer use of SNOMED CT is not covered by this agreement</p><p>This value set includes codes from the following code systems:</p><ul><li>Include codes from <a href=\"http://www.snomed.org/\"><code>http://snomed.info/sct</code></a> where concept  is-a  224891009 (Healthcare services)</li><li>Include these codes as defined in <a href=\"http://www.snomed.org/\"><code>http://snomed.info/sct</code></a><table class=\"none\"><tr><td style=\"white-space:nowrap\"><b>Code</b></td><td><b>Display</b></td></tr><tr><td><a href=\"http://browser.ihtsdotools.org/?perspective=full&amp;conceptId1=11429006\">11429006</a></td><td>Consultation with healthcare provider</td><td/></tr><tr><td><a href=\"http://browser.ihtsdotools.org/?perspective=full&amp;conceptId1=241686001\">241686001</a></td><td>Dual energy X-ray photon absorptiometry</td><td/></tr><tr><td><a href=\"http://browser.ihtsdotools.org/?perspective=full&amp;conceptId1=40701008\">40701008</a></td><td>US scan of heart</td><td/></tr><tr><td><a href=\"http://browser.ihtsdotools.org/?perspective=full&amp;conceptId1=433233004\">433233004</a></td><td>Exercise stress echocardiography</td><td/></tr><tr><td><a href=\"http://browser.ihtsdotools.org/?perspective=full&amp;conceptId1=409073007\">409073007</a></td><td>Education</td><td/></tr><tr><td><a href=\"http://browser.ihtsdotools.org/?perspective=full&amp;conceptId1=54550000\">54550000</a></td><td>EEG - Electroencephalography</td><td/></tr><tr><td><a href=\"http://browser.ihtsdotools.org/?perspective=full&amp;conceptId1=29303009\">29303009</a></td><td>Electrocardiographic procedure</td><td/></tr><tr><td><a href=\"http://browser.ihtsdotools.org/?perspective=full&amp;conceptId1=386053000\">386053000</a></td><td>Patient evaluation procedure</td><td/></tr><tr><td><a href=\"http://browser.ihtsdotools.org/?perspective=full&amp;conceptId1=86198006\">86198006</a></td><td>Influenza vaccination</td><td/></tr><tr><td><a href=\"http://browser.ihtsdotools.org/?perspective=full&amp;conceptId1=44491008\">44491008</a></td><td>Fluoroscopy</td><td/></tr><tr><td><a href=\"http://browser.ihtsdotools.org/?perspective=full&amp;conceptId1=185389009\">185389009</a></td><td>Follow-up visit</td><td/></tr><tr><td><a href=\"http://browser.ihtsdotools.org/?perspective=full&amp;conceptId1=439708006\">439708006</a></td><td>Home visit</td><td/></tr><tr><td><a href=\"http://browser.ihtsdotools.org/?perspective=full&amp;conceptId1=59108006\">59108006</a></td><td>Injection</td><td/></tr><tr><td><a href=\"http://browser.ihtsdotools.org/?perspective=full&amp;conceptId1=185387006\">185387006</a></td><td>New patient consultation</td><td/></tr><tr><td><a href=\"http://browser.ihtsdotools.org/?perspective=full&amp;conceptId1=310058008\">310058008</a></td><td>Nuclear medicine service</td><td/></tr><tr><td><a href=\"http://browser.ihtsdotools.org/?perspective=full&amp;conceptId1=11429006\">11429006</a></td><td>Consultation with healthcare provider</td><td/></tr><tr><td><a href=\"http://browser.ihtsdotools.org/?perspective=full&amp;conceptId1=5880005\">5880005</a></td><td>Clinical examination</td><td/></tr><tr><td><a href=\"http://browser.ihtsdotools.org/?perspective=full&amp;conceptId1=439740005\">439740005</a></td><td>Postoperative follow-up visit</td><td/></tr><tr><td><a href=\"http://browser.ihtsdotools.org/?perspective=full&amp;conceptId1=406153003\">406153003</a></td><td>Pre-admission assessment</td><td/></tr><tr><td><a href=\"http://browser.ihtsdotools.org/?perspective=full&amp;conceptId1=262068006\">262068006</a></td><td>Preoperative</td><td/></tr><tr><td><a href=\"http://browser.ihtsdotools.org/?perspective=full&amp;conceptId1=71388002\">71388002</a></td><td>Procedure</td><td/></tr><tr><td><a href=\"http://browser.ihtsdotools.org/?perspective=full&amp;conceptId1=11429006\">11429006</a></td><td>Consultation with healthcare provider</td><td/></tr><tr><td><a href=\"http://browser.ihtsdotools.org/?perspective=full&amp;conceptId1=76746007\">76746007</a></td><td>Cardiovascular stress testing</td><td/></tr><tr><td><a href=\"http://browser.ihtsdotools.org/?perspective=full&amp;conceptId1=277132007\">277132007</a></td><td>Procedure - therapeutic</td><td/></tr><tr><td><a href=\"http://browser.ihtsdotools.org/?perspective=full&amp;conceptId1=103391001\">103391001</a></td><td>Urgent</td><td/></tr><tr><td><a href=\"http://browser.ihtsdotools.org/?perspective=full&amp;conceptId1=127785005\">127785005</a></td><td>Immunization</td><td/></tr><tr><td><a href=\"http://browser.ihtsdotools.org/?perspective=full&amp;conceptId1=11429006\">11429006</a></td><td>Consultation with healthcare provider</td><td/></tr><tr><td><a href=\"http://browser.ihtsdotools.org/?perspective=full&amp;conceptId1=410620009\">410620009</a></td><td>Well child visit</td><td/></tr></table></li></ul></div>"
  },
  "url": "http://fhir.org/guides/argonaut-scheduling/ValueSet/sct-services",
  "version": "1.0.0",
  "name": "Argonaut_Snomed_CT_Services",
  "title": "Argonaut Snomed CT Services",
  "status": "active",
  "date": "2018-03-15T06:40:10+11:00",
  "description": "The Snomed CT services and procedures concepts that represent visit types for scheduling appointments. These concepts are mapped to the [Argonaut Visit Types](http://fhir.org/guides/argonaut-scheduling/ConceptMap/visit-snomed-map).",
  "jurisdiction": [
    {
      "coding": [
        {
          "system": "urn:iso:std:iso:3166",
          "code": "US",
          "display": "United States of America"
        }
      ]
    }
  ],
  "copyright": "This value set includes content from SNOMED CT, which is copyright © 2002+ International Health Terminology Standards Development Organisation (IHTSDO), and distributed by agreement between IHTSDO and HL7. Implementer use of SNOMED CT is not covered by this agreement",
  "compose": {
    "include": [
      {
        "system": "http://snomed.info/sct",
        "filter": [
          {
            "property": "concept",
            "op": "is-a",
            "value": "224891009"
          }
        ]
      },
      {
        "system": "http://snomed.info/sct",
        "concept": [
          {
            "code": "11429006"
          },
          {
            "code": "241686001"
          },
          {
            "code": "40701008"
          },
          {
            "code": "433233004"
          },
          {
            "code": "409073007"
          },
          {
            "code": "54550000"
          },
          {
            "code": "29303009"
          },
          {
            "code": "386053000"
          },
          {
            "code": "86198006"
          },
          {
            "code": "44491008"
          },
          {
            "code": "185389009"
          },
          {
            "code": "439708006"
          },
          {
            "code": "59108006"
          },
          {
            "code": "185387006"
          },
          {
            "code": "310058008"
          },
          {
            "code": "11429006"
          },
          {
            "code": "5880005"
          },
          {
            "code": "439740005"
          },
          {
            "code": "406153003"
          },
          {
            "code": "262068006"
          },
          {
            "code": "71388002"
          },
          {
            "code": "11429006"
          },
          {
            "code": "76746007"
          },
          {
            "code": "277132007"
          },
          {
            "code": "103391001"
          },
          {
            "code": "127785005"
          },
          {
            "code": "11429006"
          },
          {
            "code": "410620009"
          }
        ]
      }
    ]
  }
}