{
  "resourceType": "Patient",
  "id": "cfct-example",
  "text": {
    "status": "generated",
    "div": "<div xmlns=\"http://www.w3.org/1999/xhtml\"><p><b>Generated Narrative</b></p><div style=\"display: inline-block; background-color: #d9e0e7; padding: 6px; margin: 4px; border: 1px solid #8da1b4; border-radius: 5px; line-height: 60%\"><p style=\"margin-bottom: 0px\">Resource \"cfct-example\" </p></div><p><b>identifier</b>: Medical record number: 12345 (USUAL)</p><p><b>active</b>: true</p><p><b>name</b>: Peter James Chalmers (OFFICIAL), Jim Chalmers , Peter James Windsor (MAIDEN)</p><p><b>telecom</b>: ph: (03) 5555 6473(WORK), ph: (03) 3410 5613(MOBILE), ph: (03) 5555 8834(OLD)</p><p><b>gender</b>: male</p><p><b>birthDate</b>: 1974-12-25</p><p><b>deceased</b>: false</p><p><b>address</b>: 534 Erewhon St PeasantVille, Utah 84414(HOME)</p><p><b>maritalStatus</b>: Married <span style=\"background: LightGoldenRodYellow; margin: 4px; border: 1px solid khaki\"> (<a href=\"http://terminology.hl7.org/2.1.0/CodeSystem-v3-MaritalStatus.html\">MaritalStatus</a>#M)</span></p><h3>Contacts</h3><table class=\"grid\"><tr><td>-</td><td><b>Relationship</b></td><td><b>Name</b></td><td><b>Telecom</b></td><td><b>Address</b></td><td><b>Gender</b></td><td><b>Period</b></td></tr><tr><td>*</td><td>Next-of-Kin <span style=\"background: LightGoldenRodYellow; margin: 4px; border: 1px solid khaki\"> (<a href=\"http://terminology.hl7.org/2.1.0/CodeSystem-v2-0131.html\">contactRole2</a>#N)</span></td><td>Bénédicte du Marché </td><td><a href=\"tel:+33(237)998327\">+33 (237) 998327</a></td><td>534 Erewhon St PleasantVille VT 3999 (HOME)</td><td>female</td><td>2012-01-01 --&gt; (ongoing)</td></tr></table></div>"
  },
  "identifier": [
    {
      "use": "usual",
      "type": {
        "coding": [
          {
            "system": "http://terminology.hl7.org/CodeSystem/v2-0203",
            "code": "MR"
          }
        ]
      },
      "system": "urn:oid:1.2.36.146.595.217.0.1",
      "value": "12345",
      "period": {
        "start": "2001-05-06"
      },
      "assigner": {
        "display": "Acme Healthcare"
      }
    }
  ],
  "active": true,
  "name": [
    {
      "use": "official",
      "family": "Chalmers",
      "given": [
        "Peter",
        "James"
      ]
    },
    {
      "use": "usual",
      "family": "Chalmers",
      "given": [
        "Jim"
      ]
    },
    {
      "use": "maiden",
      "family": "Windsor",
      "given": [
        "Peter",
        "James"
      ],
      "period": {
        "end": "2002"
      }
    }
  ],
  "telecom": [
    {
      "system": "phone",
      "value": "(03) 5555 6473",
      "use": "work",
      "rank": 1
    },
    {
      "system": "phone",
      "value": "(03) 3410 5613",
      "use": "mobile",
      "rank": 2
    },
    {
      "system": "phone",
      "value": "(03) 5555 8834",
      "use": "old",
      "period": {
        "end": "2014"
      }
    }
  ],
  "gender": "male",
  "birthDate": "1974-12-25",
  "_birthDate": {
    "extension": [
      {
        "url": "http://hl7.org/fhir/StructureDefinition/patient-birthTime",
        "valueDateTime": "1974-12-25T14:35:45-05:00"
      }
    ]
  },
  "deceasedBoolean": false,
  "address": [
    {
      "use": "home",
      "type": "both",
      "text": "534 Erewhon St PeasantVille, Utah 84414",
      "line": [
        "534 Erewhon St"
      ],
      "city": "PleasantVille",
      "district": "Rainbow",
      "state": "UT",
      "postalCode": "84414",
      "period": {
        "start": "1974-12-25"
      }
    }
  ],
  "maritalStatus": {
    "coding": [
      {
        "system": "http://terminology.hl7.org/CodeSystem/v3-MaritalStatus",
        "code": "M"
      }
    ]
  },
  "contact": [
    {
      "relationship": [
        {
          "coding": [
            {
              "system": "http://terminology.hl7.org/CodeSystem/v2-0131",
              "code": "N"
            }
          ]
        }
      ],
      "name": {
        "family": "du Marché",
        "_family": {
          "extension": [
            {
              "url": "http://hl7.org/fhir/StructureDefinition/humanname-own-prefix",
              "valueString": "VV"
            }
          ]
        },
        "given": [
          "Bénédicte"
        ]
      },
      "telecom": [
        {
          "system": "phone",
          "value": "+33 (237) 998327"
        }
      ],
      "address": {
        "use": "home",
        "type": "both",
        "line": [
          "534 Erewhon St"
        ],
        "city": "PleasantVille",
        "district": "Rainbow",
        "state": "VT",
        "postalCode": "3999",
        "period": {
          "start": "1974-12-25"
        }
      },
      "gender": "female",
      "period": {
        "start": "2012"
      }
    }
  ]
}