<?xml version="1.0" encoding="UTF-8"?><Bundle xmlns="http://hl7.org/fhir"><type value="collection"/><entry/><entry><resource><OperationOutcome><extension url="http://hl7.org/fhir/StructureDefinition/operationoutcome-file"><valueString value="C:\work\org.hl7.fhir.us\argonaut-pd\resources\capabilitystatement-client"/></extension><issue><extension url="http://hl7.org/fhir/StructureDefinition/operationoutcome-issue-source"><valueCode value="InstanceValidator"/></extension><severity value="information"/><code value="structure"/><details><text value="Unable to determine type of target resource"/></details><location value="CapabilityStatement/client: CapabilityStatement.rest.resource[1].profile (line 31, col13)"/></issue><issue><extension url="http://hl7.org/fhir/StructureDefinition/operationoutcome-issue-source"><valueCode value="InstanceValidator"/></extension><severity value="information"/><code value="structure"/><details><text value="Unable to determine type of target resource"/></details><location value="CapabilityStatement/client: CapabilityStatement.rest.resource[2].profile (line 44, col13)"/></issue></OperationOutcome></resource></entry><entry><resource><OperationOutcome><extension url="http://hl7.org/fhir/StructureDefinition/operationoutcome-file"><valueString value="C:\work\org.hl7.fhir.us\argonaut-pd\resources\capabilitystatement-server"/></extension><issue><extension url="http://hl7.org/fhir/StructureDefinition/operationoutcome-issue-source"><valueCode value="InstanceValidator"/></extension><severity value="information"/><code value="structure"/><details><text value="Unable to determine type of target resource"/></details><location value="CapabilityStatement/server: CapabilityStatement.profile[1] (line 21, col11)"/></issue><issue><extension url="http://hl7.org/fhir/StructureDefinition/operationoutcome-issue-source"><valueCode value="InstanceValidator"/></extension><severity value="information"/><code value="structure"/><details><text value="Unable to determine type of target resource"/></details><location value="CapabilityStatement/server: CapabilityStatement.profile[2] (line 24, col11)"/></issue><issue><extension url="http://hl7.org/fhir/StructureDefinition/operationoutcome-issue-source"><valueCode value="InstanceValidator"/></extension><severity value="information"/><code value="structure"/><details><text value="Unable to determine type of target resource"/></details><location value="CapabilityStatement/server: CapabilityStatement.profile[3] (line 27, col11)"/></issue><issue><extension url="http://hl7.org/fhir/StructureDefinition/operationoutcome-issue-source"><valueCode value="InstanceValidator"/></extension><severity value="information"/><code value="structure"/><details><text value="Unable to determine type of target resource"/></details><location value="CapabilityStatement/server: CapabilityStatement.profile[4] (line 30, col11)"/></issue><issue><extension url="http://hl7.org/fhir/StructureDefinition/operationoutcome-issue-source"><valueCode value="InstanceValidator"/></extension><severity value="information"/><code value="structure"/><details><text value="Unable to determine type of target resource"/></details><location value="CapabilityStatement/server: CapabilityStatement.profile[5] (line 33, col11)"/></issue><issue><extension url="http://hl7.org/fhir/StructureDefinition/operationoutcome-issue-source"><valueCode value="InstanceValidator"/></extension><severity value="information"/><code value="structure"/><details><text value="Unable to determine type of target resource"/></details><location value="CapabilityStatement/server: CapabilityStatement.rest.resource[1].profile (line 52, col13)"/></issue><issue><extension url="http://hl7.org/fhir/StructureDefinition/operationoutcome-issue-source"><valueCode value="InstanceValidator"/></extension><severity value="error"/><code value="structure"/><details><text value="The extension http://hl7.org/fhir/StructureDefinition/capabilitystatement-expectation  is unknown, and not allowed here"/></details><location value="CapabilityStatement/server: CapabilityStatement.rest.resource[1].interaction[1].extension (line 56, col95)"/></issue><issue><extension url="http://hl7.org/fhir/StructureDefinition/operationoutcome-issue-source"><valueCode value="InstanceValidator"/></extension><severity value="error"/><code value="structure"/><details><text value="The extension http://hl7.org/fhir/StructureDefinition/capabilitystatement-expectation  is unknown, and not allowed here"/></details><location value="CapabilityStatement/server: CapabilityStatement.rest.resource[1].interaction[2].extension (line 63, col95)"/></issue><issue><extension url="http://hl7.org/fhir/StructureDefinition/operationoutcome-issue-source"><valueCode value="InstanceValidator"/></extension><severity value="error"/><code value="structure"/><details><text value="The extension http://hl7.org/fhir/StructureDefinition/capabilitystatement-expectation  is unknown, and not allowed here"/></details><location value="CapabilityStatement/server: CapabilityStatement.rest.resource[1].searchParam[1].extension (line 70, col95)"/></issue><issue><extension url="http://hl7.org/fhir/StructureDefinition/operationoutcome-issue-source"><valueCode value="InstanceValidator"/></extension><severity value="error"/><code value="structure"/><details><text value="The extension http://hl7.org/fhir/StructureDefinition/capabilitystatement-expectation  is unknown, and not allowed here"/></details><location value="CapabilityStatement/server: CapabilityStatement.rest.resource[1].searchParam[2].extension (line 78, col95)"/></issue><issue><extension url="http://hl7.org/fhir/StructureDefinition/operationoutcome-issue-source"><valueCode value="InstanceValidator"/></extension><severity value="error"/><code value="structure"/><details><text value="The extension http://hl7.org/fhir/StructureDefinition/capabilitystatement-expectation  is unknown, and not allowed here"/></details><location value="CapabilityStatement/server: CapabilityStatement.rest.resource[1].searchParam[3].extension (line 86, col95)"/></issue><issue><extension url="http://hl7.org/fhir/StructureDefinition/operationoutcome-issue-source"><valueCode value="InstanceValidator"/></extension><severity value="error"/><code value="structure"/><details><text value="The extension http://hl7.org/fhir/StructureDefinition/capabilitystatement-expectation  is unknown, and not allowed here"/></details><location value="CapabilityStatement/server: CapabilityStatement.rest.resource[1].searchParam[4].extension (line 94, col95)"/></issue><issue><extension url="http://hl7.org/fhir/StructureDefinition/operationoutcome-issue-source"><valueCode value="InstanceValidator"/></extension><severity value="information"/><code value="structure"/><details><text value="Unable to determine type of target resource"/></details><location value="CapabilityStatement/server: CapabilityStatement.rest.resource[2].profile (line 104, col13)"/></issue><issue><extension url="http://hl7.org/fhir/StructureDefinition/operationoutcome-issue-source"><valueCode value="InstanceValidator"/></extension><severity value="error"/><code value="structure"/><details><text value="The extension http://hl7.org/fhir/StructureDefinition/capabilitystatement-expectation  is unknown, and not allowed here"/></details><location value="CapabilityStatement/server: CapabilityStatement.rest.resource[2].interaction[1].extension (line 108, col95)"/></issue><issue><extension url="http://hl7.org/fhir/StructureDefinition/operationoutcome-issue-source"><valueCode value="InstanceValidator"/></extension><severity value="error"/><code value="structure"/><details><text value="The extension http://hl7.org/fhir/StructureDefinition/capabilitystatement-expectation  is unknown, and not allowed here"/></details><location value="CapabilityStatement/server: CapabilityStatement.rest.resource[2].interaction[2].extension (line 115, col95)"/></issue><issue><extension url="http://hl7.org/fhir/StructureDefinition/operationoutcome-issue-source"><valueCode value="InstanceValidator"/></extension><severity value="error"/><code value="structure"/><details><text value="The extension http://hl7.org/fhir/StructureDefinition/capabilitystatement-expectation  is unknown, and not allowed here"/></details><location value="CapabilityStatement/server: CapabilityStatement.rest.resource[2].searchParam[1].extension (line 122, col95)"/></issue><issue><extension url="http://hl7.org/fhir/StructureDefinition/operationoutcome-issue-source"><valueCode value="InstanceValidator"/></extension><severity value="error"/><code value="structure"/><details><text value="The extension http://hl7.org/fhir/StructureDefinition/capabilitystatement-expectation  is unknown, and not allowed here"/></details><location value="CapabilityStatement/server: CapabilityStatement.rest.resource[2].searchParam[2].extension (line 130, col95)"/></issue></OperationOutcome></resource></entry><entry><resource><OperationOutcome><extension url="http://hl7.org/fhir/StructureDefinition/operationoutcome-file"><valueString value="C:\work\org.hl7.fhir.us\argonaut-pd\resources\endpoint-profile-spreadsheet"/></extension><issue><extension url="http://hl7.org/fhir/StructureDefinition/operationoutcome-issue-source"><valueCode value="Publisher"/></extension><severity value="information"/><code value="informational"/><details><text value="Resources generated by processing C:\work\org.hl7.fhir.us\argonaut-pd\resources\endpoint-profile-spreadsheet:  http://fhir.org/guides/argonaut-pd/StructureDefinition/argo-endpoint (&quot;Argonaut Provider Directory Endpoint&quot;)"/></details><location value="C:\work\org.hl7.fhir.us\argonaut-pd\resources\endpoint-profile-spreadsheet"/></issue><issue><extension url="http://hl7.org/fhir/StructureDefinition/operationoutcome-issue-source"><valueCode value="InstanceValidator"/></extension><severity value="warning"/><code value="structure"/><details><text value="StructureDefinition reference &quot;http://hl7.org/fhir/StructureDefinition/valueset-endpoint-payload-type&quot; could not be resolved"/></details><location value="StructureDefinition/argo-endpoint: StructureDefinition.differential.element[6].binding.valueSetReference.ValueSet.meta.profile[0]"/></issue><issue><extension url="http://hl7.org/fhir/StructureDefinition/operationoutcome-issue-source"><valueCode value="InstanceValidator"/></extension><severity value="warning"/><code value="structure"/><details><text value="StructureDefinition reference &quot;http://hl7.org/fhir/StructureDefinition/valueset-shareable-definition&quot; could not be resolved"/></details><location value="StructureDefinition/argo-endpoint: StructureDefinition.differential.element[6].binding.valueSetReference.ValueSet.meta.profile[1]"/></issue><issue><extension url="http://hl7.org/fhir/StructureDefinition/operationoutcome-issue-source"><valueCode value="InstanceValidator"/></extension><severity value="warning"/><code value="structure"/><details><text value="StructureDefinition reference &quot;http://hl7.org/fhir/StructureDefinition/valueset-shareable-definition&quot; could not be resolved"/></details><location value="StructureDefinition/argo-endpoint: StructureDefinition.differential.element[2].binding.valueSetReference.ValueSet.meta.profile[0]"/></issue><issue><extension url="http://hl7.org/fhir/StructureDefinition/operationoutcome-issue-source"><valueCode value="InstanceValidator"/></extension><severity value="warning"/><code value="structure"/><details><text value="StructureDefinition reference &quot;http://hl7.org/fhir/StructureDefinition/valueset-endpoint-connection-type&quot; could not be resolved"/></details><location value="StructureDefinition/argo-endpoint: StructureDefinition.differential.element[5].binding.valueSetReference.ValueSet.meta.profile[0]"/></issue><issue><extension url="http://hl7.org/fhir/StructureDefinition/operationoutcome-issue-source"><valueCode value="InstanceValidator"/></extension><severity value="warning"/><code value="structure"/><details><text value="StructureDefinition reference &quot;http://hl7.org/fhir/StructureDefinition/valueset-shareable-definition&quot; could not be resolved"/></details><location value="StructureDefinition/argo-endpoint: StructureDefinition.differential.element[5].binding.valueSetReference.ValueSet.meta.profile[1]"/></issue></OperationOutcome></resource></entry><entry><resource><OperationOutcome><extension url="http://hl7.org/fhir/StructureDefinition/operationoutcome-file"><valueString value="C:\work\org.hl7.fhir.us\argonaut-pd\resources\location-profile-spreadsheet"/></extension><issue><extension url="http://hl7.org/fhir/StructureDefinition/operationoutcome-issue-source"><valueCode value="Publisher"/></extension><severity value="information"/><code value="informational"/><details><text value="Resources generated by processing C:\work\org.hl7.fhir.us\argonaut-pd\resources\location-profile-spreadsheet:  http://fhir.org/guides/argonaut-pd/StructureDefinition/argo-location (&quot;Argonaut Provider Directory Location&quot;)"/></details><location value="C:\work\org.hl7.fhir.us\argonaut-pd\resources\location-profile-spreadsheet"/></issue><issue><extension url="http://hl7.org/fhir/StructureDefinition/operationoutcome-issue-source"><valueCode value="InstanceValidator"/></extension><severity value="warning"/><code value="structure"/><details><text value="StructureDefinition reference &quot;http://hl7.org/fhir/StructureDefinition/valueset-shareable-definition&quot; could not be resolved"/></details><location value="StructureDefinition/argo-location: StructureDefinition.differential.element[2].binding.valueSetReference.ValueSet.meta.profile[0]"/></issue><issue><extension url="http://hl7.org/fhir/StructureDefinition/operationoutcome-issue-source"><valueCode value="InstanceValidator"/></extension><severity value="warning"/><code value="structure"/><details><text value="StructureDefinition reference &quot;http://hl7.org/fhir/StructureDefinition/valueset-shareable-definition&quot; could not be resolved"/></details><location value="StructureDefinition/argo-location: StructureDefinition.differential.element[10].binding.valueSetReference.ValueSet.meta.profile[0]"/></issue></OperationOutcome></resource></entry><entry><resource><OperationOutcome><extension url="http://hl7.org/fhir/StructureDefinition/operationoutcome-file"><valueString value="C:\work\org.hl7.fhir.us\argonaut-pd\resources\organization-profile-spreadsheet"/></extension><issue><extension url="http://hl7.org/fhir/StructureDefinition/operationoutcome-issue-source"><valueCode value="Publisher"/></extension><severity value="information"/><code value="informational"/><details><text value="Resources generated by processing C:\work\org.hl7.fhir.us\argonaut-pd\resources\organization-profile-spreadsheet:  http://fhir.org/guides/argonaut-pd/StructureDefinition/argo-organization (&quot;Argonaut Provider Directory Organization&quot;)"/></details><location value="C:\work\org.hl7.fhir.us\argonaut-pd\resources\organization-profile-spreadsheet"/></issue><issue><extension url="http://hl7.org/fhir/StructureDefinition/operationoutcome-issue-source"><valueCode value="InstanceValidator"/></extension><severity value="warning"/><code value="structure"/><details><text value="StructureDefinition reference &quot;http://hl7.org/fhir/StructureDefinition/valueset-shareable-definition&quot; could not be resolved"/></details><location value="StructureDefinition/argo-organization: StructureDefinition.differential.element[10].binding.valueSetReference.ValueSet.meta.profile[0]"/></issue></OperationOutcome></resource></entry><entry><resource><OperationOutcome><extension url="http://hl7.org/fhir/StructureDefinition/operationoutcome-file"><valueString value="C:\work\org.hl7.fhir.us\argonaut-pd\resources\practitioner-profile-spreadsheet"/></extension><issue><extension url="http://hl7.org/fhir/StructureDefinition/operationoutcome-issue-source"><valueCode value="Publisher"/></extension><severity value="information"/><code value="informational"/><details><text value="Resources generated by processing C:\work\org.hl7.fhir.us\argonaut-pd\resources\practitioner-profile-spreadsheet:  http://fhir.org/guides/argonaut-pd/StructureDefinition/argo-practitioner (&quot;Argonaut Provider Directory Practitioner&quot;)"/></details><location value="C:\work\org.hl7.fhir.us\argonaut-pd\resources\practitioner-profile-spreadsheet"/></issue></OperationOutcome></resource></entry><entry><resource><OperationOutcome><extension url="http://hl7.org/fhir/StructureDefinition/operationoutcome-file"><valueString value="C:\work\org.hl7.fhir.us\argonaut-pd\resources\practitionerrole-profile-spreadsheet"/></extension><issue><extension url="http://hl7.org/fhir/StructureDefinition/operationoutcome-issue-source"><valueCode value="Publisher"/></extension><severity value="information"/><code value="informational"/><details><text value="Resources generated by processing C:\work\org.hl7.fhir.us\argonaut-pd\resources\practitionerrole-profile-spreadsheet:  http://fhir.org/guides/argonaut-pd/StructureDefinition/argo-practitionerrole (&quot;Argonaut Provider Directory PractitionerRole&quot;)"/></details><location value="C:\work\org.hl7.fhir.us\argonaut-pd\resources\practitionerrole-profile-spreadsheet"/></issue></OperationOutcome></resource></entry></Bundle>