<?xml version="1.0" encoding="UTF-8"?>

<Bundle xmlns="http://hl7.org/fhir">
  <id value="d9473cc1-5d9d-454d-af0b-a94b421ee563"/>
  <meta>
    <lastUpdated value="2019-04-18T13:15:43.200+10:00"/>
  </meta>
  <type value="collection"/>
  <entry>
    <fullUrl value="http://fhir.org/guides/argonaut/clinicalnotes/ValueSet/argonaut-clinical-note-type"/>
    <resource>
      <ValueSet>
        <id value="argonaut-clinical-note-type"/>
        <text>
          <status value="generated"/>
          <div xmlns="http://www.w3.org/1999/xhtml">
            <p>This value set contains 5 concepts</p>
            <p>All codes from system 
              <code>http://loinc.org</code>
            </p>
            <table class="codes">
              <tr>
                <td style="white-space:nowrap">
                  <b>Code</b>
                </td>
                <td>
                  <b>Display</b>
                </td>
              </tr>
              <tr>
                <td style="white-space:nowrap">
                  <a name="http---loinc.org-18842-5"> </a>
                  <a href="http://details.loinc.org/LOINC/18842-5.html">18842-5</a>
                </td>
                <td>Discharge summary</td>
              </tr>
              <tr>
                <td style="white-space:nowrap">
                  <a name="http---loinc.org-11488-4"> </a>
                  <a href="http://details.loinc.org/LOINC/11488-4.html">11488-4</a>
                </td>
                <td>Consult note</td>
              </tr>
              <tr>
                <td style="white-space:nowrap">
                  <a name="http---loinc.org-34117-2"> </a>
                  <a href="http://details.loinc.org/LOINC/34117-2.html">34117-2</a>
                </td>
                <td>History and physical note</td>
              </tr>
              <tr>
                <td style="white-space:nowrap">
                  <a name="http---loinc.org-11506-3"> </a>
                  <a href="http://details.loinc.org/LOINC/11506-3.html">11506-3</a>
                </td>
                <td>Progress note</td>
              </tr>
              <tr>
                <td style="white-space:nowrap">
                  <a name="http---loinc.org-28570-0"> </a>
                  <a href="http://details.loinc.org/LOINC/28570-0.html">28570-0</a>
                </td>
                <td>Procedure note</td>
              </tr>
            </table>
          </div>
        </text>
        <url value="http://fhir.org/guides/argonaut/clinicalnotes/ValueSet/argonaut-clinical-note-type"/>
        <version value="1.0.0"/>
        <name value="Argonaut Clinical Notes"/>
        <title value="Argonaut DocumentReferences Type Value Set"/>
        <status value="draft"/>
        <date value="2018-05-03T01:16:34+10:00"/>
        <description value="The Argonaut DocumentReferences Type Value Set is a &#39;starter set&#39; of types supported for fetching and storing clinical notes. This value set is a subset of LOINC values listed in [HITSP C80 Table 2-144 Document Class Value Set Definition](http://build.fhir.org/valueset-c80-doc-typecodes.html)"/>
        <jurisdiction>
          <coding>
            <system value="urn:iso:std:iso:3166"/>
            <code value="US"/>
            <display value="United States of America"/>
          </coding>
        </jurisdiction>
        <copyright value=" This content LOINC&#xAE; is copyright &#xA9; 1995 Regenstrief Institute, Inc. and the LOINC Committee, and available at no cost under the license at http://loinc.org/terms-of-use"/>
        <expansion>
          <identifier value="urn:uuid:7ed460a1-5671-4b1b-9817-ac7e411b5dd6"/>
          <timestamp value="2019-04-18T13:16:09+10:00"/>
          <total value="5"/>
          <parameter>
            <name value="excludeNested"/>
            <valueBoolean value="false"/>
          </parameter>
          <parameter>
            <name value="limitedExpansion"/>
            <valueString value="-1"/>
          </parameter>
          <parameter>
            <name value="version"/>
            <valueString value="http://loinc.org?version=2.65"/>
          </parameter>
          <contains>
            <system value="http://loinc.org"/>
            <code value="18842-5"/>
            <display value="Discharge summary"/>
          </contains>
          <contains>
            <system value="http://loinc.org"/>
            <code value="11488-4"/>
            <display value="Consult note"/>
          </contains>
          <contains>
            <system value="http://loinc.org"/>
            <code value="34117-2"/>
            <display value="History and physical note"/>
          </contains>
          <contains>
            <system value="http://loinc.org"/>
            <code value="11506-3"/>
            <display value="Progress note"/>
          </contains>
          <contains>
            <system value="http://loinc.org"/>
            <code value="28570-0"/>
            <display value="Procedure note"/>
          </contains>
        </expansion>
      </ValueSet>
    </resource>
  </entry>
  <entry>
    <fullUrl value="http://fhir.org/guides/argonaut/clinicalnotes/ValueSet/diagnosticreport-category"/>
    <resource>
      <ValueSet>
        <id value="diagnosticreport-category"/>
        <text>
          <status value="generated"/>
          <div xmlns="http://www.w3.org/1999/xhtml">
            <p>This value set contains 3 concepts</p>
            <p>All codes from system 
              <code>http://loinc.org</code>
            </p>
            <table class="codes">
              <tr>
                <td style="white-space:nowrap">
                  <b>Code</b>
                </td>
                <td>
                  <b>Display</b>
                </td>
              </tr>
              <tr>
                <td style="white-space:nowrap">
                  <a name="http---loinc.org-LP29684-5"> </a>
                  <a href="http://details.loinc.org/LOINC/LP29684-5.html">LP29684-5</a>
                </td>
                <td>Radiology</td>
              </tr>
              <tr>
                <td style="white-space:nowrap">
                  <a name="http---loinc.org-LP29708-2"> </a>
                  <a href="http://details.loinc.org/LOINC/LP29708-2.html">LP29708-2</a>
                </td>
                <td>Cardiology</td>
              </tr>
              <tr>
                <td style="white-space:nowrap">
                  <a name="http---loinc.org-LP7839-6"> </a>
                  <a href="http://details.loinc.org/LOINC/LP7839-6.html">LP7839-6</a>
                </td>
                <td>Pathology</td>
              </tr>
            </table>
          </div>
        </text>
        <url value="http://fhir.org/guides/argonaut/clinicalnotes/ValueSet/diagnosticreport-category"/>
        <version value="1.0.0"/>
        <name value="Argonaut DiagnosticReport Category Codes"/>
        <title value="Argonaut DiagnosticReport Category Value Set"/>
        <status value="draft"/>
        <date value="2018-05-03T01:16:34+10:00"/>
        <description value="The Argonaut DiagnosticReport Type Value Set is a &#39;starter set&#39; of categories supported for fetching and Diagnostic Reports and notes."/>
        <jurisdiction>
          <coding>
            <system value="urn:iso:std:iso:3166"/>
            <code value="US"/>
            <display value="United States of America"/>
          </coding>
        </jurisdiction>
        <copyright value=" This content LOINC&#xAE; is copyright &#xA9; 1995 Regenstrief Institute, Inc. and the LOINC Committee, and available at no cost under the license at http://loinc.org/terms-of-use"/>
        <expansion>
          <identifier value="urn:uuid:4cf7511d-bbf1-491f-a059-ed6f921ae905"/>
          <timestamp value="2019-04-18T13:16:10+10:00"/>
          <total value="3"/>
          <parameter>
            <name value="excludeNested"/>
            <valueBoolean value="false"/>
          </parameter>
          <parameter>
            <name value="limitedExpansion"/>
            <valueString value="-1"/>
          </parameter>
          <parameter>
            <name value="version"/>
            <valueString value="http://loinc.org?version=2.65"/>
          </parameter>
          <contains>
            <system value="http://loinc.org"/>
            <code value="LP29684-5"/>
            <display value="Radiology"/>
          </contains>
          <contains>
            <system value="http://loinc.org"/>
            <code value="LP29708-2"/>
            <display value="Cardiology"/>
          </contains>
          <contains>
            <system value="http://loinc.org"/>
            <code value="LP7839-6"/>
            <display value="Pathology"/>
          </contains>
        </expansion>
      </ValueSet>
    </resource>
  </entry>
  <entry>
    <fullUrl value="http://fhir.org/guides/argonaut/clinicalnotes/ValueSet/documentreference-category"/>
    <resource>
      <ValueSet>
        <id value="documentreference-category"/>
        <text>
          <status value="generated"/>
          <div xmlns="http://www.w3.org/1999/xhtml">
            <p>This value set contains 2 concepts</p>
            <p style="border: black 1px dotted; background-color: #EEEEEE; padding: 8px">Expansion based on http://fhir.org/guides/argonaut/clinicalnotes/CodeSystem/documentreference-category version 1.0.0</p>
            <p>All codes from system 
              <a href="CodeSystem-documentreference-category.html">
                <code>http://fhir.org/guides/argonaut/clinicalnotes/CodeSystem/documentreference-category</code>
              </a>
            </p>
            <table class="codes">
              <tr>
                <td style="white-space:nowrap">
                  <b>Code</b>
                </td>
                <td>
                  <b>Display</b>
                </td>
                <td>
                  <b>Definition</b>
                </td>
              </tr>
              <tr>
                <td style="white-space:nowrap">
                  <a name="http---fhir.org-guides-argonaut-clinicalnotes-CodeSystem-documentreference-category-clinical-note"> </a>
                  <a href="CodeSystem-documentreference-category.html#documentreference-category-clinical-note">clinical-note</a>
                </td>
                <td>Clinical Note</td>
                <td>Part of a medical record where healthcare professionals record details to document a patient&#39;s clinical status or achievements during the course of a hospitalization or over the course of outpatient care ( [Wikipedia](https://en.wikipedia.org/wiki/Progress_note))</td>
              </tr>
              <tr>
                <td style="white-space:nowrap">
                  <a name="http---fhir.org-guides-argonaut-clinicalnotes-CodeSystem-documentreference-category-other"> </a>
                  <a href="CodeSystem-documentreference-category.html#documentreference-category-other">other</a>
                </td>
                <td>Other</td>
                <td>Indicates that the category is not covered by one of the pre-defined codes.</td>
              </tr>
            </table>
          </div>
        </text>
        <url value="http://fhir.org/guides/argonaut/clinicalnotes/ValueSet/documentreference-category"/>
        <version value="1.0.0"/>
        <name value="Argonaut DocumentReference Category Codes"/>
        <title value="Argonaut DocumentReferences Category Value Set"/>
        <status value="draft"/>
        <date value="2018-05-03T01:16:34+10:00"/>
        <description value="The Argonaut DocumentReferences Type Value Set is a &#39;starter set&#39; of categories supported for fetching and storing clinical notes."/>
        <jurisdiction>
          <coding>
            <system value="urn:iso:std:iso:3166"/>
            <code value="US"/>
            <display value="United States of America"/>
          </coding>
        </jurisdiction>
        <expansion>
          <identifier value="urn:uuid:ea412d13-4d92-4e37-9fc5-cd66580624ed"/>
          <timestamp value="2019-04-18T13:16:10+10:00"/>
          <total value="2"/>
          <parameter>
            <name value="excludeNested"/>
            <valueBoolean value="false"/>
          </parameter>
          <parameter>
            <name value="version"/>
            <valueUri value="http://fhir.org/guides/argonaut/clinicalnotes/CodeSystem/documentreference-category|1.0.0"/>
          </parameter>
          <contains>
            <system value="http://fhir.org/guides/argonaut/clinicalnotes/CodeSystem/documentreference-category"/>
            <code value="clinical-note"/>
            <display value="Clinical Note"/>
          </contains>
          <contains>
            <system value="http://fhir.org/guides/argonaut/clinicalnotes/CodeSystem/documentreference-category"/>
            <code value="other"/>
            <display value="Other"/>
          </contains>
        </expansion>
      </ValueSet>
    </resource>
  </entry>
</Bundle>