<?xml version="1.0" encoding="UTF-8"?>

<StructureDefinition xmlns="http://hl7.org/fhir">
  <id value="hspc-attribution"/>
  <url value="http://fhir.org/guides/hspc/StructureDefinition/hspc-attribution"/>
  <name value="Profile hspc-attribution"/>
  <status value="draft"/>
  <publisher value="U.S. Office of the National Coordinator (ONC)"/>
  <contact>
    <telecom>
      <system value="other"/>
      <value value="http://www.healthit.gov"/>
    </telecom>
  </contact>
  <date value="2015-02-07"/>
  <mapping>
    <identity value="rim"/>
    <uri value="http://hl7.org/v3"/>
    <name value="RIM Mapping"/>
  </mapping>
  <mapping>
    <identity value="w3c.prov"/>
    <uri value="http://www.w3.org/ns/prov"/>
    <name value="W3C PROV"/>
  </mapping>
  <mapping>
    <identity value="w5"/>
    <uri value="http://hl7.org/fhir/w5"/>
    <name value="W5 Mapping"/>
  </mapping>
  <mapping>
    <identity value="fhirauditevent"/>
    <uri value="http://hl7.org/fhir/auditevent"/>
    <name value="FHIR AuditEvent"/>
  </mapping>
  <kind value="resource"/>
  <abstract value="false"/>
  <type value="Provenance"/>
  <baseDefinition value="http://hl7.org/fhir/StructureDefinition/Provenance"/>
  <derivation value="constraint"/>
  <snapshot>
    <element id="Provenance:hspcattribution">
      <path value="Provenance"/>
      <name value="HSPCAttribution"/>
      <short value="Who, What, When for a set of resources"/>
      <definition value="Provenance of a resource is a record that describes entities and processes involved in producing and delivering or otherwise influencing that resource. Provenance provides a critical foundation for assessing authenticity, enabling trust, and allowing reproducibility. Provenance assertions are a form of contextual metadata and can themselves become important records with their own provenance. Provenance statement indicates clinical significance in terms of confidence in authenticity, reliability, and trustworthiness, integrity, and stage in lifecycle (e.g. Document Completion - has the artifact been legally authenticated), all of which may impact security, privacy, and trust policies."/>
      <comments value="Some parties may be duplicated between the target resource and its provenance.  For instance, the prescriber is usually (but not always) the author of the prescription resource. This resource is defined with close consideration for W3C Provenance."/>
      <alias value="History"/>
      <alias value="Event"/>
      <alias value="Activity"/>
      <min value="0"/>
      <max value="*"/>
      <base>
        <path value="Provenance"/>
        <min value="0"/>
        <max value="*"/>
      </base>
      <mustSupport value="false"/>
      <isSummary value="false"/>
      <mapping>
        <identity value="rim"/>
        <map value="ControlAct[isNormalAct() and subsumes(CACT, classCode) and moodCode=EVN]"/>
      </mapping>
      <mapping>
        <identity value="w3c.prov"/>
        <map value="Activity"/>
      </mapping>
      <mapping>
        <identity value="w5"/>
        <map value="infrastructure.information"/>
      </mapping>
    </element>
    <element id="Provenance:hspcattribution.id">
      <path value="Provenance.id"/>
      <short value="Logical id of this artifact"/>
      <definition value="The logical id of the resource, as used in the URL for the resource. Once assigned, this value never changes."/>
      <comments value="The only time that a resource does not have an id is when it is being submitted to the server using a create operation."/>
      <min value="0"/>
      <max value="1"/>
      <base>
        <path value="Resource.id"/>
        <min value="0"/>
        <max value="*"/>
      </base>
      <type>
        <code value="id"/>
      </type>
      <isSummary value="true"/>
    </element>
    <element id="Provenance:hspcattribution.meta">
      <path value="Provenance.meta"/>
      <short value="Metadata about the resource"/>
      <definition value="The metadata about the resource. This is content that is maintained by the infrastructure. Changes to the content may not always be associated with version changes to the resource."/>
      <min value="0"/>
      <max value="1"/>
      <base>
        <path value="Resource.meta"/>
        <min value="0"/>
        <max value="*"/>
      </base>
      <type>
        <code value="Meta"/>
      </type>
      <isSummary value="true"/>
    </element>
    <element id="Provenance:hspcattribution.implicitRules">
      <path value="Provenance.implicitRules"/>
      <short value="A set of rules under which this content was created"/>
      <definition value="A reference to a set of rules that were followed when the resource was constructed, and which must be understood when processing the content."/>
      <comments value="Asserting this rule set restricts the content to be only understood by a limited set of trading partners. This inherently limits the usefulness of the data in the long term. However, the existing health eco-system is highly fractured, and not yet ready to define, collect, and exchange data in a generally computable sense. Wherever possible, implementers and/or specification writers should avoid using this element as much as possible."/>
      <min value="0"/>
      <max value="1"/>
      <base>
        <path value="Resource.implicitRules"/>
        <min value="0"/>
        <max value="*"/>
      </base>
      <type>
        <code value="uri"/>
      </type>
      <isModifier value="true"/>
      <isSummary value="true"/>
    </element>
    <element id="Provenance:hspcattribution.language">
      <path value="Provenance.language"/>
      <short value="Language of the resource content"/>
      <definition value="The base language in which the resource is written."/>
      <comments value="Language is provided to support indexing and accessibility (typically, services such as text to speech use the language tag). The html language tag in the narrative applies  to the narrative. The language tag on the resource may be used to specify the language of other presentations generated from the data in the resource  Not all the content has to be in the base language. The Resource.language should not be assumed to apply to the narrative automatically. If a language is specified, it should it also be specified on the div element in the html (see rules in HTML5 for information about the relationship between xml:lang and the html lang attribute)."/>
      <min value="0"/>
      <max value="1"/>
      <base>
        <path value="Resource.language"/>
        <min value="0"/>
        <max value="*"/>
      </base>
      <type>
        <code value="code"/>
      </type>
      <binding>
        <extension url="http://hl7.org/fhir/StructureDefinition/elementdefinition-maxValueSet">
          <valueReference>
            <reference value="http://hl7.org/fhir/ValueSet/all-languages"/>
          </valueReference>
        </extension>
        <strength value="extensible"/>
        <description value="A human language."/>
        <valueSetReference>
          <reference value="http://hl7.org/fhir/ValueSet/languages"/>
        </valueSetReference>
      </binding>
    </element>
    <element id="Provenance:hspcattribution.text">
      <path value="Provenance.text"/>
      <short value="Text summary of the resource, for human interpretation"/>
      <definition value="A human-readable narrative that contains a summary of the resource, and may be used to represent the content of the resource to a human. The narrative need not encode all the structured data, but is required to contain sufficient detail to make it &quot;clinically safe&quot; for a human to just read the narrative. Resource definitions may define what content should be represented in the narrative to ensure clinical safety."/>
      <comments value="Contained resources do not have narrative. Resources that are not contained SHOULD have a narrative. In some cases, a resource may only have text with little or no additional discrete data (as long as all minOccurs=1 elements are satisfied).  This may be necessary for data from legacy systems where information is captured as a &quot;text blob&quot; or where text is additionally entered raw or narrated and encoded in formation is added later."/>
      <alias value="narrative"/>
      <alias value="html"/>
      <alias value="xhtml"/>
      <alias value="display"/>
      <min value="0"/>
      <max value="1"/>
      <base>
        <path value="DomainResource.text"/>
        <min value="0"/>
        <max value="*"/>
      </base>
      <type>
        <code value="Narrative"/>
      </type>
      <condition value="dom-1"/>
      <mapping>
        <identity value="rim"/>
        <map value="Act.text?"/>
      </mapping>
    </element>
    <element id="Provenance:hspcattribution.contained">
      <path value="Provenance.contained"/>
      <short value="Contained, inline Resources"/>
      <definition value="These resources do not have an independent existence apart from the resource that contains them - they cannot be identified independently, and nor can they have their own independent transaction scope."/>
      <comments value="This should never be done when the content can be identified properly, as once identification is lost, it is extremely difficult (and context dependent) to restore it again."/>
      <alias value="inline resources"/>
      <alias value="anonymous resources"/>
      <alias value="contained resources"/>
      <min value="0"/>
      <max value="*"/>
      <base>
        <path value="DomainResource.contained"/>
        <min value="0"/>
        <max value="*"/>
      </base>
      <type>
        <code value="Resource"/>
      </type>
      <mapping>
        <identity value="rim"/>
        <map value="N/A"/>
      </mapping>
    </element>
    <element id="Provenance:hspcattribution.extension">
      <path value="Provenance.extension"/>
      <slicing id="4">
        <discriminator value="url"/>
        <ordered value="false"/>
        <rules value="open"/>
      </slicing>
      <short value="Extension"/>
      <definition value="An Extension"/>
      <min value="0"/>
      <max value="*"/>
      <base>
        <path value="DomainResource.extension"/>
        <min value="0"/>
        <max value="*"/>
      </base>
      <type>
        <code value="Extension"/>
      </type>
    </element>
    <element id="Provenance:hspcattribution.extension:attributioncode$Extension">
      <path value="Provenance.extension"/>
      <name value="attributionCode"/>
      <short value="Extension"/>
      <definition value="An Extension"/>
      <min value="0"/>
      <max value="*"/>
      <base>
        <path value="DomainResource.extension"/>
        <min value="0"/>
        <max value="*"/>
      </base>
      <type>
        <code value="Extension"/>
        <profile value="http://hl7.org/fhir/StructureDefinition/Extension"/>
      </type>
      <constraint>
        <key value="ext-1"/>
        <severity value="error"/>
        <human value="Must have either extensions or value[x], not both"/>
        <expression value="extension.exists() != value.exists()"/>
        <xpath value="exists(f:extension)!=exists(f:*[starts-with(local-name(.), &#39;value&#39;)])"/>
      </constraint>
      <mustSupport value="false"/>
      <isModifier value="false"/>
      <isSummary value="false"/>
      <binding>
        <strength value="preferred"/>
        <description value="Code representing the type of attribution"/>
        <valueSetReference>
          <reference value="ValueSet/provenance-hspc-attribution-type"/>
        </valueSetReference>
      </binding>
    </element>
    <element id="Provenance:hspcattribution.extension:patientlocation$Extension">
      <path value="Provenance.extension"/>
      <name value="patientLocation"/>
      <short value="Extension"/>
      <definition value="An Extension"/>
      <min value="0"/>
      <max value="1"/>
      <base>
        <path value="DomainResource.extension"/>
        <min value="0"/>
        <max value="*"/>
      </base>
      <type>
        <code value="Extension"/>
        <profile value="http://hl7.org/fhir/StructureDefinition/Extension"/>
      </type>
      <constraint>
        <key value="ext-1"/>
        <severity value="error"/>
        <human value="Must have either extensions or value[x], not both"/>
        <expression value="extension.exists() != value.exists()"/>
        <xpath value="exists(f:extension)!=exists(f:*[starts-with(local-name(.), &#39;value&#39;)])"/>
      </constraint>
      <mustSupport value="false"/>
      <isModifier value="false"/>
      <isSummary value="false"/>
    </element>
    <element id="Provenance:hspcattribution.extension:providerlocation$Extension">
      <path value="Provenance.extension"/>
      <name value="providerLocation"/>
      <short value="Extension"/>
      <definition value="An Extension"/>
      <min value="0"/>
      <max value="1"/>
      <base>
        <path value="DomainResource.extension"/>
        <min value="0"/>
        <max value="*"/>
      </base>
      <type>
        <code value="Extension"/>
        <profile value="http://hl7.org/fhir/StructureDefinition/Extension"/>
      </type>
      <constraint>
        <key value="ext-1"/>
        <severity value="error"/>
        <human value="Must have either extensions or value[x], not both"/>
        <expression value="extension.exists() != value.exists()"/>
        <xpath value="exists(f:extension)!=exists(f:*[starts-with(local-name(.), &#39;value&#39;)])"/>
      </constraint>
      <mustSupport value="false"/>
      <isModifier value="false"/>
      <isSummary value="false"/>
    </element>
    <element id="Provenance:hspcattribution.extension:actionmethod$Extension">
      <path value="Provenance.extension"/>
      <name value="actionMethod"/>
      <short value="Extension"/>
      <definition value="An Extension"/>
      <min value="0"/>
      <max value="1"/>
      <base>
        <path value="DomainResource.extension"/>
        <min value="0"/>
        <max value="*"/>
      </base>
      <type>
        <code value="Extension"/>
        <profile value="http://hl7.org/fhir/StructureDefinition/Extension"/>
      </type>
      <constraint>
        <key value="ext-1"/>
        <severity value="error"/>
        <human value="Must have either extensions or value[x], not both"/>
        <expression value="extension.exists() != value.exists()"/>
        <xpath value="exists(f:extension)!=exists(f:*[starts-with(local-name(.), &#39;value&#39;)])"/>
      </constraint>
      <mustSupport value="false"/>
      <isModifier value="false"/>
      <isSummary value="false"/>
      <binding>
        <strength value="preferred"/>
        <description value="Code representing the method of performing the action"/>
        <valueSetReference>
          <reference value="ValueSet/provenance-hspc-action-method"/>
        </valueSetReference>
      </binding>
    </element>
    <element id="Provenance:hspcattribution.modifierExtension">
      <path value="Provenance.modifierExtension"/>
      <short value="Extensions that cannot be ignored"/>
      <definition value="May be used to represent additional information that is not part of the basic definition of the resource, and that modifies the understanding of the element that contains it. Usually modifier elements provide negation or qualification. In order to make the use of extensions safe and manageable, there is a strict set of governance applied to the definition and use of extensions. Though any implementer is allowed to define an extension, there is a set of requirements that SHALL be met as part of the definition of the extension. Applications processing a resource are required to check for modifier extensions."/>
      <comments value="There can be no stigma associated with the use of extensions by any application, project, or standard - regardless of the institution or jurisdiction that uses or defines the extensions.  The use of extensions is what allows the FHIR specification to retain a core level of simplicity for everyone."/>
      <alias value="extensions"/>
      <alias value="user content"/>
      <min value="0"/>
      <max value="*"/>
      <base>
        <path value="DomainResource.modifierExtension"/>
        <min value="0"/>
        <max value="*"/>
      </base>
      <type>
        <code value="Extension"/>
      </type>
      <isModifier value="true"/>
      <mapping>
        <identity value="rim"/>
        <map value="N/A"/>
      </mapping>
    </element>
    <element id="Provenance:hspcattribution.target">
      <path value="Provenance.target"/>
      <short value="Target Reference(s) (usually version specific)"/>
      <definition value="The Reference(s) that were generated or updated by  the activity described in this resource. A provenance can point to more than one target if multiple resources were created/updated by the same activity."/>
      <comments value="Target references are usually version specific, but may not be, if a version has not been assigned or if the provenance information is part of the set of resources being maintained (i.e. a document). When using the RESTful API, the identity of the resource may not be known (especially not the version specific one); the client may either submit the resource first, and then the provenance, or it may submit both using a single transaction. See the notes on transaction for further discussion."/>
      <min value="1"/>
      <max value="*"/>
      <base>
        <path value="Provenance.target"/>
        <min value="1"/>
        <max value="*"/>
      </base>
      <type>
        <code value="Reference"/>
        <profile value="http://hl7.org/fhir/StructureDefinition/Resource"/>
      </type>
      <isSummary value="true"/>
      <mapping>
        <identity value="rim"/>
        <map value="./outboundRelationship[isNormalActRelationship() and typeCode=SUBJ]/target  OR  ./participation[isNormalParticipation() and typeCode=SBJ]/role  OR  ./participation[isNormalParticipation() and typeCode=SBJ]/role[isNormalRole()]/player"/>
      </mapping>
      <mapping>
        <identity value="fhirauditevent"/>
        <map value="AuditEvent.entity.reference"/>
      </mapping>
      <mapping>
        <identity value="w3c.prov"/>
        <map value="Entity Created/Updated"/>
      </mapping>
      <mapping>
        <identity value="w5"/>
        <map value="what"/>
      </mapping>
    </element>
    <element id="Provenance:hspcattribution.period">
      <path value="Provenance.period"/>
      <short value="When the activity occurred"/>
      <definition value="The period during which the activity occurred."/>
      <comments value="The period can be a little arbitrary; where possible, the time should correspond to human assessment of the activity time."/>
      <min value="0"/>
      <max value="1"/>
      <base>
        <path value="Provenance.period"/>
        <min value="0"/>
        <max value="1"/>
      </base>
      <type>
        <code value="Period"/>
      </type>
      <isSummary value="true"/>
      <mapping>
        <identity value="rim"/>
        <map value="./effectiveTime[type=IVL_TS]"/>
      </mapping>
      <mapping>
        <identity value="w3c.prov"/>
        <map value="Activity.startTime &amp; Activity.endTime"/>
      </mapping>
      <mapping>
        <identity value="w5"/>
        <map value="when.done"/>
      </mapping>
    </element>
    <element id="Provenance:hspcattribution.recorded">
      <path value="Provenance.recorded"/>
      <short value="When the activity was recorded / updated"/>
      <definition value="The instant of time at which the activity was recorded."/>
      <comments value="This can be a little different from the time stamp on the resource if there is a delay between recording the event and updating the provenance and target resource."/>
      <min value="1"/>
      <max value="1"/>
      <base>
        <path value="Provenance.recorded"/>
        <min value="1"/>
        <max value="1"/>
      </base>
      <type>
        <code value="instant"/>
      </type>
      <isSummary value="true"/>
      <mapping>
        <identity value="rim"/>
        <map value="unique(./participation[isNormalParticipation() and typeCode=AUT]/time[type=TS])"/>
      </mapping>
      <mapping>
        <identity value="fhirauditevent"/>
        <map value="AuditEvent.recorded"/>
      </mapping>
      <mapping>
        <identity value="w3c.prov"/>
        <map value="Activity.when"/>
      </mapping>
      <mapping>
        <identity value="w5"/>
        <map value="when.recorded"/>
      </mapping>
    </element>
    <element id="Provenance:hspcattribution.reason">
      <path value="Provenance.reason"/>
      <short value="Reason the activity is occurring"/>
      <definition value="The reason that the activity was taking place."/>
      <min value="0"/>
      <max value="*"/>
      <base>
        <path value="Provenance.reason"/>
        <min value="0"/>
        <max value="*"/>
      </base>
      <type>
        <code value="Coding"/>
      </type>
      <isSummary value="true"/>
      <binding>
        <strength value="extensible"/>
        <description value="The reason the activity took place."/>
        <valueSetReference>
          <reference value="http://hl7.org/fhir/ValueSet/v3-PurposeOfUse"/>
        </valueSetReference>
      </binding>
      <mapping>
        <identity value="rim"/>
        <map value="unique(./reasonCode)"/>
      </mapping>
      <mapping>
        <identity value="fhirauditevent"/>
        <map value="AuditEvent.purposeOfEvent"/>
      </mapping>
      <mapping>
        <identity value="w3c.prov"/>
        <map value="Activity.Activity"/>
      </mapping>
      <mapping>
        <identity value="w5"/>
        <map value="why"/>
      </mapping>
    </element>
    <element id="Provenance:hspcattribution.activity">
      <path value="Provenance.activity"/>
      <short value="Activity that occurred"/>
      <definition value="An activity is something that occurs over a period of time and acts upon or with entities; it may include consuming, processing, transforming, modifying, relocating, using, or generating entities."/>
      <min value="0"/>
      <max value="1"/>
      <base>
        <path value="Provenance.activity"/>
        <min value="0"/>
        <max value="1"/>
      </base>
      <type>
        <code value="Coding"/>
      </type>
      <isSummary value="true"/>
      <binding>
        <strength value="extensible"/>
        <description value="The activity that took place."/>
        <valueSetReference>
          <reference value="http://hl7.org/fhir/ValueSet/v3-ProvenanceEventCurrentState"/>
        </valueSetReference>
      </binding>
      <mapping>
        <identity value="rim"/>
        <map value="Act.code"/>
      </mapping>
      <mapping>
        <identity value="fhirauditevent"/>
        <map value="AuditEvent.purposeOfEvent"/>
      </mapping>
      <mapping>
        <identity value="w3c.prov"/>
        <map value="Activity.Activity"/>
      </mapping>
      <mapping>
        <identity value="w5"/>
        <map value="why"/>
      </mapping>
    </element>
    <element id="Provenance:hspcattribution.location">
      <path value="Provenance.location"/>
      <short value="Where the activity occurred, if relevant"/>
      <definition value="Where the activity occurred, if relevant."/>
      <min value="0"/>
      <max value="1"/>
      <base>
        <path value="Provenance.location"/>
        <min value="0"/>
        <max value="1"/>
      </base>
      <type>
        <code value="Reference"/>
        <profile value="http://hl7.org/fhir/StructureDefinition/Location"/>
      </type>
      <isSummary value="true"/>
      <mapping>
        <identity value="rim"/>
        <map value="unique(./participation[isNormalParticipation() and typeCode=LOC]/role[isNormalRole() and subsumes(SDLOC, classCode)]/player[isNormalEntity and classCode=&quot;LOC&quot; and determinerCode=&quot;INST&quot;]"/>
      </mapping>
      <mapping>
        <identity value="fhirauditevent"/>
        <map value="AuditEvent.agent.location"/>
      </mapping>
      <mapping>
        <identity value="w3c.prov"/>
        <map value="Activity.location"/>
      </mapping>
      <mapping>
        <identity value="w5"/>
        <map value="where"/>
      </mapping>
    </element>
    <element id="Provenance:hspcattribution.policy">
      <path value="Provenance.policy"/>
      <short value="Policy or plan the activity was defined by"/>
      <definition value="Policy or plan the activity was defined by. Typically, a single activity may have multiple applicable policy documents, such as patient consent, guarantor funding, etc."/>
      <comments value="For example: Where an OAuth token authorizes, the unique identifier from the OAuth token is placed into the policy element Where a policy engine (e.g. XACML) holds policy logic, the unique policy identifier is placed into the policy element."/>
      <min value="0"/>
      <max value="*"/>
      <base>
        <path value="Provenance.policy"/>
        <min value="0"/>
        <max value="*"/>
      </base>
      <type>
        <code value="uri"/>
      </type>
      <isSummary value="true"/>
      <mapping>
        <identity value="rim"/>
        <map value="./inboundRelationship[isNormalActRelationship() and typeCode=&quot;SUBJ&quot;]/source[isNormalAct and subsumes(POLICY, classCode) and moodCode=EVN]/text[typeCode=&#39;ED&#39;/tel"/>
      </mapping>
      <mapping>
        <identity value="fhirauditevent"/>
        <map value="AuditEvent.agent.policy"/>
      </mapping>
    </element>
    <element id="Provenance:hspcattribution.agent">
      <path value="Provenance.agent"/>
      <short value="Actor involved"/>
      <definition value="An actor taking a role in an activity  for which it can be assigned some degree of responsibility for the activity taking place."/>
      <comments value="Several agents may be associated (i.e. has some responsibility for an activity) with an activity and vice-versa."/>
      <requirements value="An agent can be a person, an organization, software, device, or other entities that may be ascribed responsibility."/>
      <min value="1"/>
      <max value="*"/>
      <base>
        <path value="Provenance.agent"/>
        <min value="1"/>
        <max value="*"/>
      </base>
      <type>
        <code value="BackboneElement"/>
      </type>
      <mustSupport value="false"/>
      <isSummary value="false"/>
      <mapping>
        <identity value="rim"/>
        <map value="./participation[isNormalParticipation()]  OR  ./outboundRelationship[isNormalActRelationship() and typeCode=&#39;DRIV&#39;]"/>
      </mapping>
      <mapping>
        <identity value="fhirauditevent"/>
        <map value="AuditEvent.agent"/>
      </mapping>
      <mapping>
        <identity value="w3c.prov"/>
        <map value="Agent"/>
      </mapping>
      <mapping>
        <identity value="w5"/>
        <map value="who"/>
      </mapping>
    </element>
    <element id="Provenance:hspcattribution.agent.id">
      <path value="Provenance.agent.id"/>
      <representation value="xmlAttr"/>
      <short value="xml:id (or equivalent in JSON)"/>
      <definition value="unique id for the element within a resource (for internal references). This may be any string value that does not contain spaces."/>
      <min value="0"/>
      <max value="1"/>
      <base>
        <path value="Element.id"/>
        <min value="0"/>
        <max value="*"/>
      </base>
      <type>
        <code value="string"/>
      </type>
      <mapping>
        <identity value="rim"/>
        <map value="n/a"/>
      </mapping>
    </element>
    <element id="Provenance:hspcattribution.agent.extension:individualperson$Extension">
      <path value="Provenance.agent.extension"/>
      <name value="IndividualPerson"/>
      <short value="Extension"/>
      <definition value="An Extension"/>
      <min value="0"/>
      <max value="1"/>
      <base>
        <path value="Element.extension"/>
        <min value="0"/>
        <max value="*"/>
      </base>
      <type>
        <code value="Extension"/>
        <profile value="http://hl7.org/fhir/StructureDefinition/Extension"/>
      </type>
      <constraint>
        <key value="ext-1"/>
        <severity value="error"/>
        <human value="Must have either extensions or value[x], not both"/>
        <expression value="extension.exists() != value.exists()"/>
        <xpath value="exists(f:extension)!=exists(f:*[starts-with(local-name(.), &#39;value&#39;)])"/>
      </constraint>
      <mustSupport value="false"/>
      <isModifier value="false"/>
      <isSummary value="false"/>
    </element>
    <element id="Provenance:hspcattribution.agent.modifierExtension">
      <path value="Provenance.agent.modifierExtension"/>
      <short value="Extensions that cannot be ignored"/>
      <definition value="May be used to represent additional information that is not part of the basic definition of the element, and that modifies the understanding of the element that contains it. Usually modifier elements provide negation or qualification. In order to make the use of extensions safe and manageable, there is a strict set of governance applied to the definition and use of extensions. Though any implementer is allowed to define an extension, there is a set of requirements that SHALL be met as part of the definition of the extension. Applications processing a resource are required to check for modifier extensions."/>
      <comments value="There can be no stigma associated with the use of extensions by any application, project, or standard - regardless of the institution or jurisdiction that uses or defines the extensions.  The use of extensions is what allows the FHIR specification to retain a core level of simplicity for everyone."/>
      <alias value="extensions"/>
      <alias value="user content"/>
      <alias value="modifiers"/>
      <min value="0"/>
      <max value="*"/>
      <base>
        <path value="BackboneElement.modifierExtension"/>
        <min value="0"/>
        <max value="*"/>
      </base>
      <type>
        <code value="Extension"/>
      </type>
      <isModifier value="true"/>
      <isSummary value="true"/>
      <mapping>
        <identity value="rim"/>
        <map value="N/A"/>
      </mapping>
    </element>
    <element id="Provenance:hspcattribution.agent.role">
      <path value="Provenance.agent.role"/>
      <short value="What the agents involvement was"/>
      <definition value="The function of the agent with respect to the activity."/>
      <comments value="For example, author, performer, enterer, attester, etc."/>
      <min value="1"/>
      <max value="1"/>
      <base>
        <path value="Provenance.agent.role"/>
        <min value="1"/>
        <max value="1"/>
      </base>
      <type>
        <code value="Coding"/>
      </type>
      <isSummary value="true"/>
      <binding>
        <strength value="extensible"/>
        <description value="The role that a provenance agent played with respect to the activity."/>
        <valueSetReference>
          <reference value="http://hl7.org/fhir/ValueSet/provenance-agent-role"/>
        </valueSetReference>
      </binding>
      <mapping>
        <identity value="rim"/>
        <map value="attester: .[self::participation]/typeCode=&#39;RESP&#39; author: .[self::participation]/typeCode=&#39;AUT&#39; cc: .[self::participation]/typeCode=&#39;IRCP&#39; enterer:  .[self::participation]/typeCode=&#39;ENT&#39; informant: .[self::participation]/typeCode=&#39;INF&#39; performer: .[self::participation]/typeCode=&#39;PRF&#39; verifier: .[self::participation]/typeCode=&#39;VRF&#39; source: .[self::outboundRelationship]/typeCode=&#39;&#39;"/>
      </mapping>
      <mapping>
        <identity value="fhirauditevent"/>
        <map value="AuditEvent.agent.role"/>
      </mapping>
      <mapping>
        <identity value="w3c.prov"/>
        <map value="Agent.Attribution"/>
      </mapping>
    </element>
    <element id="Provenance:hspcattribution.agent.actor">
      <path value="Provenance.agent.actor"/>
      <short value="Individual, device or organization playing role"/>
      <definition value="The individual, device or organization that participated in the event."/>
      <min value="0"/>
      <max value="1"/>
      <base>
        <path value="Provenance.agent.actor"/>
        <min value="0"/>
        <max value="1"/>
      </base>
      <type>
        <code value="Reference"/>
        <profile value="http://hl7.org/fhir/StructureDefinition/Practitioner"/>
      </type>
      <type>
        <code value="Reference"/>
        <profile value="http://hl7.org/fhir/StructureDefinition/RelatedPerson"/>
      </type>
      <type>
        <code value="Reference"/>
        <profile value="http://hl7.org/fhir/StructureDefinition/Patient"/>
      </type>
      <type>
        <code value="Reference"/>
        <profile value="http://hl7.org/fhir/StructureDefinition/Device"/>
      </type>
      <type>
        <code value="Reference"/>
        <profile value="http://hl7.org/fhir/StructureDefinition/Organization"/>
      </type>
      <isSummary value="true"/>
      <mapping>
        <identity value="rim"/>
        <map value="Person, Practitioner, Organization, Device :* .role [classCode = RoleClassMutualRelationship; role.code and * .scopes[Role](classCode=IDENT) and *.plays [Role.Code]"/>
      </mapping>
      <mapping>
        <identity value="fhirauditevent"/>
        <map value="AuditEvent.agent.reference"/>
      </mapping>
      <mapping>
        <identity value="w3c.prov"/>
        <map value="Agent.Identity"/>
      </mapping>
      <mapping>
        <identity value="w5"/>
        <map value="who.actor"/>
      </mapping>
    </element>
    <element id="Provenance:hspcattribution.agent.userId">
      <path value="Provenance.agent.userId"/>
      <short value="Authorization-system identifier for the agent"/>
      <definition value="The identity of the agent as known by the authorization system."/>
      <min value="0"/>
      <max value="1"/>
      <base>
        <path value="Provenance.agent.userId"/>
        <min value="0"/>
        <max value="1"/>
      </base>
      <type>
        <code value="Identifier"/>
      </type>
      <isSummary value="true"/>
      <mapping>
        <identity value="rim"/>
        <map value="person: .plays:Role(classCode=&#39;IDENT&#39;).id practitioner: ./id"/>
      </mapping>
      <mapping>
        <identity value="fhirauditevent"/>
        <map value="AuditEvent.agent.userId"/>
      </mapping>
      <mapping>
        <identity value="w3c.prov"/>
        <map value="Agent.Identity"/>
      </mapping>
      <mapping>
        <identity value="w5"/>
        <map value="who.actor"/>
      </mapping>
    </element>
    <element id="Provenance:hspcattribution.agent.relatedAgent">
      <path value="Provenance.agent.relatedAgent"/>
      <short value="Track delegation between agents"/>
      <definition value="A relationship between two the agents referenced in this resource. This is defined to allow for explicit description of the delegation between agents.  For example, this human author used this device, or one person acted on another&#39;s behest."/>
      <min value="0"/>
      <max value="*"/>
      <base>
        <path value="Provenance.agent.relatedAgent"/>
        <min value="0"/>
        <max value="*"/>
      </base>
      <type>
        <code value="BackboneElement"/>
      </type>
      <isSummary value="true"/>
      <mapping>
        <identity value="rim"/>
        <map value=".rolelink"/>
      </mapping>
      <mapping>
        <identity value="w3c.prov"/>
        <map value="Agent.actedOnBehalfOf"/>
      </mapping>
    </element>
    <element id="Provenance:hspcattribution.agent.relatedAgent.id">
      <path value="Provenance.agent.relatedAgent.id"/>
      <representation value="xmlAttr"/>
      <short value="xml:id (or equivalent in JSON)"/>
      <definition value="unique id for the element within a resource (for internal references). This may be any string value that does not contain spaces."/>
      <min value="0"/>
      <max value="1"/>
      <base>
        <path value="Element.id"/>
        <min value="0"/>
        <max value="*"/>
      </base>
      <type>
        <code value="string"/>
      </type>
      <mapping>
        <identity value="rim"/>
        <map value="n/a"/>
      </mapping>
    </element>
    <element id="Provenance:hspcattribution.agent.relatedAgent.extension">
      <path value="Provenance.agent.relatedAgent.extension"/>
      <short value="Additional Content defined by implementations"/>
      <definition value="May be used to represent additional information that is not part of the basic definition of the element. In order to make the use of extensions safe and manageable, there is a strict set of governance  applied to the definition and use of extensions. Though any implementer is allowed to define an extension, there is a set of requirements that SHALL be met as part of the definition of the extension."/>
      <comments value="There can be no stigma associated with the use of extensions by any application, project, or standard - regardless of the institution or jurisdiction that uses or defines the extensions.  The use of extensions is what allows the FHIR specification to retain a core level of simplicity for everyone."/>
      <alias value="extensions"/>
      <alias value="user content"/>
      <min value="0"/>
      <max value="*"/>
      <base>
        <path value="Element.extension"/>
        <min value="0"/>
        <max value="*"/>
      </base>
      <type>
        <code value="Extension"/>
      </type>
      <mapping>
        <identity value="rim"/>
        <map value="n/a"/>
      </mapping>
    </element>
    <element id="Provenance:hspcattribution.agent.relatedAgent.modifierExtension">
      <path value="Provenance.agent.relatedAgent.modifierExtension"/>
      <short value="Extensions that cannot be ignored"/>
      <definition value="May be used to represent additional information that is not part of the basic definition of the element, and that modifies the understanding of the element that contains it. Usually modifier elements provide negation or qualification. In order to make the use of extensions safe and manageable, there is a strict set of governance applied to the definition and use of extensions. Though any implementer is allowed to define an extension, there is a set of requirements that SHALL be met as part of the definition of the extension. Applications processing a resource are required to check for modifier extensions."/>
      <comments value="There can be no stigma associated with the use of extensions by any application, project, or standard - regardless of the institution or jurisdiction that uses or defines the extensions.  The use of extensions is what allows the FHIR specification to retain a core level of simplicity for everyone."/>
      <alias value="extensions"/>
      <alias value="user content"/>
      <alias value="modifiers"/>
      <min value="0"/>
      <max value="*"/>
      <base>
        <path value="BackboneElement.modifierExtension"/>
        <min value="0"/>
        <max value="*"/>
      </base>
      <type>
        <code value="Extension"/>
      </type>
      <isModifier value="true"/>
      <isSummary value="true"/>
      <mapping>
        <identity value="rim"/>
        <map value="N/A"/>
      </mapping>
    </element>
    <element id="Provenance:hspcattribution.agent.relatedAgent.type">
      <path value="Provenance.agent.relatedAgent.type"/>
      <short value="Type of relationship between agents"/>
      <definition value="The type of relationship between agents."/>
      <min value="1"/>
      <max value="1"/>
      <base>
        <path value="Provenance.agent.relatedAgent.type"/>
        <min value="1"/>
        <max value="1"/>
      </base>
      <type>
        <code value="CodeableConcept"/>
      </type>
      <isSummary value="true"/>
      <binding>
        <strength value="example"/>
        <description value="Type of relationship between two provenance agents."/>
        <valueSetReference>
          <reference value="http://hl7.org/fhir/ValueSet/v3-RoleLinkType"/>
        </valueSetReference>
      </binding>
      <mapping>
        <identity value="rim"/>
        <map value=".typeCode"/>
      </mapping>
      <mapping>
        <identity value="w3c.prov"/>
        <map value="type"/>
      </mapping>
    </element>
    <element id="Provenance:hspcattribution.agent.relatedAgent.target">
      <path value="Provenance.agent.relatedAgent.target"/>
      <short value="Reference to other agent in this resource by identifier"/>
      <definition value="An internal reference to another agent listed in this provenance by its identifier."/>
      <comments value="The uri has the form #[id] where [id] is on another Provenance.agent in this same resource."/>
      <min value="1"/>
      <max value="1"/>
      <base>
        <path value="Provenance.agent.relatedAgent.target"/>
        <min value="1"/>
        <max value="1"/>
      </base>
      <type>
        <code value="uri"/>
      </type>
      <isSummary value="true"/>
      <mapping>
        <identity value="rim"/>
        <map value=".target"/>
      </mapping>
      <mapping>
        <identity value="w3c.prov"/>
        <map value="responsible"/>
      </mapping>
    </element>
    <element id="Provenance:hspcattribution.entity">
      <path value="Provenance.entity"/>
      <short value="An entity used in this activity"/>
      <definition value="An entity used in this activity."/>
      <comments value="Multiple userIds may be associated with the same Practitioner or other individual across various appearances, each with distinct privileges."/>
      <min value="0"/>
      <max value="*"/>
      <base>
        <path value="Provenance.entity"/>
        <min value="0"/>
        <max value="*"/>
      </base>
      <type>
        <code value="BackboneElement"/>
      </type>
      <isSummary value="true"/>
      <mapping>
        <identity value="rim"/>
        <map value="./subjectOf"/>
      </mapping>
      <mapping>
        <identity value="fhirauditevent"/>
        <map value="AuditEvent.entity"/>
      </mapping>
      <mapping>
        <identity value="w3c.prov"/>
        <map value="Entity"/>
      </mapping>
    </element>
    <element id="Provenance:hspcattribution.entity.id">
      <path value="Provenance.entity.id"/>
      <representation value="xmlAttr"/>
      <short value="xml:id (or equivalent in JSON)"/>
      <definition value="unique id for the element within a resource (for internal references). This may be any string value that does not contain spaces."/>
      <min value="0"/>
      <max value="1"/>
      <base>
        <path value="Element.id"/>
        <min value="0"/>
        <max value="*"/>
      </base>
      <type>
        <code value="string"/>
      </type>
      <mapping>
        <identity value="rim"/>
        <map value="n/a"/>
      </mapping>
    </element>
    <element id="Provenance:hspcattribution.entity.extension">
      <path value="Provenance.entity.extension"/>
      <short value="Additional Content defined by implementations"/>
      <definition value="May be used to represent additional information that is not part of the basic definition of the element. In order to make the use of extensions safe and manageable, there is a strict set of governance  applied to the definition and use of extensions. Though any implementer is allowed to define an extension, there is a set of requirements that SHALL be met as part of the definition of the extension."/>
      <comments value="There can be no stigma associated with the use of extensions by any application, project, or standard - regardless of the institution or jurisdiction that uses or defines the extensions.  The use of extensions is what allows the FHIR specification to retain a core level of simplicity for everyone."/>
      <alias value="extensions"/>
      <alias value="user content"/>
      <min value="0"/>
      <max value="*"/>
      <base>
        <path value="Element.extension"/>
        <min value="0"/>
        <max value="*"/>
      </base>
      <type>
        <code value="Extension"/>
      </type>
      <mapping>
        <identity value="rim"/>
        <map value="n/a"/>
      </mapping>
    </element>
    <element id="Provenance:hspcattribution.entity.modifierExtension">
      <path value="Provenance.entity.modifierExtension"/>
      <short value="Extensions that cannot be ignored"/>
      <definition value="May be used to represent additional information that is not part of the basic definition of the element, and that modifies the understanding of the element that contains it. Usually modifier elements provide negation or qualification. In order to make the use of extensions safe and manageable, there is a strict set of governance applied to the definition and use of extensions. Though any implementer is allowed to define an extension, there is a set of requirements that SHALL be met as part of the definition of the extension. Applications processing a resource are required to check for modifier extensions."/>
      <comments value="There can be no stigma associated with the use of extensions by any application, project, or standard - regardless of the institution or jurisdiction that uses or defines the extensions.  The use of extensions is what allows the FHIR specification to retain a core level of simplicity for everyone."/>
      <alias value="extensions"/>
      <alias value="user content"/>
      <alias value="modifiers"/>
      <min value="0"/>
      <max value="*"/>
      <base>
        <path value="BackboneElement.modifierExtension"/>
        <min value="0"/>
        <max value="*"/>
      </base>
      <type>
        <code value="Extension"/>
      </type>
      <isModifier value="true"/>
      <isSummary value="true"/>
      <mapping>
        <identity value="rim"/>
        <map value="N/A"/>
      </mapping>
    </element>
    <element id="Provenance:hspcattribution.entity.role">
      <path value="Provenance.entity.role"/>
      <short value="derivation | revision | quotation | source | removal"/>
      <definition value="How the entity was used during the activity."/>
      <min value="1"/>
      <max value="1"/>
      <base>
        <path value="Provenance.entity.role"/>
        <min value="1"/>
        <max value="1"/>
      </base>
      <type>
        <code value="code"/>
      </type>
      <isSummary value="true"/>
      <binding>
        <strength value="required"/>
        <description value="How an entity was used in an activity."/>
        <valueSetReference>
          <reference value="http://hl7.org/fhir/ValueSet/provenance-entity-role"/>
        </valueSetReference>
      </binding>
      <mapping>
        <identity value="rim"/>
        <map value="./typeCode"/>
      </mapping>
      <mapping>
        <identity value="fhirauditevent"/>
        <map value="AuditEvent.entity.lifecycle"/>
      </mapping>
      <mapping>
        <identity value="w3c.prov"/>
        <map value="Entity.role"/>
      </mapping>
    </element>
    <element id="Provenance:hspcattribution.entity.type">
      <path value="Provenance.entity.type"/>
      <short value="The type of resource in this entity"/>
      <definition value="The type of the entity. If the entity is a resource, then this is a resource type."/>
      <requirements value="If the type is &quot;resource&quot; then the resource itself was the participant. If the type is a type of resource, then the entity identified by the resource is the participant."/>
      <min value="1"/>
      <max value="1"/>
      <base>
        <path value="Provenance.entity.type"/>
        <min value="1"/>
        <max value="1"/>
      </base>
      <type>
        <code value="Coding"/>
      </type>
      <isSummary value="true"/>
      <binding>
        <strength value="extensible"/>
        <description value="The type of an entity used in an activity."/>
        <valueSetReference>
          <reference value="http://hl7.org/fhir/ValueSet/resource-types"/>
        </valueSetReference>
      </binding>
      <mapping>
        <identity value="rim"/>
        <map value="./target"/>
      </mapping>
      <mapping>
        <identity value="fhirauditevent"/>
        <map value="AuditEvent.entity.type"/>
      </mapping>
      <mapping>
        <identity value="w3c.prov"/>
        <map value="Entity.type"/>
      </mapping>
    </element>
    <element id="Provenance:hspcattribution.entity.reference">
      <path value="Provenance.entity.reference"/>
      <short value="Identity of entity"/>
      <definition value="Identity of the  Entity used. May be a logical or physical uri and maybe absolute or relative."/>
      <comments value="Identity may be a reference to a resource or to something else, depending on the type."/>
      <min value="1"/>
      <max value="1"/>
      <base>
        <path value="Provenance.entity.reference"/>
        <min value="1"/>
        <max value="1"/>
      </base>
      <type>
        <code value="uri"/>
      </type>
      <isSummary value="true"/>
      <mapping>
        <identity value="rim"/>
        <map value="./text/reference"/>
      </mapping>
      <mapping>
        <identity value="fhirauditevent"/>
        <map value="AuditEvent.entity.reference"/>
      </mapping>
      <mapping>
        <identity value="w3c.prov"/>
        <map value="Entity.Identity"/>
      </mapping>
    </element>
    <element id="Provenance:hspcattribution.entity.display">
      <path value="Provenance.entity.display"/>
      <short value="Human description of entity"/>
      <definition value="Human-readable description of the entity."/>
      <min value="0"/>
      <max value="1"/>
      <base>
        <path value="Provenance.entity.display"/>
        <min value="0"/>
        <max value="1"/>
      </base>
      <type>
        <code value="string"/>
      </type>
      <isSummary value="true"/>
      <mapping>
        <identity value="rim"/>
        <map value="./title"/>
      </mapping>
      <mapping>
        <identity value="fhirauditevent"/>
        <map value="AuditEvent.entity.description"/>
      </mapping>
      <mapping>
        <identity value="w3c.prov"/>
        <map value="Entity.Label"/>
      </mapping>
    </element>
    <element id="Provenance:hspcattribution.entity.agent">
      <path value="Provenance.entity.agent"/>
      <short value="Entity is attributed to this agent"/>
      <definition value="The entity is attributed to an agent to express the agent&#39;s responsibility for that entity, possibly along with other agents. This description can be understood as shorthand for saying that the agent was responsible for the activity which generated the entity."/>
      <comments value="A usecase where one Provenance.entity.agent is used where the Entity that was used in the creation/updating of the Target, is not in the context of the same custodianship as the Target, and thus the meaning of Provenance.entity.agent is to say that the entity referenced is managed elsewhere and that this Agent provided access to it.  This would be similar to where the Entity being referenced is managed outside FHIR, such as through HL7 v2, v3, or XDS. This might be where the Entity being referenced is managed in another FHIR resource server. Thus it explains the Provenance of that Entity&#39;s use in the context of this Provenance activity."/>
      <min value="0"/>
      <max value="*"/>
      <base>
        <path value="Provenance.entity.agent"/>
        <min value="0"/>
        <max value="*"/>
      </base>
      <contentReference value="#Provenance:hspcattribution.agent"/>
      <isSummary value="true"/>
      <mapping>
        <identity value="rim"/>
        <map value="./author/role"/>
      </mapping>
    </element>
    <element id="Provenance:hspcattribution.signature">
      <path value="Provenance.signature"/>
      <short value="Signature on target"/>
      <definition value="A digital signature on the target Reference(s). The signer should match a Provenance.agent. The purpose of the signature is indicated."/>
      <min value="0"/>
      <max value="*"/>
      <base>
        <path value="Provenance.signature"/>
        <min value="0"/>
        <max value="*"/>
      </base>
      <type>
        <code value="Signature"/>
      </type>
      <isSummary value="true"/>
      <mapping>
        <identity value="rim"/>
        <map value="./signatureText"/>
      </mapping>
    </element>
  </snapshot>
  <differential>
    <element id="Provenance:hspcattribution">
      <path value="Provenance"/>
      <name value="HSPCAttribution"/>
      <mustSupport value="false"/>
      <isModifier value="false"/>
      <isSummary value="false"/>
    </element>
    <element id="Provenance:hspcattribution.extension:attributioncode$Extension">
      <path value="Provenance.extension"/>
      <name value="attributionCode"/>
      <min value="0"/>
      <max value="*"/>
      <type>
        <code value="Extension"/>
        <profile value="http://hl7.org/fhir/StructureDefinition/Extension"/>
      </type>
      <mustSupport value="false"/>
      <isModifier value="false"/>
      <isSummary value="false"/>
      <binding>
        <strength value="preferred"/>
        <description value="Code representing the type of attribution"/>
        <valueSetReference>
          <reference value="ValueSet/provenance-hspc-attribution-type"/>
        </valueSetReference>
      </binding>
    </element>
    <element id="Provenance:hspcattribution.extension:patientlocation$Extension">
      <path value="Provenance.extension"/>
      <name value="patientLocation"/>
      <min value="0"/>
      <max value="1"/>
      <type>
        <code value="Extension"/>
        <profile value="http://hl7.org/fhir/StructureDefinition/Extension"/>
      </type>
      <mustSupport value="false"/>
      <isModifier value="false"/>
      <isSummary value="false"/>
    </element>
    <element id="Provenance:hspcattribution.extension:providerlocation$Extension">
      <path value="Provenance.extension"/>
      <name value="providerLocation"/>
      <min value="0"/>
      <max value="1"/>
      <type>
        <code value="Extension"/>
        <profile value="http://hl7.org/fhir/StructureDefinition/Extension"/>
      </type>
      <mustSupport value="false"/>
      <isModifier value="false"/>
      <isSummary value="false"/>
    </element>
    <element id="Provenance:hspcattribution.extension:actionmethod$Extension">
      <path value="Provenance.extension"/>
      <name value="actionMethod"/>
      <min value="0"/>
      <max value="1"/>
      <type>
        <code value="Extension"/>
        <profile value="http://hl7.org/fhir/StructureDefinition/Extension"/>
      </type>
      <mustSupport value="false"/>
      <isModifier value="false"/>
      <isSummary value="false"/>
      <binding>
        <strength value="preferred"/>
        <description value="Code representing the method of performing the action"/>
        <valueSetReference>
          <reference value="ValueSet/provenance-hspc-action-method"/>
        </valueSetReference>
      </binding>
    </element>
    <element id="Provenance:hspcattribution.agent">
      <path value="Provenance.agent"/>
      <min value="1"/>
      <max value="*"/>
      <mustSupport value="false"/>
      <isModifier value="false"/>
      <isSummary value="false"/>
    </element>
    <element id="Provenance:hspcattribution.agent.extension:individualperson$Extension">
      <path value="Provenance.agent.extension"/>
      <name value="IndividualPerson"/>
      <min value="0"/>
      <max value="1"/>
      <type>
        <code value="Extension"/>
        <profile value="http://hl7.org/fhir/StructureDefinition/Extension"/>
      </type>
      <mustSupport value="false"/>
      <isModifier value="false"/>
      <isSummary value="false"/>
    </element>
  </differential>
</StructureDefinition>