<?xml version="1.0" encoding="UTF-8"?>

<ValueSet xmlns="http://hl7.org/fhir">
  <id value="heartratemeasmethoddevice"/>
  <meta>
    <profile value="http://hl7.org/fhir/StructureDefinition/valueset-shareable-definition"/>
  </meta>
  <url value="http://fhir.org/guides/hspc/ValueSet/heartratemeasmethoddevice"/>
  <version value="0.01"/>
  <name value="HSPC Heart Rate Measurement Method Device"/>
  <status value="draft"/>
  <publisher value="HSPC"/>
  <contact>
    <telecom>
      <system value="other"/>
      <value value="http://healthcaresoa.org"/>
    </telecom>
  </contact>
  <date value="2015-05-19"/>
  <description value="SNOMED CT code system values."/>
  <immutable value="true"/>
  <copyright value="TBD"/>
  <extensible value="true"/>
  <compose>
    <include>
      <system value="http://snomed.info/sct"/>
      <concept>
        <code value="37931006"/>
        <display value="Auscultation"/>
      </concept>
      <concept>
        <code value="268447006"/>
        <display value="Doppler studies (procedure)"/>
      </concept>
      <concept>
        <code value="250865004"/>
        <display value="Electrocardiogram waveform (observable entity)"/>
      </concept>
      <concept>
        <code value="277917001"/>
        <display value="Thoracic impedance cardiography (procedure)"/>
      </concept>
      <concept>
        <code value="59181002"/>
        <display value="Oxygen analyzer, device (physical object)"/>
      </concept>
      <concept>
        <code value="260933004"/>
        <display value="Pressure waveform (attribute)"/>
      </concept>
      <concept>
        <code value="32750006"/>
        <display value="Inspection (procedure)"/>
      </concept>
      <concept>
        <code value="46825001"/>
        <display value="Electrocardiographic monitoring (procedure)"/>
      </concept>
    </include>
  </compose>
</ValueSet>