<?xml version="1.0" encoding="UTF-8"?>

<ValueSet xmlns="http://hl7.org/fhir">
  <id value="observation-weightMeasMethodDevice"/>
  <meta>
    <profile value="http://hl7.org/fhir/StructureDefinition/valueset-shareable-definition"/>
  </meta>
  <url value="http://fhir.org/guides/hspc/ValueSet/observation-weightMeasMethodDevice"/>
  <version value="0.01"/>
  <name value="HSPC Weight Meas Method Device"/>
  <status value="draft"/>
  <publisher value="HSPC"/>
  <contact>
    <telecom>
      <system value="other"/>
      <value value="http://healthcaresoa.org"/>
    </telecom>
  </contact>
  <date value="2015-06-01"/>
  <description value="The set of codes that describe the methods or devices used to measure an individual&#39;s weight."/>
  <immutable value="true"/>
  <copyright value="Intermountain Healthcare"/>
  <extensible value="true"/>
  <compose>
    <include>
      <system value="http://hl7,org/fhir/observation-hspc-weightMeasMethodDevice"/>
    </include>
  </compose>
</ValueSet>