<?xml version="1.0" encoding="UTF-8"?>

<ValueSet xmlns="http://hl7.org/fhir">
  <id value="teststatus"/>
  <meta>
    <profile value="http://hl7.org/fhir/StructureDefinition/valueset-shareable-definition"/>
  </meta>
  <url value="http://fhir.org/guides/hspc/ValueSet/teststatus"/>
  <version value="0.01"/>
  <name value="HSPC Test Status"/>
  <status value="draft"/>
  <publisher value="Health Services Platform Consortium (HSPC)"/>
  <date value="2015-02-09"/>
  <description value="SELECT SNOMED CT code system values."/>
  <immutable value="true"/>
  <copyright value="TBD"/>
  <extensible value="true"/>
  <compose>
    <include>
      <system value="http://snomed.info/sct"/>
      <concept>
        <code value="442376007"/>
        <display value="Test with result pending (observable entity)"/>
      </concept>
      <concept>
        <code value="445667001"/>
        <display value="Interim report (record artifact)"/>
      </concept>
      <concept>
        <code value="445665009"/>
        <display value="Final report (record artifact)"/>
      </concept>
      <concept>
        <code value="445664008"/>
        <display value="Amended report (record artifact)"/>
      </concept>
      <concept>
        <code value="89925002"/>
        <display value="Canceled (qualifier value)"/>
      </concept>
      <concept>
        <code value="261420005"/>
        <display value="Preliminary (qualifier value)"/>
      </concept>
    </include>
  </compose>
</ValueSet>