<?xml version="1.0" encoding="UTF-8"?>

<ValueSet xmlns="http://hl7.org/fhir">
  <id value="location-addressType"/>
  <meta>
    <profile value="http://hl7.org/fhir/StructureDefinition/valueset-shareable-definition"/>
  </meta>
  <url value="http://fhir.org/guides/hspc/ValueSet/location-addressType"/>
  <name value="Address Type value set"/>
  <status value="draft"/>
  <publisher value="HSPC"/>
  <contact>
    <telecom>
      <system value="other"/>
      <value value="http://healthcaresoa.org"/>
    </telecom>
  </contact>
  <description value="A set of value that describe different kinds of addresses."/>
  <compose>
    <include>
      <system value="http://hl7.org/fhir/v3/EntityNameUse"/>
      <concept>
        <code value="IDE"/>
        <display value="Ideographic"/>
      </concept>
      <concept>
        <code value="SYL"/>
        <display value="Syllabic"/>
      </concept>
      <concept>
        <code value="SNDX"/>
        <display value="Soundex"/>
      </concept>
      <concept>
        <code value="ABC"/>
        <display value="Alphabetic"/>
      </concept>
      <concept>
        <code value="PHON"/>
        <display value="Phonetic"/>
      </concept>
    </include>
  </compose>
</ValueSet>