<?xml version="1.0" encoding="UTF-8"?>

<ValueSet xmlns="http://hl7.org/fhir">
  <id value="provenance-hspc-action-method"/>
  <meta>
    <profile value="http://hl7.org/fhir/StructureDefinition/valueset-shareable-definition"/>
  </meta>
  <url value="http://fhir.org/guides/hspc/ValueSet/provenance-hspc-action-method"/>
<!--    
    To be provided by CIMI. Placeholders for now
     -->
  <name value="Action Method"/>
  <status value="active"/>
  <publisher value="CIMI"/>
  <contact>
    <telecom>
      <system value="other"/>
      <value value="http://cimi.org/valueset/attribution/action-method"/>
    </telecom>
  </contact>
  <contact>
    <telecom>
      <system value="other"/>
      <value value="http://www.cimi.org/"/>
    </telecom>
  </contact>
  <description value="Type codes for HSPC Attribution action method"/>
  <compose>
    <include>
      <system value="http://cimi.org/vs/attribution/action-method"/>
    <!--    Made up codes. Need actual ones from: ACTIONMETHOD_VALUESET_CODE    -->
      <concept>
        <code value="1"/>
        <display value="Verbal"/>
      </concept>
      <concept>
        <code value="2"/>
        <display value="Written"/>
      </concept>
      <concept>
        <code value="3"/>
        <display value="Telephone"/>
      </concept>
    </include>
  </compose>
</ValueSet>