<?xml version="1.0" encoding="UTF-8"?>

<ValueSet xmlns="http://hl7.org/fhir">
  <id value="amsexacerbatingfactors"/>
  <meta>
    <profile value="http://hl7.org/fhir/StructureDefinition/valueset-shareable-definition"/>
  </meta>
  <url value="http://fhir.org/guides/hspc/ValueSet/amsexacerbatingfactors"/>
  <version value="0.01"/>
  <name value="HSPC Altered Mental Status Exacerbating Factors Value Set"/>
  <status value="draft"/>
  <publisher value="Health Services Platform Consortium (HSPC)"/>
  <date value="2015-02-09"/>
  <description value="SELECT SNOMED CT code system values describing things that worsen altered mental status"/>
  <immutable value="true"/>
  <copyright value="TBD"/>
  <extensible value="true"/>
  <compose>
    <include>
      <system value="http://snomed.info/sct"/>
      <concept>
        <code value="73595000"/>
        <display value="Stress (finding)"/>
      </concept>
      <concept>
        <code value="64572001"/>
        <display value="Disease (disorder)"/>
      </concept>
      <concept>
        <code value="279046003"/>
        <display value="Pressure - physical agent (physical force)"/>
      </concept>
      <concept>
        <code value="386476006"/>
        <display value="Touch (regime/therapy)"/>
      </concept>
      <concept>
        <code value="130989002"/>
        <display value="Sleep deprivation (finding)"/>
      </concept>
      <concept>
        <code value="255641001"/>
        <display value="Caffeine (substance)"/>
      </concept>
      <concept>
        <code value="39953003"/>
        <display value="Tobacco (substance)"/>
      </concept>
      <concept>
        <code value="53041004"/>
        <display value="Alcohol (substance)"/>
      </concept>
      <concept>
        <code value="256235009"/>
        <display value="Exercise (observable entity)"/>
      </concept>
      <concept>
        <code value="80638004"/>
        <display value="Work-related activity, function (observable entity)"/>
      </concept>
    </include>
  </compose>
</ValueSet>