<?xml version="1.0" encoding="UTF-8"?>

<ValueSet xmlns="http://hl7.org/fhir">
  <id value="amsalleviatingfactors"/>
  <meta>
    <profile value="http://hl7.org/fhir/StructureDefinition/valueset-shareable-definition"/>
  </meta>
  <url value="http://fhir.org/guides/hspc/ValueSet/amsalleviatingfactors"/>
  <version value="0.01"/>
  <name value="HSPC Altered Mental Status Alleviating Factors Value Set"/>
  <status value="draft"/>
  <publisher value="Health Services Platform Consortium (HSPC)"/>
  <date value="2015-02-09"/>
  <description value="SELECT SNOMED CT code system values that describe things that help mitigate altered mental status."/>
  <immutable value="true"/>
  <copyright value="TBD"/>
  <extensible value="true"/>
  <compose>
    <include>
      <system value="http://snomed.info/sct"/>
      <concept>
        <code value="258157001"/>
        <display value="Rest (observable entity)"/>
      </concept>
      <concept>
        <code value="414039005"/>
        <display value="Distraction (procedure)"/>
      </concept>
      <concept>
        <code value="228563004"/>
        <display value="Simonton technique (regime/therapy)"/>
      </concept>
      <concept>
        <code value="64299003"/>
        <display value="Relaxation training therapy (regime/therapy)"/>
      </concept>
      <concept>
        <code value="21065008"/>
        <display value="Music therapy (regime/therapy)"/>
      </concept>
      <concept>
        <code value="18512000"/>
        <display value="Individual psychotherapy (regime/therapy)"/>
      </concept>
      <concept>
        <code value="76168009"/>
        <display value="Group psychotherapy (regime/therapy)"/>
      </concept>
      <concept>
        <code value="85614001"/>
        <display value="Environmental intervention (regime/therapy)"/>
      </concept>
      <concept>
        <code value="304891004"/>
        <display value="Cognitive - behavior therapy (regime/therapy)"/>
      </concept>
      <concept>
        <code value="166001"/>
        <display value="Behavioral therapy (regime/therapy)"/>
      </concept>
      <concept>
        <code value="182832007"/>
        <display value="Procedure related to management of drug administration (procedure)"/>
      </concept>
      <concept>
        <code value="276049006"/>
        <display value="Self-help group support (finding)"/>
      </concept>
      <concept>
        <code value="266707007"/>
        <display value="Drug addiction therapy (regime/therapy)"/>
      </concept>
    </include>
  </compose>
</ValueSet>