<?xml version="1.0" encoding="UTF-8"?>

<ValueSet xmlns="http://hl7.org/fhir">
  <id value="patient-veteranMilitaryStatus"/>
  <meta>
    <profile value="http://hl7.org/fhir/StructureDefinition/valueset-shareable-definition"/>
  </meta>
  <url value="http://fhir.org/guides/hspc/ValueSet/patient-veteranMilitaryStatus"/>
  <name value="HSPC Veteran Military Status"/>
  <status value="draft"/>
  <publisher value="HSPC"/>
  <contact>
    <telecom>
      <system value="other"/>
      <value value="http://healthcaresoa.org"/>
    </telecom>
  </contact>
  <description value="A set of codes that describe the individual&#39;s current military status"/>
  <compose>
    <include>
      <system value="http://hl7.org/fhir/patient-hspc-veteranMilitaryStatus"/>
    </include>
  </compose>
</ValueSet>