<?xml version="1.0" encoding="UTF-8"?>

<ValueSet xmlns="http://hl7.org/fhir">
  <id value="dietType"/>
  <meta>
    <profile value="http://hl7.org/fhir/StructureDefinition/valueset-shareable-definition"/>
  </meta>
  <url value="http://fhir.org/guides/hspc/ValueSet/dietType"/>
  <version value="0.01"/>
  <name value="HSPC Diet Type value set."/>
  <status value="draft"/>
  <publisher value="Health Services Platform Consortium (HSPC)"/>
  <date value="2015-08-06"/>
  <description value="Select HL7 ActCode codes."/>
  <immutable value="true"/>
  <copyright value="TBD"/>
  <extensible value="true"/>
  <compose>
    <include>
      <system value="http://hl7.org/fhir/v3/ActCode"/>
      <concept>
        <code value="BR"/>
        <display value="breikost(GE)"/>
      </concept>
      <concept>
        <code value="DM"/>
        <display value="Diabetes mellitus diet"/>
      </concept>
      <concept>
        <code value="FAST"/>
        <display value="fasting"/>
      </concept>
      <concept>
        <code value="FORMULA"/>
        <display value="formula diet"/>
      </concept>
      <concept>
        <code value="GF"/>
        <display value="Gluten Free"/>
      </concept>
      <concept>
        <code value="LF"/>
        <display value="Low Fat"/>
      </concept>
      <concept>
        <code value="LP"/>
        <display value="Low Protein"/>
      </concept>
      <concept>
        <code value="LQ"/>
        <display value="Liquid"/>
      </concept>
      <concept>
        <code value="LS"/>
        <display value="Low Sodium"/>
      </concept>
      <concept>
        <code value="N"/>
        <display value="Normal Diet"/>
      </concept>
      <concept>
        <code value="NF"/>
        <display value="No Fat"/>
      </concept>
      <concept>
        <code value="PAF"/>
        <display value="Phenylalanine Free"/>
      </concept>
      <concept>
        <code value="PAR"/>
        <display value="Parenteral"/>
      </concept>
      <concept>
        <code value="RD"/>
        <display value="Reduction Diet"/>
      </concept>
      <concept>
        <code value="SCH"/>
        <display value="Schonkost (GE)"/>
      </concept>
      <concept>
        <code value="SUPPLEMENT"/>
        <display value="nutritional supplement"/>
      </concept>
      <concept>
        <code value="T"/>
        <display value="Tea only"/>
      </concept>
      <concept>
        <code value="VLI"/>
        <display value="Low Valin, Leucine, Isoleucine"/>
      </concept>
    </include>
  </compose>
</ValueSet>