<?xml version="1.0" encoding="UTF-8"?>

<ValueSet xmlns="http://hl7.org/fhir">
  <id value="patient-adoptionInfo"/>
  <meta>
    <profile value="http://hl7.org/fhir/StructureDefinition/valueset-shareable-definition"/>
  </meta>
  <url value="http://fhir.org/guides/hspc/ValueSet/patient-adoptionInfo"/>
  <name value="HSPC Adoption Info"/>
  <status value="draft"/>
  <publisher value="HSPC"/>
  <contact>
    <telecom>
      <system value="other"/>
      <value value="http://healthcaresoa.org"/>
    </telecom>
  </contact>
  <description value="A set of codes that describe patient info viewing privileges base on adoption status."/>
  <compose>
    <include>
      <system value="http://hl7.org/fhir/patient-hspc-adoptionInfo"/>
    </include>
  </compose>
</ValueSet>