<?xml version="1.0" encoding="UTF-8"?>

<ValueSet xmlns="http://hl7.org/fhir">
  <id value="substanceCategory"/>
  <meta>
    <profile value="http://hl7.org/fhir/StructureDefinition/valueset-shareable-definition"/>
  </meta>
  <url value="http://fhir.org/guides/hspc/ValueSet/substanceCategory"/>
  <version value="0.01"/>
  <name value="HSPC Substance Category Value Set"/>
  <status value="draft"/>
  <publisher value="Health Services Platform Consortium (HSPC)"/>
  <date value="2015-08-05"/>
  <description value="SELECT SNOMED CT and Intermountain Healthcare HDD code system values."/>
  <immutable value="true"/>
  <copyright value="TBD"/>
  <extensible value="true"/>
  <compose>
    <include>
      <system value="http://snomed.info/sct"/>
      <concept>
        <code value="406465008"/>
        <display value="food allergen (substance)"/>
      </concept>
      <concept>
        <code value="406463001"/>
        <display value="drug allergen (substance)"/>
      </concept>
    </include>
    <include>
      <system value="http://fhir.org/guides/hspc/CodeSystem/substancecategory"/>
    </include>
  </compose>
</ValueSet>