<?xml version="1.0" encoding="UTF-8"?><Library xmlns="http://hl7.org/fhir"><id value="MMECalculatorTests"/><meta><profile value="http://hl7.org/fhir/uv/cpg/StructureDefinition/cpg-shareablelibrary"/><profile value="http://hl7.org/fhir/uv/cpg/StructureDefinition/cpg-computablelibrary"/><profile value="http://hl7.org/fhir/uv/cpg/StructureDefinition/cpg-publishablelibrary"/><profile value="http://hl7.org/fhir/uv/cpg/StructureDefinition/cpg-executablelibrary"/></meta><extension url="http://hl7.org/fhir/uv/cpg/StructureDefinition/cpg-knowledgeCapability"><valueCode value="shareable"/></extension><extension url="http://hl7.org/fhir/uv/cpg/StructureDefinition/cpg-knowledgeCapability"><valueCode value="computable"/></extension><extension url="http://hl7.org/fhir/uv/cpg/StructureDefinition/cpg-knowledgeCapability"><valueCode value="publishable"/></extension><extension url="http://hl7.org/fhir/uv/cpg/StructureDefinition/cpg-knowledgeCapability"><valueCode value="executable"/></extension><extension url="http://hl7.org/fhir/uv/cpg/StructureDefinition/cpg-knowledgeRepresentationLevel"><valueCode value="structured"/></extension><url value="http://fhir.org/guides/cdc/opioid-mme-r4/Library/MMECalculatorTests"/><version value="3.0.0"/><name value="MMECalculatorTests"/><title value="Tests for the Morphine Milligram Equivalent (MME) Calculator for FHIR R4"/><status value="active"/><experimental value="true"/><type><coding><system value="http://terminology.hl7.org/CodeSystem/library-type"/><code value="logic-library"/></coding></type><date value="2021-11-25T15:13:44+11:00"/><publisher value="Alphora"/><contact><telecom><system value="url"/><value value="http://alphora.com"/></telecom></contact><description value="This library contains tests to validate the functionality of the FHIR R4 MME calculator"/><jurisdiction><coding><system value="http://unstats.un.org/unsd/methods/m49/m49.htm"/><code value="840"/></coding></jurisdiction><copyright value="Copyright 2019+ Centers for Disease Control and Prevention (CDC)"/><topic><text value="Opioid Prescribing"/></topic><topic><text value="Morphine Milligram Equivalent (MME)"/></topic><author><name value="Floyd Eisenberg, MD, MPH"/></author><author><name value="Kensaku Kawamoto, MD, PhD, MHS"/></author><author><name value="Robert McClure, MD"/></author><author><name value="Bryn Rhodes"/></author><relatedArtifact><type value="depends-on"/><display value="Library MMECalculator"/><resource value="http://fhir.org/guides/cdc/opioid-mme-r4/Library/MMECalculator|3.0.0"/></relatedArtifact><relatedArtifact><type value="depends-on"/><display value="Library OMTKLogic"/><resource value="http://fhir.org/guides/cdc/opioid-mme-r4/Library/OMTKLogic|3.0.0"/></relatedArtifact><relatedArtifact><type value="depends-on"/><display value="Library OMTKData"/><resource value="http://fhir.org/guides/cdc/opioid-mme-r4/Library/OMTKData|3.0.0"/></relatedArtifact><relatedArtifact><type value="depends-on"/><display value="Library ConversionFactors"/><resource value="http://fhir.org/guides/cdc/opioid-mme-r4/Library/ConversionFactors|3.0.0"/></relatedArtifact><relatedArtifact><type value="depends-on"/><display value="Code system Usage Context Type"/><resource value="http://terminology.hl7.org/CodeSystem/usage-context-type"/></relatedArtifact><relatedArtifact><type value="depends-on"/><display value="Code system CDC MME Usage Context Codes"/><resource value="http://fhir.org/guides/cdc/opioid-mme-r4/CodeSystem/CDCMMEUsageContextCodes"/></relatedArtifact><parameter><name value="ErrorLevel"/><use value="in"/><min value="0"/><max value="1"/><type value="string"/></parameter><parameter><name value="ConversionFactorSupplementName"/><use value="in"/><min value="0"/><max value="1"/><type value="string"/></parameter><parameter><name value="Patient"/><use value="out"/><min value="0"/><max value="1"/><type value="Patient"/></parameter><parameter><name value="TotalMME"/><use value="out"/><min value="0"/><max value="1"/><type value="Quantity"/></parameter><dataRequirement><type value="Patient"/><profile value="http://hl7.org/fhir/StructureDefinition/Patient"/></dataRequirement><dataRequirement><type value="MedicationRequest"/><profile value="http://hl7.org/fhir/StructureDefinition/MedicationRequest"/></dataRequirement><content><contentType value="text/cql"/><data/></content><content><contentType value="application/elm+xml"/><data/></content><content><contentType value="application/elm+json"/><data/></content></Library>