<?xml version="1.0" encoding="UTF-8"?><Library xmlns="http://hl7.org/fhir"><id value="OMTKData"/><meta><profile value="http://hl7.org/fhir/uv/cpg/StructureDefinition/cpg-shareablelibrary"/><profile value="http://hl7.org/fhir/uv/cpg/StructureDefinition/cpg-computablelibrary"/><profile value="http://hl7.org/fhir/uv/cpg/StructureDefinition/cpg-publishablelibrary"/><profile value="http://hl7.org/fhir/uv/cpg/StructureDefinition/cpg-executablelibrary"/></meta><extension url="http://hl7.org/fhir/uv/cpg/StructureDefinition/cpg-knowledgeCapability"><valueCode value="shareable"/></extension><extension url="http://hl7.org/fhir/uv/cpg/StructureDefinition/cpg-knowledgeCapability"><valueCode value="computable"/></extension><extension url="http://hl7.org/fhir/uv/cpg/StructureDefinition/cpg-knowledgeCapability"><valueCode value="publishable"/></extension><extension url="http://hl7.org/fhir/uv/cpg/StructureDefinition/cpg-knowledgeCapability"><valueCode value="executable"/></extension><extension url="http://hl7.org/fhir/uv/cpg/StructureDefinition/cpg-knowledgeRepresentationLevel"><valueCode value="structured"/></extension><url value="http://fhir.org/guides/cdc/opioid-mme-r4/Library/OMTKData"/><version value="3.0.0"/><name value="OMTKData"/><title value="Opioid Management Terminology Knowledge Data"/><status value="active"/><experimental value="false"/><type><coding><system value="http://terminology.hl7.org/CodeSystem/library-type"/><code value="logic-library"/></coding></type><date value="2021-11-25T15:13:44+11:00"/><publisher value="Alphora"/><contact><telecom><system value="url"/><value value="http://alphora.com"/></telecom></contact><description value="This library contains drug ingredient data for opioid ingredients of combinations drugs as determined using the [RxNav](https://rxnav.nlm.nih.gov/) API.&#xD;&#xA;The content was produced using the process described [here](http://build.fhir.org/ig/cqframework/opioid-cds-r4/service-documentation.html#solution-component-1-medication-and-terminology-knowledge-base)."/><useContext><code><system value="http://terminology.hl7.org/CodeSystem/usage-context-type"/><code value="focus"/><display value="Clinical Focus"/></code><valueCodeableConcept><coding><system value="http://snomed.info/sct"/><code value="182888003"/><display value="Medication requested (situation)"/></coding></valueCodeableConcept></useContext><useContext><code><system value="http://terminology.hl7.org/CodeSystem/usage-context-type"/><code value="focus"/><display value="Clinical Focus"/></code><valueCodeableConcept><coding><system value="http://snomed.info/sct"/><code value="82423001"/><display value="Chronic pain (finding)"/></coding></valueCodeableConcept></useContext><jurisdiction><coding><system value="http://unstats.un.org/unsd/methods/m49/m49.htm"/><code value="840"/></coding></jurisdiction><usage value="NOTE: Do not use the calculated dose in MMEs to determine dosage for converting one opioid to another—the new opioid should be lower to avoid unintentional overdose caused by incomplete cross-tolerance and individual differences in opioid pharmacokinetics. Consult the medication label."/><copyright value="Copyright 2019+ Centers for Disease Control and Prevention (CDC)"/><lastReviewDate value="2020-10-20"/><topic><text value="Opioid Prescribing"/></topic><topic><text value="Morphine Milligram Equivalent (MME)"/></topic><author><name value="Floyd Eisenberg, MD, MPH"/></author><author><name value="Kensaku Kawamoto, MD, PhD, MHS"/></author><author><name value="Robert McClure, MD"/></author><author><name value="Bryn Rhodes"/></author><relatedArtifact><type value="citation"/><label value="RxNORM"/><display value="This product uses publicly available data courtesy of the U.S. National Library of Medicine (NLM), National Institutes of Health, Department of Health and Human Services; NLM is not responsible for the product and does not endorse or recommend this or any other product."/><citation value="Nelson SJ, Zeng K, Kilbourne J, Powell T, Moore R. Normalized names for clinical drugs: RxNorm at 6 years.&lt;br/&gt;J Am Med Inform Assoc. 2011 Jul-Aug;18(4)441-8. doi: 10.1136/amiajnl-2011-000116.&lt;br/&gt;Epub 2011 Apr 21. PubMed PMID: 21515544; PubMed Central PMCID: PMC3128404.&lt;br/&gt;[Full Text](https://www.ncbi.nlm.nih.gov/pmc/articles/PMC3128404/)"/><url value="https://www.ncbi.nlm.nih.gov/pmc/articles/PMC3128404/"/></relatedArtifact><relatedArtifact><type value="citation"/><label value="UCUM"/><display value="This product includes all or a portion of the UCUM table, UCUM codes, and UCUM definitions or is derived from it, subject to a license from Regenstrief Institute, Inc. and The UCUM Organization. Your use of the UCUM table, UCUM codes, UCUM definitions also is subject to this license, a copy of which is available at http://unitsofmeasure.org&lt;br/&gt; The current complete UCUM table, UCUM Specification are available for download at http://unitsofmeasure.org&lt;br/&gt;The UCUM table and UCUM codes are copyright © 1995-2009, Regenstrief Institute, Inc. and the Unified Codes for Units of Measures (UCUM) Organization. All rights reserved."/><citation value="Schadow G, McDonald CJ. The Unified Code for Units of Measure. Regenstrief Institute, Inc. and the UCUM Organization, 2017. Version 2.1, Revision 442. http://unitsofmeasure.org"/><url value="http://unitsofmeasure.org"/></relatedArtifact><relatedArtifact><type value="citation"/><label value="CDC Opioid Prescribing Guideline"/><display value="Centers For Disease Control and Prevention (CDC) Guideline for Prescribing Opioids for Chronic Pain — United States, 2016"/><citation value="Dowell D, Haegerich TM, Chou R. CDC Guideline for Prescribing Opioids for Chronic Pain — United States, 2016. MMWR Recomm Rep 2016;65(No. RR-1):1–49. DOI: http://dx.doi.org/10.15585/mmwr.rr6501e1"/><url value="http://dx.doi.org/10.15585/mmwr.rr6501e1"/></relatedArtifact><relatedArtifact><type value="citation"/><label value="Calculating total daily dose of opioids for safer dosage"/><display value="National Center for Injury Prevention and Control. Calculating total daily dose of opioids for safer dosage."/><citation value="National Center for Injury Prevention and Control. Calculating total daily dose of opioids for safer dosage.&lt;br/&gt;Atlanta, GA: Centers for Disease Control and Prevention; https://www.cdc.gov/drugoverdose/pdf/calculating_total_daily_dose-a.pdf, accessed November 19th, 2020"/><url value="https://www.cdc.gov/drugoverdose/pdf/calculating_total_daily_dose-a.pdf"/></relatedArtifact><relatedArtifact><type value="documentation"/><label value="OMTK Data Processing"/><display value="OMTK Data Processing"/><url value="http://fhir.org/guides/cdc/opioid-mme-r4/omtkdata-processing.html"/></relatedArtifact><parameter><name value="DrugIngredients"/><use value="out"/><min value="0"/><max value="*"/><type value="Any"/></parameter><content><contentType value="text/cql"/><data/></content><content><contentType value="application/elm+xml"/><data/></content><content><contentType value="application/elm+json"/><data/></content></Library>