<?xml version="1.0" encoding="UTF-8"?><Library xmlns="http://hl7.org/fhir"><id value="ConversionFactorsTests"/><meta><profile value="http://hl7.org/fhir/uv/cpg/StructureDefinition/cpg-shareablelibrary"/><profile value="http://hl7.org/fhir/uv/cpg/StructureDefinition/cpg-computablelibrary"/><profile value="http://hl7.org/fhir/uv/cpg/StructureDefinition/cpg-publishablelibrary"/><profile value="http://hl7.org/fhir/uv/cpg/StructureDefinition/cpg-executablelibrary"/></meta><extension url="http://hl7.org/fhir/uv/cpg/StructureDefinition/cpg-knowledgeCapability"><valueCode value="shareable"/></extension><extension url="http://hl7.org/fhir/uv/cpg/StructureDefinition/cpg-knowledgeCapability"><valueCode value="computable"/></extension><extension url="http://hl7.org/fhir/uv/cpg/StructureDefinition/cpg-knowledgeCapability"><valueCode value="publishable"/></extension><extension url="http://hl7.org/fhir/uv/cpg/StructureDefinition/cpg-knowledgeCapability"><valueCode value="executable"/></extension><extension url="http://hl7.org/fhir/uv/cpg/StructureDefinition/cpg-knowledgeRepresentationLevel"><valueCode value="structured"/></extension><url value="http://fhir.org/guides/cdc/opioid-mme-r4/Library/ConversionFactorsTests"/><version value="3.0.0"/><name value="ConversionFactorsTests"/><title value="Tests for the Morphine Milligram Equivalent (MME) Conversion Factors for FHIR R4"/><status value="active"/><experimental value="true"/><type><coding><system value="http://terminology.hl7.org/CodeSystem/library-type"/><code value="logic-library"/></coding></type><date value="2021-11-25T15:13:44+11:00"/><publisher value="Alphora"/><contact><telecom><system value="url"/><value value="http://alphora.com"/></telecom></contact><description value="This library contains logic to test configurable conversion factors for the MME calculation functionality provided by the OMTKLogic library."/><useContext><code><system value="http://terminology.hl7.org/CodeSystem/usage-context-type"/><code value="focus"/><display value="Clinical Focus"/></code><valueCodeableConcept><coding><system value="http://snomed.info/sct"/><code value="182888003"/><display value="Medication requested (situation)"/></coding></valueCodeableConcept></useContext><useContext><code><system value="http://terminology.hl7.org/CodeSystem/usage-context-type"/><code value="focus"/><display value="Clinical Focus"/></code><valueCodeableConcept><coding><system value="http://snomed.info/sct"/><code value="82423001"/><display value="Chronic pain (finding)"/></coding></valueCodeableConcept></useContext><jurisdiction><coding><system value="http://unstats.un.org/unsd/methods/m49/m49.htm"/><code value="840"/></coding></jurisdiction><copyright value="Copyright 2019+ Centers for Disease Control and Prevention (CDC)"/><lastReviewDate value="2020-09-26"/><topic><text value="Opioid Prescribing"/></topic><topic><text value="Morphine Milligram Equivalent (MME)"/></topic><author><name value="Floyd Eisenberg, MD, MPH"/></author><author><name value="Kensaku Kawamoto, MD, PhD, MHS"/></author><author><name value="Robert McClure, MD"/></author><author><name value="Bryn Rhodes"/></author><relatedArtifact><type value="depends-on"/><display value="Library ConversionFactors"/><resource value="http://fhir.org/guides/cdc/opioid-mme-r4/Library/ConversionFactors|3.0.0"/></relatedArtifact><relatedArtifact><type value="depends-on"/><display value="Library OMTKLogic"/><resource value="http://fhir.org/guides/cdc/opioid-mme-r4/Library/OMTKLogic|3.0.0"/></relatedArtifact><relatedArtifact><type value="depends-on"/><display value="Code system RXNORM"/><resource value="http://www.nlm.nih.gov/research/umls/rxnorm"/></relatedArtifact><relatedArtifact><type value="depends-on"/><display value="Code system Usage Context Type"/><resource value="http://terminology.hl7.org/CodeSystem/usage-context-type"/></relatedArtifact><relatedArtifact><type value="depends-on"/><display value="Code system CDC MME Usage Context Codes"/><resource value="http://fhir.org/guides/cdc/opioid-mme-r4/CodeSystem/CDCMMEUsageContextCodes"/></relatedArtifact><parameter><name value="ConversionFactorSupplementName"/><use value="in"/><min value="0"/><max value="1"/><type value="string"/></parameter><parameter><name value="ErrorLevel"/><use value="in"/><min value="0"/><max value="1"/><type value="string"/></parameter><parameter><name value="Patient"/><use value="out"/><min value="0"/><max value="1"/><type value="Patient"/></parameter><parameter><name value="TestGetConversionFactor_161"/><use value="out"/><min value="0"/><max value="1"/><type value="boolean"/></parameter><parameter><name value="TestGetConversionFactor_1191"/><use value="out"/><min value="0"/><max value="1"/><type value="boolean"/></parameter><parameter><name value="TestGetConversionFactor_1223"/><use value="out"/><min value="0"/><max value="1"/><type value="boolean"/></parameter><parameter><name value="TestGetConversionFactor_1767"/><use value="out"/><min value="0"/><max value="1"/><type value="boolean"/></parameter><parameter><name value="TestGetConversionFactor_1819"/><use value="out"/><min value="0"/><max value="1"/><type value="boolean"/></parameter><parameter><name value="TestGetConversionFactor_1819_Film"/><use value="out"/><min value="0"/><max value="1"/><type value="boolean"/></parameter><parameter><name value="TestGetConversionFactor_1841"/><use value="out"/><min value="0"/><max value="1"/><type value="boolean"/></parameter><parameter><name value="TestGetConversionFactor_1886"/><use value="out"/><min value="0"/><max value="1"/><type value="boolean"/></parameter><parameter><name value="TestGetConversionFactor_2101"/><use value="out"/><min value="0"/><max value="1"/><type value="boolean"/></parameter><parameter><name value="TestGetConversionFactor_2354"/><use value="out"/><min value="0"/><max value="1"/><type value="boolean"/></parameter><parameter><name value="TestGetConversionFactor_2400"/><use value="out"/><min value="0"/><max value="1"/><type value="boolean"/></parameter><parameter><name value="TestGetConversionFactor_2670"/><use value="out"/><min value="0"/><max value="1"/><type value="boolean"/></parameter><parameter><name value="TestGetConversionFactor_3423"/><use value="out"/><min value="0"/><max value="1"/><type value="boolean"/></parameter><parameter><name value="TestGetConversionFactor_3498"/><use value="out"/><min value="0"/><max value="1"/><type value="boolean"/></parameter><parameter><name value="TestGetConversionFactor_4337"/><use value="out"/><min value="0"/><max value="1"/><type value="boolean"/></parameter><parameter><name value="TestGetConversionFactor_4337_TransdermalSystem"/><use value="out"/><min value="0"/><max value="1"/><type value="boolean"/></parameter><parameter><name value="TestGetConversionFactor_4337_NasalSpray"/><use value="out"/><min value="0"/><max value="1"/><type value="boolean"/></parameter><parameter><name value="TestGetConversionFactor_4337_BuccalFilm"/><use value="out"/><min value="0"/><max value="1"/><type value="boolean"/></parameter><parameter><name value="TestGetConversionFactor_5032"/><use value="out"/><min value="0"/><max value="1"/><type value="boolean"/></parameter><parameter><name value="TestGetConversionFactor_5489"/><use value="out"/><min value="0"/><max value="1"/><type value="boolean"/></parameter><parameter><name value="TestGetConversionFactor_5640"/><use value="out"/><min value="0"/><max value="1"/><type value="boolean"/></parameter><parameter><name value="TestGetConversionFactor_6102"/><use value="out"/><min value="0"/><max value="1"/><type value="boolean"/></parameter><parameter><name value="TestGetConversionFactor_6378"/><use value="out"/><min value="0"/><max value="1"/><type value="boolean"/></parameter><parameter><name value="TestGetConversionFactor_6754"/><use value="out"/><min value="0"/><max value="1"/><type value="boolean"/></parameter><parameter><name value="TestGetConversionFactor_6813"/><use value="out"/><min value="0"/><max value="1"/><type value="boolean"/></parameter><parameter><name value="TestGetConversionFactor_6813_30"/><use value="out"/><min value="0"/><max value="1"/><type value="boolean"/></parameter><parameter><name value="TestGetConversionFactor_6813_50"/><use value="out"/><min value="0"/><max value="1"/><type value="boolean"/></parameter><parameter><name value="TestGetConversionFactor_6813_70"/><use value="out"/><min value="0"/><max value="1"/><type value="boolean"/></parameter><parameter><name value="TestGetConversionFactor_7052"/><use value="out"/><min value="0"/><max value="1"/><type value="boolean"/></parameter><parameter><name value="TestGetConversionFactor_7242"/><use value="out"/><min value="0"/><max value="1"/><type value="boolean"/></parameter><parameter><name value="TestGetConversionFactor_7243"/><use value="out"/><min value="0"/><max value="1"/><type value="boolean"/></parameter><parameter><name value="TestGetConversionFactor_7804"/><use value="out"/><min value="0"/><max value="1"/><type value="boolean"/></parameter><parameter><name value="TestGetConversionFactor_7814"/><use value="out"/><min value="0"/><max value="1"/><type value="boolean"/></parameter><parameter><name value="TestGetConversionFactor_8001"/><use value="out"/><min value="0"/><max value="1"/><type value="boolean"/></parameter><parameter><name value="TestGetConversionFactor_8163"/><use value="out"/><min value="0"/><max value="1"/><type value="boolean"/></parameter><parameter><name value="TestGetConversionFactor_8175"/><use value="out"/><min value="0"/><max value="1"/><type value="boolean"/></parameter><parameter><name value="TestGetConversionFactor_8745"/><use value="out"/><min value="0"/><max value="1"/><type value="boolean"/></parameter><parameter><name value="TestGetConversionFactor_8896"/><use value="out"/><min value="0"/><max value="1"/><type value="boolean"/></parameter><parameter><name value="TestGetConversionFactor_9009"/><use value="out"/><min value="0"/><max value="1"/><type value="boolean"/></parameter><parameter><name value="TestGetConversionFactor_10689"/><use value="out"/><min value="0"/><max value="1"/><type value="boolean"/></parameter><parameter><name value="TestGetConversionFactor_10849"/><use value="out"/><min value="0"/><max value="1"/><type value="boolean"/></parameter><parameter><name value="TestGetConversionFactor_19759"/><use value="out"/><min value="0"/><max value="1"/><type value="boolean"/></parameter><parameter><name value="TestGetConversionFactor_19860"/><use value="out"/><min value="0"/><max value="1"/><type value="boolean"/></parameter><parameter><name value="TestGetConversionFactor_22696"/><use value="out"/><min value="0"/><max value="1"/><type value="boolean"/></parameter><parameter><name value="TestGetConversionFactor_22697"/><use value="out"/><min value="0"/><max value="1"/><type value="boolean"/></parameter><parameter><name value="TestGetConversionFactor_23088"/><use value="out"/><min value="0"/><max value="1"/><type value="boolean"/></parameter><parameter><name value="TestGetConversionFactor_27084"/><use value="out"/><min value="0"/><max value="1"/><type value="boolean"/></parameter><parameter><name value="TestGetConversionFactor_35780"/><use value="out"/><min value="0"/><max value="1"/><type value="boolean"/></parameter><parameter><name value="TestGetConversionFactor_237005"/><use value="out"/><min value="0"/><max value="1"/><type value="boolean"/></parameter><parameter><name value="TestGetConversionFactor_636827"/><use value="out"/><min value="0"/><max value="1"/><type value="boolean"/></parameter><parameter><name value="TestGetConversionFactor_787390"/><use value="out"/><min value="0"/><max value="1"/><type value="boolean"/></parameter><parameter><name value="TestGetConversionFactor_Message"/><use value="out"/><min value="0"/><max value="1"/><type value="boolean"/></parameter><parameter><name value="TestConversionFactorSupplementName"/><use value="out"/><min value="0"/><max value="1"/><type value="boolean"/></parameter><parameter><name value="TestConversionFactorSupplement"/><use value="out"/><min value="0"/><max value="1"/><type value="boolean"/></parameter><parameter><name value="TestToRangeValueValid"/><use value="out"/><min value="0"/><max value="1"/><type value="boolean"/></parameter><parameter><name value="TestToRangeValueValidDecimal"/><use value="out"/><min value="0"/><max value="1"/><type value="boolean"/></parameter><parameter><name value="TestToRangeValueWildcard"/><use value="out"/><min value="0"/><max value="1"/><type value="boolean"/></parameter><parameter><name value="TestToRangeValueInvalid"/><use value="out"/><min value="0"/><max value="1"/><type value="boolean"/></parameter><parameter><name value="TestToDoseRangeValid"/><use value="out"/><min value="0"/><max value="1"/><type value="boolean"/></parameter><parameter><name value="TestToDoseRangeBeginning"/><use value="out"/><min value="0"/><max value="1"/><type value="boolean"/></parameter><parameter><name value="TestToDoseRangeEnding"/><use value="out"/><min value="0"/><max value="1"/><type value="boolean"/></parameter><parameter><name value="TestToDoseRangeInvalid"/><use value="out"/><min value="0"/><max value="1"/><type value="boolean"/></parameter><parameter><name value="TestToRangeConversionFactor"/><use value="out"/><min value="0"/><max value="1"/><type value="boolean"/></parameter><parameter><name value="TestToRangeConversionFactorInvalid"/><use value="out"/><min value="0"/><max value="1"/><type value="boolean"/></parameter><parameter><name value="TestToDoseForm"/><use value="out"/><min value="0"/><max value="1"/><type value="boolean"/></parameter><parameter><name value="TestToDoseFormInvalid"/><use value="out"/><min value="0"/><max value="1"/><type value="boolean"/></parameter><parameter><name value="TestToDoseFormConversionFactor"/><use value="out"/><min value="0"/><max value="1"/><type value="boolean"/></parameter><parameter><name value="TestToDoseFormConversionFactorInvalid"/><use value="out"/><min value="0"/><max value="1"/><type value="boolean"/></parameter><parameter><name value="TestToDoseFormDosesPerDayConversionFactor"/><use value="out"/><min value="0"/><max value="1"/><type value="boolean"/></parameter><parameter><name value="TestToDoseFormDosesPerDayConversionFactorInvalid"/><use value="out"/><min value="0"/><max value="1"/><type value="boolean"/></parameter><parameter><name value="TestToConversionFactor"/><use value="out"/><min value="0"/><max value="1"/><type value="boolean"/></parameter><dataRequirement><type value="Patient"/><profile value="http://hl7.org/fhir/StructureDefinition/Patient"/></dataRequirement><content><contentType value="text/cql"/><data/></content><content><contentType value="application/elm+xml"/><data/></content><content><contentType value="application/elm+json"/><data/></content></Library>