{
  "resourceType": "Condition",
  "id": "hc1",
  "meta": {
    "profile": [
      "http://fhir.org/guides/argonaut/StructureDefinition/argo-condition"
    ]
  },
  "text": {
    "status": "generated",
    "div": "<div xmlns=\"http://www.w3.org/1999/xhtml\"><p><b>Generated Narrative with Details</b></p><p><b>id</b>: hc1</p><p><b>meta</b>: </p><p><b>patient</b>: <a href=\"Patient-peter-chalmers.html\">Peter Chalmers. Generated Summary: id: peter-chalmers; Medical Record Number = 1032702; active; Peter James Chalmers (OFFICIAL); ph: (555)555-5555(WORK), person@example.org(WORK); gender: male; birthDate: 19/06/1964</a></p><p><b>code</b>: Cost of medications <span style=\"background: LightGoldenRodYellow\">(Details )</span></p><p><b>category</b>: Health Concern <span style=\"background: LightGoldenRodYellow\">(Details : {http://argonaut.hl7.org code 'additional-concern' = 'additional-concern', given as 'Health Concern'})</span></p><p><b>clinicalStatus</b>: active</p><p><b>verificationStatus</b>: confirmed</p><p><b>onset</b>: 14/12/2007</p></div>"
  },
  "patient": {
    "reference": "Patient/peter-chalmers",
    "display": "Peter Chalmers"
  },
  "code": {
    "text": "Cost of medications"
  },
  "category": {
    "coding": [
      {
        "system": "http://argonaut.hl7.org",
        "code": "additional-concern",
        "display": "Health Concern"
      }
    ],
    "text": "Health Concern"
  },
  "clinicalStatus": "active",
  "verificationStatus": "confirmed",
  "onsetDateTime": "2007-12-14"
}