{
  "resourceType": "MedicationStatement",
  "id": "argo-ms2",
  "meta": {
    "profile": [
      "http://fhir.org/guides/argonaut/StructureDefinition/argo-medicationstatement"
    ]
  },
  "text": {
    "status": "generated",
    "div": "<div xmlns=\"http://www.w3.org/1999/xhtml\"><p><b>Generated Narrative with Details</b></p><p><b>id</b>: argo-ms2</p><p><b>meta</b>: </p><p><b>contained</b>: </p><p><b>patient</b>: <a href=\"Patient-peter-chalmers.html\">Peter Chalmers. Generated Summary: id: peter-chalmers; Medical Record Number = 1032702; active; Peter James Chalmers (OFFICIAL); ph: (555)555-5555(WORK), person@example.org(WORK); gender: male; birthDate: 19/06/1964</a></p><p><b>dateAsserted</b>: 01/05/2016 4:13:03 PM</p><p><b>status</b>: active</p><p><b>effective</b>: 01/05/2010 --&gt; (ongoing)</p><p><b>medication</b>: lisinopril oral 10 mg. Generated Summary: unknown resource contained</p></div>"
  },
  "contained": [
    {
      "resourceType": "Medication",
      "id": "med1",
      "code": {
        "coding": [
          {
            "system": "http://www.nlm.nih.gov/research/umls/rxnorm",
            "code": "206765",
            "display": "Lisinopril 10 MG Oral Tablet [Prinivil]"
          }
        ],
        "text": "lisinopril oral 10 mg"
      }
    }
  ],
  "patient": {
    "reference": "Patient/peter-chalmers",
    "display": "Peter Chalmers"
  },
  "dateAsserted": "2016-05-01T16:13:03Z",
  "status": "active",
  "effectivePeriod": {
    "start": "2010-05-01"
  },
  "medicationReference": {
    "reference": "#med1",
    "display": "lisinopril oral 10 mg"
  }
}