{
  "resourceType": "Observation",
  "id": "serum-co2",
  "meta": {
    "profile": [
      "http://fhir.org/guides/argonaut/StructureDefinition/argo-observationresults"
    ]
  },
  "text": {
    "status": "generated",
    "div": "<div xmlns=\"http://www.w3.org/1999/xhtml\"><p><b>Generated Narrative with Details</b></p><p><b>id</b>: serum-co2</p><p><b>meta</b>: </p><p><b>status</b>: final</p><p><b>category</b>: Laboratory <span style=\"background: LightGoldenRodYellow\">(Details : {http://hl7.org/fhir/observation-category code 'laboratory' = 'Laboratory', given as 'Laboratory'})</span></p><p><b>code</b>: CO2 SerPl-sCnc <span style=\"background: LightGoldenRodYellow\">(Details : {LOINC code '2028-9' = 'Carbon dioxide, total [Moles/volume] in Serum or Plasma', given as 'CO2 SerPl-sCnc'})</span></p><p><b>subject</b>: <a href=\"Patient-peter-chalmers.html\">Peter Chalmers. Generated Summary: id: peter-chalmers; Medical Record Number = 1032702; active; Peter James Chalmers (OFFICIAL); ph: (555)555-5555(WORK), person@example.org(WORK); gender: male; birthDate: 19/06/1964</a></p><p><b>effective</b>: 05/07/2005</p><p><b>value</b>: 24.0 mmol/L</p><h3>ReferenceRanges</h3><table class=\"grid\"><tr><td>-</td><td><b>Low</b></td><td><b>High</b></td><td><b>Meaning</b></td></tr><tr><td>*</td><td>22.0 mmol/L<span style=\"background: LightGoldenRodYellow\"> (Details: UCUM code mmol/L = 'mmol/L')</span></td><td>29.0 mmol/L<span style=\"background: LightGoldenRodYellow\"> (Details: UCUM code mmol/L = 'mmol/L')</span></td><td>Normal Range <span style=\"background: LightGoldenRodYellow\">(Details : {http://hl7.org/fhir/referencerange-meaning code 'normal' = 'Normal Range', given as 'Normal Range'})</span></td></tr></table></div>"
  },
  "status": "final",
  "category": {
    "coding": [
      {
        "system": "http://hl7.org/fhir/observation-category",
        "code": "laboratory",
        "display": "Laboratory"
      }
    ],
    "text": "Laboratory"
  },
  "code": {
    "coding": [
      {
        "system": "http://loinc.org",
        "code": "2028-9",
        "display": "CO2 SerPl-sCnc"
      }
    ],
    "text": "CO2 SerPl-sCnc"
  },
  "subject": {
    "reference": "Patient/peter-chalmers",
    "display": "Peter Chalmers"
  },
  "effectiveDateTime": "2005-07-05",
  "valueQuantity": {
    "value": 24.0,
    "unit": "mmol/L",
    "system": "http://unitsofmeasure.org"
  },
  "referenceRange": [
    {
      "low": {
        "value": 22.0,
        "unit": "mmol/L",
        "system": "http://unitsofmeasure.org",
        "code": "mmol/L"
      },
      "high": {
        "value": 29.0,
        "unit": "mmol/L",
        "system": "http://unitsofmeasure.org",
        "code": "mmol/L"
      },
      "meaning": {
        "coding": [
          {
            "system": "http://hl7.org/fhir/referencerange-meaning",
            "code": "normal",
            "display": "Normal Range"
          }
        ],
        "text": "Normal Range"
      }
    }
  ]
}