{
  "resourceType": "Observation",
  "id": "vitals-panel",
  "meta": {
    "profile": [
      "http://fhir.org/guides/argonaut/StructureDefinition/argo-vitalsigns"
    ]
  },
  "text": {
    "status": "generated",
    "div": "<div xmlns=\"http://www.w3.org/1999/xhtml\"><p><b>Generated Narrative with Details</b></p><p><b>id</b>: vitals-panel</p><p><b>meta</b>: </p><p><b>status</b>: final</p><p><b>category</b>: Vital Signs <span style=\"background: LightGoldenRodYellow\">(Details : {http://hl7.org/fhir/observation-category code 'vital-signs' = 'Vital Signs', given as 'Vital Signs'})</span></p><p><b>code</b>: Vital signs panel (respiratory rate, heart rate, blood pressure) <span style=\"background: LightGoldenRodYellow\">(Details : {LOINC code '8716-3' = 'Vital signs', given as 'Vital signs'})</span></p><p><b>subject</b>: <a href=\"Patient-peter-chalmers.html\">Peter Chalmers. Generated Summary: id: peter-chalmers; Medical Record Number = 1032702; active; Peter James Chalmers (OFFICIAL); ph: (555)555-5555(WORK), person@example.org(WORK); gender: male; birthDate: 19/06/1964</a></p><p><b>encounter</b>: <a href=\"Encounter-691.html\">Generated Summary: id: 691; status: in-progress; class: inpatient</a></p><p><b>effective</b>: 02/07/1999</p><blockquote><p><b>related</b></p><p><b>type</b>: has-member</p><p><b>target</b>: <a href=\"Observation-respiratory-rate.html\">Respiratory Rate. Generated Summary: id: respiratory-rate; <span title=\"Codes: {http://hl7.org/fhir/observation-category vital-signs}\">Vital Signs</span>; <span title=\"Codes: {http://loinc.org 9279-1}\">respiratory_rate</span>; Peter Chalmers; effective: 02/07/1999; 26.0 breaths per minute</a></p></blockquote><blockquote><p><b>related</b></p><p><b>type</b>: has-member</p><p><b>target</b>: <a href=\"Observation-heart-rate.html\">Heart Rate. Generated Summary: id: heart-rate; <span title=\"Codes: {http://hl7.org/fhir/observation-category vital-signs}\">Vital Signs</span>; <span title=\"Codes: {http://loinc.org 8867-4}\">heart_rate</span>; Peter Chalmers; effective: 02/07/1999; 44.0 {beats}/min</a></p></blockquote><blockquote><p><b>related</b></p><p><b>type</b>: has-member</p><p><b>target</b>: <a href=\"Observation-blood-pressure.html\">Blood Pressure. Generated Summary: id: blood-pressure; <span title=\"Codes: {http://hl7.org/fhir/observation-category vital-signs}\">Vital Signs</span>; <span title=\"Codes: {http://loinc.org 55284-4}\">Blood pressure systolic and diastolic</span>; Peter Chalmers; effective: 02/07/1999</a></p></blockquote></div>"
  },
  "status": "final",
  "category": {
    "coding": [
      {
        "system": "http://hl7.org/fhir/observation-category",
        "code": "vital-signs",
        "display": "Vital Signs"
      }
    ],
    "text": "Vital Signs"
  },
  "code": {
    "coding": [
      {
        "system": "http://loinc.org",
        "code": "8716-3",
        "display": "Vital signs"
      }
    ],
    "text": "Vital signs panel (respiratory rate, heart rate, blood pressure)"
  },
  "subject": {
    "reference": "Patient/peter-chalmers",
    "display": "Peter Chalmers"
  },
  "encounter": {
    "reference": "Encounter/691"
  },
  "effectiveDateTime": "1999-07-02",
  "related": [
    {
      "type": "has-member",
      "target": {
        "reference": "Observation/respiratory-rate",
        "display": "Respiratory Rate"
      }
    },
    {
      "type": "has-member",
      "target": {
        "reference": "Observation/heart-rate",
        "display": "Heart Rate"
      }
    },
    {
      "type": "has-member",
      "target": {
        "reference": "Observation/blood-pressure",
        "display": "Blood Pressure"
      }
    }
  ]
}