{
  "resourceType": "Observation",
  "id": "usg",
  "meta": {
    "profile": [
      "http://fhir.org/guides/argonaut/StructureDefinition/argo-observationresults"
    ]
  },
  "text": {
    "status": "generated",
    "div": "<div xmlns=\"http://www.w3.org/1999/xhtml\"><p><b>Generated Narrative with Details</b></p><p><b>id</b>: usg</p><p><b>meta</b>: </p><p><b>status</b>: final</p><p><b>category</b>: Laboratory <span style=\"background: LightGoldenRodYellow\">(Details : {http://hl7.org/fhir/observation-category code 'laboratory' = 'Laboratory', given as 'Laboratory'})</span></p><p><b>code</b>: SPEC GRAV <span style=\"background: LightGoldenRodYellow\">(Details : {LOINC code '5811-5' = 'Specific gravity of Urine by Test strip', given as 'Specific gravity of Urine by Test strip'})</span></p><p><b>subject</b>: <a href=\"Patient-peter-chalmers.html\">Peter Chalmers. Generated Summary: id: peter-chalmers; Medical Record Number = 1032702; active; Peter James Chalmers (OFFICIAL); ph: (555)555-5555(WORK), person@example.org(WORK); gender: male; birthDate: 19/06/1964</a></p><p><b>effective</b>: 05/07/2005</p><p><b>value</b>: 1.017 {urine specific gravity}<span style=\"background: LightGoldenRodYellow\"> (Details: UCUM code {urine specific gravity} = '{urine specific gravity}')</span></p><h3>ReferenceRanges</h3><table class=\"grid\"><tr><td>-</td><td><b>Low</b></td><td><b>High</b></td></tr><tr><td>*</td><td>1.003 {urine specific gravity}<span style=\"background: LightGoldenRodYellow\"> (Details: UCUM code {urine specific gravity} = '{urine specific gravity}')</span></td><td>1.035 {urine specific gravity}<span style=\"background: LightGoldenRodYellow\"> (Details: UCUM code {urine specific gravity} = '{urine specific gravity}')</span></td></tr></table></div>"
  },
  "status": "final",
  "category": {
    "coding": [
      {
        "system": "http://hl7.org/fhir/observation-category",
        "code": "laboratory",
        "display": "Laboratory"
      }
    ],
    "text": "Laboratory"
  },
  "code": {
    "coding": [
      {
        "system": "http://loinc.org",
        "code": "5811-5",
        "display": "Specific gravity of Urine by Test strip"
      }
    ],
    "text": "SPEC GRAV"
  },
  "subject": {
    "reference": "Patient/peter-chalmers",
    "display": "Peter Chalmers"
  },
  "effectiveDateTime": "2005-07-05",
  "valueQuantity": {
    "value": 1.017,
    "system": "http://unitsofmeasure.org",
    "code": "{urine specific gravity}"
  },
  "referenceRange": [
    {
      "low": {
        "value": 1.003,
        "system": "http://unitsofmeasure.org",
        "code": "{urine specific gravity}"
      },
      "high": {
        "value": 1.035,
        "system": "http://unitsofmeasure.org",
        "code": "{urine specific gravity}"
      }
    }
  ]
}