{
  "resourceType": "Observation",
  "id": "oxygen-saturation",
  "meta": {
    "profile": [
      "http://fhir.org/guides/argonaut/StructureDefinition/argo-vitalsigns"
    ]
  },
  "text": {
    "status": "generated",
    "div": "<div xmlns=\"http://www.w3.org/1999/xhtml\"><p><b>Generated Narrative with Details</b></p><p><b>id</b>: oxygen-saturation</p><p><b>meta</b>: </p><p><b>status</b>: final</p><p><b>category</b>: Vital Signs <span style=\"background: LightGoldenRodYellow\">(Details : {http://hl7.org/fhir/observation-category code 'vital-signs' = 'Vital Signs', given as 'Vital Signs'})</span></p><p><b>code</b>: oxygen_saturation <span style=\"background: LightGoldenRodYellow\">(Details : {LOINC code '59408-5' = 'Oxygen saturation in Arterial blood by Pulse oximetry', given as 'Oxygen saturation in Arterial blood by Pulse oximetry '})</span></p><p><b>subject</b>: <a href=\"Patient-peter-chalmers.html\">Peter Chalmers. Generated Summary: id: peter-chalmers; Medical Record Number = 1032702; active; Peter James Chalmers (OFFICIAL); ph: (555)555-5555(WORK), person@example.org(WORK); gender: male; birthDate: 19/06/1964</a></p><p><b>encounter</b>: <a href=\"Encounter-691.html\">Generated Summary: id: 691; status: in-progress; class: inpatient</a></p><p><b>effective</b>: 02/07/1999</p><p><b>value</b>: 99.0 %O2<span style=\"background: LightGoldenRodYellow\"> (Details: UCUM code % = '%')</span></p></div>"
  },
  "status": "final",
  "category": {
    "coding": [
      {
        "system": "http://hl7.org/fhir/observation-category",
        "code": "vital-signs",
        "display": "Vital Signs"
      }
    ],
    "text": "Vital Signs"
  },
  "code": {
    "coding": [
      {
        "system": "http://loinc.org",
        "code": "59408-5",
        "display": "Oxygen saturation in Arterial blood by Pulse oximetry "
      }
    ],
    "text": "oxygen_saturation"
  },
  "subject": {
    "reference": "Patient/peter-chalmers",
    "display": "Peter Chalmers"
  },
  "encounter": {
    "reference": "Encounter/691"
  },
  "effectiveDateTime": "1999-07-02",
  "valueQuantity": {
    "value": 99.0,
    "unit": "%O2",
    "system": "http://unitsofmeasure.org",
    "code": "%"
  }
}