{
  "resourceType": "StructureDefinition",
  "id": "argo-goal",
  "text": {
    "status": "generated"
  },
  "url": "http://fhir.org/guides/argonaut/StructureDefinition/argo-goal",
  "name": "Argonaut Goal Profile",
  "status": "draft",
  "publisher": "Argonaut Project",
  "contact": [
    {
      "telecom": [
        {
          "system": "other",
          "value": "http://argonautwiki.hl7.org",
          "rank": 0
        }
      ]
    }
  ],
  "date": "2016-10-18T00:00:00+11:00",
  "fhirVersion": "1.0.2",
  "mapping": [
    {
      "identity": "us-core-(stu3)",
      "uri": "http://unknown.org/US Core (STU3)",
      "name": "US Core (STU3)"
    },
    {
      "identity": "v2",
      "uri": "http://hl7.org/v2",
      "name": "HL7 v2"
    },
    {
      "identity": "rim",
      "uri": "http://hl7.org/v3",
      "name": "RIM"
    },
    {
      "identity": "w5",
      "uri": "http://hl7.org/fhir/w5",
      "name": "W5 Mapping"
    }
  ],
  "kind": "resource",
  "constrainedType": "Goal",
  "abstract": false,
  "base": "http://hl7.org/fhir/StructureDefinition/Goal",
  "snapshot": {
    "element": [
      {
        "id": "Goal:argoprofile",
        "path": "Goal",
        "name": "argoprofile",
        "short": "Argonaut Goal Profile",
        "definition": "Healthcare plan for patient or group.",
        "comments": "Goal can be achieving a particular change or merely maintaining a current state or even slowing a decline.",
        "min": 0,
        "max": "*",
        "base": {
          "path": "Goal",
          "min": 0,
          "max": "*"
        },
        "type": [
          {
            "code": "Goal"
          }
        ],
        "maxLength": 0,
        "mustSupport": false,
        "isModifier": false,
        "isSummary": false,
        "mapping": [
          {
            "identity": "v2",
            "map": "GOL.1"
          },
          {
            "identity": "rim",
            "map": ".outboundRelationship[typeCode<=OBJ]."
          },
          {
            "identity": "w5",
            "map": "clinical.careprovision"
          },
          {
            "identity": "us-core-(stu3)",
            "map": "Goal"
          }
        ]
      },
      {
        "id": "Goal:argoprofile.id",
        "path": "Goal.id",
        "name": "Goal:argoprofile.id",
        "short": "Logical id of this artifact",
        "definition": "The logical id of the resource, as used in the URL for the resource. Once assigned, this value never changes.",
        "comments": "The only time that a resource does not have an id is when it is being submitted to the server using a create operation. Bundles always have an id, though it is usually a generated UUID.",
        "min": 0,
        "max": "1",
        "base": {
          "path": "Goal.id",
          "min": 0,
          "max": "1"
        },
        "type": [
          {
            "code": "id"
          }
        ],
        "maxLength": 0,
        "mustSupport": false,
        "isModifier": false,
        "isSummary": true
      },
      {
        "id": "Goal:argoprofile.meta",
        "path": "Goal.meta",
        "name": "Goal:argoprofile.meta",
        "short": "Metadata about the resource",
        "definition": "The metadata about the resource. This is content that is maintained by the infrastructure. Changes to the content may not always be associated with version changes to the resource.",
        "min": 0,
        "max": "1",
        "base": {
          "path": "Goal.meta",
          "min": 0,
          "max": "1"
        },
        "type": [
          {
            "code": "Meta"
          }
        ],
        "maxLength": 0,
        "mustSupport": false,
        "isModifier": false,
        "isSummary": true
      },
      {
        "id": "Goal:argoprofile.implicitRules",
        "path": "Goal.implicitRules",
        "name": "Goal:argoprofile.implicitRules",
        "short": "A set of rules under which this content was created",
        "definition": "A reference to a set of rules that were followed when the resource was constructed, and which must be understood when processing the content.",
        "comments": "Asserting this rule set restricts the content to be only understood by a limited set of trading partners. This inherently limits the usefulness of the data in the long term. However, the existing health eco-system is highly fractured, and not yet ready to define, collect, and exchange data in a generally computable sense. Wherever possible, implementers and/or specification writers should avoid using this element as much as possible.",
        "min": 0,
        "max": "1",
        "base": {
          "path": "Goal.implicitRules",
          "min": 0,
          "max": "1"
        },
        "type": [
          {
            "code": "uri"
          }
        ],
        "maxLength": 0,
        "mustSupport": false,
        "isModifier": true,
        "isSummary": true
      },
      {
        "id": "Goal:argoprofile.language",
        "path": "Goal.language",
        "name": "Goal:argoprofile.language",
        "short": "Language of the resource content",
        "definition": "The base language in which the resource is written.",
        "comments": "Language is provided to support indexing and accessibility (typically, services such as text to speech use the language tag). The html language tag in the narrative applies  to the narrative. The language tag on the resource may be used to specify the language of other presentations generated from the data in the resource  Not all the content has to be in the base language. The Resource.language should not be assumed to apply to the narrative automatically. If a language is specified, it should it also be specified on the div element in the html (see rules in HTML5 for information about the relationship between xml:lang and the html lang attribute).",
        "min": 0,
        "max": "1",
        "base": {
          "path": "Goal.language",
          "min": 0,
          "max": "1"
        },
        "type": [
          {
            "code": "code"
          }
        ],
        "maxLength": 0,
        "mustSupport": false,
        "isModifier": false,
        "isSummary": false,
        "binding": {
          "strength": "required",
          "description": "A human language.",
          "valueSetUri": "http://tools.ietf.org/html/bcp47"
        }
      },
      {
        "id": "Goal:argoprofile.text",
        "path": "Goal.text",
        "name": "Goal:argoprofile.text",
        "short": "Text summary of the resource, for human interpretation",
        "definition": "A human-readable narrative that contains a summary of the resource, and may be used to represent the content of the resource to a human. The narrative need not encode all the structured data, but is required to contain sufficient detail to make it \"clinically safe\" for a human to just read the narrative. Resource definitions may define what content should be represented in the narrative to ensure clinical safety.",
        "comments": "Contained resources do not have narrative. Resources that are not contained SHOULD have a narrative.",
        "alias": [
          "narrative",
          "html",
          "xhtml",
          "display"
        ],
        "min": 0,
        "max": "1",
        "base": {
          "path": "Goal.text",
          "min": 0,
          "max": "1"
        },
        "type": [
          {
            "code": "Narrative"
          }
        ],
        "maxLength": 0,
        "condition": [
          "dom-1"
        ],
        "mustSupport": false,
        "isModifier": false,
        "isSummary": false,
        "mapping": [
          {
            "identity": "rim",
            "map": "Act.text?"
          }
        ]
      },
      {
        "id": "Goal:argoprofile.contained",
        "path": "Goal.contained",
        "name": "Goal:argoprofile.contained",
        "short": "Contained, inline Resources",
        "definition": "These resources do not have an independent existence apart from the resource that contains them - they cannot be identified independently, and nor can they have their own independent transaction scope.",
        "comments": "This should never be done when the content can be identified properly, as once identification is lost, it is extremely difficult (and context dependent) to restore it again.",
        "alias": [
          "inline resources",
          "anonymous resources",
          "contained resources"
        ],
        "min": 0,
        "max": "*",
        "base": {
          "path": "Goal.contained",
          "min": 0,
          "max": "*"
        },
        "type": [
          {
            "code": "Resource"
          }
        ],
        "maxLength": 0,
        "mustSupport": false,
        "isModifier": false,
        "isSummary": false,
        "mapping": [
          {
            "identity": "rim",
            "map": "N/A"
          }
        ]
      },
      {
        "id": "Goal:argoprofile.extension",
        "path": "Goal.extension",
        "name": "Goal:argoprofile.extension",
        "short": "Additional Content defined by implementations",
        "definition": "May be used to represent additional information that is not part of the basic definition of the resource. In order to make the use of extensions safe and manageable, there is a strict set of governance  applied to the definition and use of extensions. Though any implementer is allowed to define an extension, there is a set of requirements that SHALL be met as part of the definition of the extension.",
        "comments": "There can be no stigma associated with the use of extensions by any application, project, or standard - regardless of the institution or jurisdiction that uses or defines the extensions.  The use of extensions is what allows the FHIR specification to retain a core level of simplicity for everyone.",
        "alias": [
          "extensions",
          "user content"
        ],
        "min": 0,
        "max": "*",
        "base": {
          "path": "Goal.extension",
          "min": 0,
          "max": "*"
        },
        "type": [
          {
            "code": "Extension"
          }
        ],
        "maxLength": 0,
        "mustSupport": false,
        "isModifier": false,
        "isSummary": false,
        "mapping": [
          {
            "identity": "rim",
            "map": "N/A"
          }
        ]
      },
      {
        "id": "Goal:argoprofile.modifierExtension",
        "path": "Goal.modifierExtension",
        "name": "Goal:argoprofile.modifierExtension",
        "short": "Extensions that cannot be ignored",
        "definition": "May be used to represent additional information that is not part of the basic definition of the resource, and that modifies the understanding of the element that contains it. Usually modifier elements provide negation or qualification. In order to make the use of extensions safe and manageable, there is a strict set of governance applied to the definition and use of extensions. Though any implementer is allowed to define an extension, there is a set of requirements that SHALL be met as part of the definition of the extension. Applications processing a resource are required to check for modifier extensions.",
        "comments": "There can be no stigma associated with the use of extensions by any application, project, or standard - regardless of the institution or jurisdiction that uses or defines the extensions.  The use of extensions is what allows the FHIR specification to retain a core level of simplicity for everyone.",
        "alias": [
          "extensions",
          "user content"
        ],
        "min": 0,
        "max": "*",
        "base": {
          "path": "Goal.modifierExtension",
          "min": 0,
          "max": "*"
        },
        "type": [
          {
            "code": "Extension"
          }
        ],
        "maxLength": 0,
        "mustSupport": false,
        "isModifier": true,
        "isSummary": false,
        "mapping": [
          {
            "identity": "rim",
            "map": "N/A"
          }
        ]
      },
      {
        "id": "Goal:argoprofile.identifier",
        "path": "Goal.identifier",
        "name": "Goal:argoprofile.identifier",
        "short": "External Ids for this goal",
        "definition": "This records identifiers associated with this care plan that are defined by business processes and/or used to refer to it when a direct URL reference to the resource itself is not appropriate (e.g. in CDA documents, or in written / printed documentation).",
        "requirements": "Need to allow connection to a wider workflow.",
        "min": 0,
        "max": "*",
        "base": {
          "path": "Goal.identifier",
          "min": 0,
          "max": "*"
        },
        "type": [
          {
            "code": "Identifier"
          }
        ],
        "maxLength": 0,
        "mustSupport": false,
        "isModifier": false,
        "isSummary": false,
        "mapping": [
          {
            "identity": "rim",
            "map": ".id"
          },
          {
            "identity": "w5",
            "map": "id"
          }
        ]
      },
      {
        "id": "Goal:argoprofile.subject",
        "path": "Goal.subject",
        "name": "Goal:argoprofile.subject",
        "short": "Who this goal is intended for",
        "definition": "Who care plan is for.",
        "requirements": "Identifies the patient or group whose intended care is described by the plan.",
        "min": 1,
        "max": "1",
        "base": {
          "path": "Goal.subject",
          "min": 0,
          "max": "1"
        },
        "type": [
          {
            "code": "Reference",
            "profile": [
              "http://fhir.org/guides/argonaut/StructureDefinition/argo-patient"
            ]
          }
        ],
        "maxLength": 0,
        "mustSupport": true,
        "isModifier": false,
        "isSummary": false,
        "mapping": [
          {
            "identity": "v2",
            "map": "PID-3-patient ID list"
          },
          {
            "identity": "rim",
            "map": ".participation[typeCode=PAT].role[classCode=PAT]"
          },
          {
            "identity": "w5",
            "map": "who.focus"
          },
          {
            "identity": "us-core-(stu3)",
            "map": "Goal.subject"
          }
        ]
      },
      {
        "id": "Goal:argoprofile.start[x]",
        "path": "Goal.start[x]",
        "name": "Goal:argoprofile.start[x]",
        "short": "When goal pursuit begins",
        "definition": "The date or event after which the goal should begin being pursued.",
        "requirements": "Goals can be established prior to there being an intention to start pursuing them; e.g. Goals for post-surgical recovery established prior to surgery.",
        "min": 0,
        "max": "1",
        "base": {
          "path": "Goal.start[x]",
          "min": 0,
          "max": "1"
        },
        "type": [
          {
            "code": "date"
          },
          {
            "code": "CodeableConcept"
          }
        ],
        "maxLength": 0,
        "mustSupport": false,
        "isModifier": false,
        "isSummary": true,
        "binding": {
          "strength": "example",
          "description": "Codes describing events that can trigger the initiation of a goal",
          "valueSetReference": {
            "reference": "http://hl7.org/fhir/ValueSet/goal-start-event"
          }
        }
      },
      {
        "id": "Goal:argoprofile.target[x]",
        "path": "Goal.target[x]",
        "name": "Goal:argoprofile.target[x]",
        "short": "Reach goal on or before",
        "definition": "Indicates either the date or the duration after start by which the goal should be met.",
        "requirements": "Identifies when the goal should be evaluated.",
        "min": 0,
        "max": "1",
        "base": {
          "path": "Goal.target[x]",
          "min": 0,
          "max": "1"
        },
        "type": [
          {
            "code": "date"
          },
          {
            "code": "Quantity",
            "profile": [
              "http://hl7.org/fhir/StructureDefinition/Duration"
            ]
          }
        ],
        "maxLength": 0,
        "mustSupport": false,
        "isModifier": false,
        "isSummary": true
      },
      {
        "id": "Goal:argoprofile.category",
        "path": "Goal.category",
        "name": "Goal:argoprofile.category",
        "short": "E.g. Treatment, dietary, behavioral, etc.",
        "definition": "Indicates a category the goal falls within.",
        "requirements": "Allows goals to be filtered and sorted.",
        "min": 0,
        "max": "*",
        "base": {
          "path": "Goal.category",
          "min": 0,
          "max": "*"
        },
        "type": [
          {
            "code": "CodeableConcept"
          }
        ],
        "maxLength": 0,
        "mustSupport": false,
        "isModifier": false,
        "isSummary": true,
        "binding": {
          "strength": "example",
          "description": "Codes for grouping and sorting goals",
          "valueSetReference": {
            "reference": "http://hl7.org/fhir/ValueSet/goal-category"
          }
        }
      },
      {
        "id": "Goal:argoprofile.description",
        "path": "Goal.description",
        "name": "Goal:argoprofile.description",
        "short": "What's the desired outcome?",
        "definition": "proposed | draft | active | completed | cancelled.",
        "requirements": "Indicates whether the plan is currently being acted upon, represents future intentions or is now a historical record.",
        "min": 1,
        "max": "1",
        "base": {
          "path": "Goal.description",
          "min": 1,
          "max": "1"
        },
        "type": [
          {
            "code": "string"
          }
        ],
        "maxLength": 0,
        "mustSupport": true,
        "isModifier": false,
        "isSummary": false,
        "mapping": [
          {
            "identity": "v2",
            "map": "GOL-3.2-goal ID.text"
          },
          {
            "identity": "rim",
            "map": ".text"
          },
          {
            "identity": "us-core-(stu3)",
            "map": "Goal.description"
          }
        ]
      },
      {
        "id": "Goal:argoprofile.status",
        "path": "Goal.status",
        "name": "Goal:argoprofile.status",
        "short": "proposed | planned | accepted | rejected | in-progress | achieved | sustaining | on-hold | cancelled",
        "definition": "Type of plan.",
        "requirements": "Identifies what \"kind\" of plan this is to support differentiation between multiple co-existing plans; e.g. \"Home health\", \"psychiatric\", \"asthma\", \"disease management\", \"wellness plan\", etc.",
        "min": 1,
        "max": "1",
        "base": {
          "path": "Goal.status",
          "min": 1,
          "max": "1"
        },
        "type": [
          {
            "code": "code"
          }
        ],
        "maxLength": 0,
        "mustSupport": true,
        "isModifier": true,
        "isSummary": false,
        "binding": {
          "strength": "required",
          "valueSetReference": {
            "reference": "http://hl7.org/fhir/ValueSet/goal-status"
          }
        },
        "mapping": [
          {
            "identity": "v2",
            "map": "GOL-18-goal life cycle status"
          },
          {
            "identity": "rim",
            "map": ".statusCode in-progress = active (classCode = OBJ) achieved = complete sustaining = active (classCode=OBJC) cancelled = aborted"
          },
          {
            "identity": "w5",
            "map": "status"
          },
          {
            "identity": "us-core-(stu3)",
            "map": "Goal.status"
          }
        ]
      },
      {
        "id": "Goal:argoprofile.statusDate",
        "path": "Goal.statusDate",
        "name": "Goal:argoprofile.statusDate",
        "short": "When goal status took effect",
        "definition": "Identifies when the current status.  I.e. When initially created, when achieved, when cancelled, etc.",
        "comments": "To see the date for past statuses, query history.",
        "min": 0,
        "max": "1",
        "base": {
          "path": "Goal.statusDate",
          "min": 0,
          "max": "1"
        },
        "type": [
          {
            "code": "date"
          }
        ],
        "maxLength": 0,
        "mustSupport": false,
        "isModifier": false,
        "isSummary": true,
        "mapping": [
          {
            "identity": "w5",
            "map": "when.recorded"
          }
        ]
      },
      {
        "id": "Goal:argoprofile.statusReason",
        "path": "Goal.statusReason",
        "name": "Goal:argoprofile.statusReason",
        "short": "Reason for current status",
        "definition": "Captures the reason for the current status.",
        "comments": "This will typically be captured for statuses such as rejected, on-hold or cancelled, but could be present for others.",
        "min": 0,
        "max": "1",
        "base": {
          "path": "Goal.statusReason",
          "min": 0,
          "max": "1"
        },
        "type": [
          {
            "code": "CodeableConcept"
          }
        ],
        "maxLength": 0,
        "mustSupport": false,
        "isModifier": false,
        "isSummary": false,
        "binding": {
          "strength": "example",
          "description": "Codes to identify the reason for a goal's current status",
          "valueSetReference": {
            "reference": "http://hl7.org/fhir/ValueSet/goal-status-reason"
          }
        }
      },
      {
        "id": "Goal:argoprofile.author",
        "path": "Goal.author",
        "name": "Goal:argoprofile.author",
        "short": "Who's responsible for creating Goal?",
        "definition": "Indicates whose goal this is - patient goal, practitioner goal, etc.",
        "comments": "This is the individual reponsible for establishing the goal, not necessarily who recorded it.  (For that, use the Provenance resource.).",
        "min": 0,
        "max": "1",
        "base": {
          "path": "Goal.author",
          "min": 0,
          "max": "1"
        },
        "type": [
          {
            "code": "Reference",
            "profile": [
              "http://hl7.org/fhir/StructureDefinition/Patient"
            ]
          },
          {
            "code": "Reference",
            "profile": [
              "http://hl7.org/fhir/StructureDefinition/Practitioner"
            ]
          },
          {
            "code": "Reference",
            "profile": [
              "http://hl7.org/fhir/StructureDefinition/RelatedPerson"
            ]
          }
        ],
        "maxLength": 0,
        "mustSupport": false,
        "isModifier": false,
        "isSummary": true,
        "mapping": [
          {
            "identity": "w5",
            "map": "who.actor"
          }
        ]
      },
      {
        "id": "Goal:argoprofile.priority",
        "path": "Goal.priority",
        "name": "Goal:argoprofile.priority",
        "short": "high | medium |low",
        "definition": "Identifies the mutually agreed level of importance associated with reaching/sustaining the goal.",
        "comments": "Extensions are available to track priorities as established by each participant (i.e. Priority from the patient's perspective, different practitioners' perspectives, family member's perspectives)  The ordinal extension on Coding can be used to convey a numerically comparable ranking to priority.  (Keep in mind that different coding systems may use a \"low value=important\".",
        "requirements": "Used for sorting and presenting goals.",
        "min": 0,
        "max": "1",
        "base": {
          "path": "Goal.priority",
          "min": 0,
          "max": "1"
        },
        "type": [
          {
            "code": "CodeableConcept"
          }
        ],
        "maxLength": 0,
        "mustSupport": false,
        "isModifier": false,
        "isSummary": true,
        "binding": {
          "strength": "preferred",
          "description": "The level of importance associated with a goal",
          "valueSetReference": {
            "reference": "http://hl7.org/fhir/ValueSet/goal-priority"
          }
        },
        "mapping": [
          {
            "identity": "rim",
            "map": ".priorityCode"
          }
        ]
      },
      {
        "id": "Goal:argoprofile.addresses",
        "path": "Goal.addresses",
        "name": "Goal:argoprofile.addresses",
        "short": "Issues addressed by this goal",
        "definition": "The identified conditions and other health record elements that are intended to be addressed by the goal.",
        "requirements": "Allows specific goals to explicitly linked to the concerns they're dealing with - makes the goal more understandable.",
        "min": 0,
        "max": "*",
        "base": {
          "path": "Goal.addresses",
          "min": 0,
          "max": "*"
        },
        "type": [
          {
            "code": "Reference",
            "profile": [
              "http://hl7.org/fhir/StructureDefinition/Condition"
            ]
          },
          {
            "code": "Reference",
            "profile": [
              "http://hl7.org/fhir/StructureDefinition/Observation"
            ]
          },
          {
            "code": "Reference",
            "profile": [
              "http://hl7.org/fhir/StructureDefinition/MedicationStatement"
            ]
          },
          {
            "code": "Reference",
            "profile": [
              "http://hl7.org/fhir/StructureDefinition/NutritionOrder"
            ]
          },
          {
            "code": "Reference",
            "profile": [
              "http://hl7.org/fhir/StructureDefinition/ProcedureRequest"
            ]
          },
          {
            "code": "Reference",
            "profile": [
              "http://hl7.org/fhir/StructureDefinition/RiskAssessment"
            ]
          }
        ],
        "maxLength": 0,
        "mustSupport": false,
        "isModifier": false,
        "isSummary": false,
        "mapping": [
          {
            "identity": "rim",
            "map": ".outboundRelationship[typeCode=SUBJ].target[classCode=CONC]"
          }
        ]
      },
      {
        "id": "Goal:argoprofile.note",
        "path": "Goal.note",
        "name": "Goal:argoprofile.note",
        "short": "Comments about the goal",
        "definition": "Any comments related to the goal.",
        "comments": "May be used for progress notes, concerns or other related information that doesn't actually describe the goal itself.",
        "requirements": "There's a need to capture information about the goal that doesn't actually describe the goal.",
        "min": 0,
        "max": "*",
        "base": {
          "path": "Goal.note",
          "min": 0,
          "max": "*"
        },
        "type": [
          {
            "code": "Annotation"
          }
        ],
        "maxLength": 0,
        "mustSupport": false,
        "isModifier": false,
        "isSummary": false,
        "mapping": [
          {
            "identity": "v2",
            "map": "GOL-16-goal evaluation + NTE?"
          },
          {
            "identity": "rim",
            "map": ".inboundRelationship[typeCode=SUBJ].source[classCode=OBS, moodCode=EVN, code=\"annotation\"].value"
          }
        ]
      },
      {
        "id": "Goal:argoprofile.outcome",
        "path": "Goal.outcome",
        "name": "Goal:argoprofile.outcome",
        "short": "What was end result of goal?",
        "definition": "Identifies the change (or lack of change) at the point where the goal was deepmed to be cancelled or achieved.",
        "comments": "Note that this should not duplicate the goal status.",
        "requirements": "Outcome tracking is a key aspect of care planning.",
        "min": 0,
        "max": "*",
        "base": {
          "path": "Goal.outcome",
          "min": 0,
          "max": "*"
        },
        "type": [
          {
            "code": "BackboneElement"
          }
        ],
        "maxLength": 0,
        "mustSupport": false,
        "isModifier": false,
        "isSummary": false
      },
      {
        "id": "Goal:argoprofile.outcome.id",
        "path": "Goal.outcome.id",
        "representation": [
          "xmlAttr"
        ],
        "name": "Goal:argoprofile.outcome.id",
        "short": "xml:id (or equivalent in JSON)",
        "definition": "unique id for the element within a resource (for internal references).",
        "min": 0,
        "max": "1",
        "base": {
          "path": "Goal.outcome.id",
          "min": 0,
          "max": "1"
        },
        "type": [
          {
            "code": "id"
          }
        ],
        "maxLength": 0,
        "mustSupport": false,
        "isModifier": false,
        "isSummary": false,
        "mapping": [
          {
            "identity": "rim",
            "map": "n/a"
          }
        ]
      },
      {
        "id": "Goal:argoprofile.outcome.extension",
        "path": "Goal.outcome.extension",
        "name": "Goal:argoprofile.outcome.extension",
        "short": "Additional Content defined by implementations",
        "definition": "May be used to represent additional information that is not part of the basic definition of the element. In order to make the use of extensions safe and manageable, there is a strict set of governance  applied to the definition and use of extensions. Though any implementer is allowed to define an extension, there is a set of requirements that SHALL be met as part of the definition of the extension.",
        "comments": "There can be no stigma associated with the use of extensions by any application, project, or standard - regardless of the institution or jurisdiction that uses or defines the extensions.  The use of extensions is what allows the FHIR specification to retain a core level of simplicity for everyone.",
        "alias": [
          "extensions",
          "user content"
        ],
        "min": 0,
        "max": "*",
        "base": {
          "path": "Goal.outcome.extension",
          "min": 0,
          "max": "*"
        },
        "type": [
          {
            "code": "Extension"
          }
        ],
        "maxLength": 0,
        "mustSupport": false,
        "isModifier": false,
        "isSummary": false,
        "mapping": [
          {
            "identity": "rim",
            "map": "n/a"
          }
        ]
      },
      {
        "id": "Goal:argoprofile.outcome.modifierExtension",
        "path": "Goal.outcome.modifierExtension",
        "name": "Goal:argoprofile.outcome.modifierExtension",
        "short": "Extensions that cannot be ignored",
        "definition": "May be used to represent additional information that is not part of the basic definition of the element, and that modifies the understanding of the element that contains it. Usually modifier elements provide negation or qualification. In order to make the use of extensions safe and manageable, there is a strict set of governance applied to the definition and use of extensions. Though any implementer is allowed to define an extension, there is a set of requirements that SHALL be met as part of the definition of the extension. Applications processing a resource are required to check for modifier extensions.",
        "comments": "There can be no stigma associated with the use of extensions by any application, project, or standard - regardless of the institution or jurisdiction that uses or defines the extensions.  The use of extensions is what allows the FHIR specification to retain a core level of simplicity for everyone.",
        "alias": [
          "extensions",
          "user content",
          "modifiers"
        ],
        "min": 0,
        "max": "*",
        "base": {
          "path": "Goal.outcome.modifierExtension",
          "min": 0,
          "max": "*"
        },
        "type": [
          {
            "code": "Extension"
          }
        ],
        "maxLength": 0,
        "mustSupport": false,
        "isModifier": true,
        "isSummary": false,
        "mapping": [
          {
            "identity": "rim",
            "map": "N/A"
          }
        ]
      },
      {
        "id": "Goal:argoprofile.outcome.result[x]",
        "path": "Goal.outcome.result[x]",
        "name": "Goal:argoprofile.outcome.result[x]",
        "short": "Code or observation that resulted from goal",
        "definition": "Details of what's changed (or not changed).",
        "min": 0,
        "max": "1",
        "base": {
          "path": "Goal.outcome.result[x]",
          "min": 0,
          "max": "1"
        },
        "type": [
          {
            "code": "CodeableConcept"
          },
          {
            "code": "Reference",
            "profile": [
              "http://hl7.org/fhir/StructureDefinition/Observation"
            ]
          }
        ],
        "maxLength": 0,
        "mustSupport": false,
        "isModifier": false,
        "isSummary": false,
        "binding": {
          "strength": "example",
          "description": "The result of the goal; e.g. \"25% increase in shoulder mobility\", \"Anxiety reduced to moderate levels\".  \"15 kg weight loss sustained over 6 months\""
        }
      }
    ]
  },
  "differential": {
    "element": [
      {
        "id": "Goal:argoprofile",
        "path": "Goal",
        "name": "argoprofile",
        "short": "Argonaut Goal Profile",
        "definition": "Healthcare plan for patient or group.",
        "min": 0,
        "type": [
          {
            "code": "Goal"
          }
        ],
        "maxLength": 0,
        "mustSupport": false,
        "isModifier": false,
        "isSummary": false,
        "mapping": [
          {
            "identity": "us-core-(stu3)",
            "map": "Goal"
          }
        ]
      },
      {
        "id": "Goal:argoprofile.subject",
        "path": "Goal.subject",
        "name": "Goal:argoprofile.subject",
        "definition": "Who care plan is for.",
        "requirements": "Identifies the patient or group whose intended care is described by the plan.",
        "min": 1,
        "max": "1",
        "type": [
          {
            "code": "Reference",
            "profile": [
              "http://fhir.org/guides/argonaut/StructureDefinition/argo-patient"
            ]
          }
        ],
        "maxLength": 0,
        "mustSupport": true,
        "isModifier": false,
        "isSummary": false,
        "mapping": [
          {
            "identity": "us-core-(stu3)",
            "map": "Goal.subject"
          }
        ]
      },
      {
        "id": "Goal:argoprofile.description",
        "path": "Goal.description",
        "name": "Goal:argoprofile.description",
        "definition": "proposed | draft | active | completed | cancelled.",
        "requirements": "Indicates whether the plan is currently being acted upon, represents future intentions or is now a historical record.",
        "min": 1,
        "max": "1",
        "type": [
          {
            "code": "string"
          }
        ],
        "maxLength": 0,
        "mustSupport": true,
        "isModifier": false,
        "isSummary": false,
        "mapping": [
          {
            "identity": "us-core-(stu3)",
            "map": "Goal.description"
          }
        ]
      },
      {
        "id": "Goal:argoprofile.status",
        "path": "Goal.status",
        "name": "Goal:argoprofile.status",
        "definition": "Type of plan.",
        "requirements": "Identifies what \"kind\" of plan this is to support differentiation between multiple co-existing plans; e.g. \"Home health\", \"psychiatric\", \"asthma\", \"disease management\", \"wellness plan\", etc.",
        "min": 1,
        "max": "1",
        "type": [
          {
            "code": "code"
          }
        ],
        "maxLength": 0,
        "mustSupport": true,
        "isModifier": false,
        "isSummary": false,
        "binding": {
          "strength": "required",
          "valueSetReference": {
            "reference": "http://hl7.org/fhir/ValueSet/goal-status"
          }
        },
        "mapping": [
          {
            "identity": "us-core-(stu3)",
            "map": "Goal.status"
          }
        ]
      }
    ]
  }
}