{
  "resourceType": "StructureDefinition",
  "id": "argo-ethnicity",
  "text": {
    "status": "generated"
  },
  "url": "http://fhir.org/guides/argonaut/StructureDefinition/argo-ethnicity",
  "name": "Argonaut ethnicity Extension",
  "display": "Argonaut ethnicity Extension",
  "status": "draft",
  "publisher": "Argonaut Project",
  "contact": [
    {
      "telecom": [
        {
          "system": "other",
          "value": "http://argonautwiki.hl7.org",
          "rank": 0
        }
      ]
    }
  ],
  "date": "2016-10-18T00:00:00+11:00",
  "description": "Concepts classifying the person into a named category of humans sharing common history, traits, geographical origin or nationality.  The ethnicity codes used to represent these concepts are based upon the [CDC ethnicity and Ethnicity Code Set Version 1.0](http://www.cdc.gov/phin/resources/vocabulary/index.html) which includes over 900 concepts for representing race and ethnicity of which 43 reference ethnicity.  The ethnicity concepts are grouped by and pre-mapped to the 2 OMB ethnicity categories: - Hispanic or Latino - Not Hispanic or Latino.",
  "requirements": "Complies with 2015 Edition Common Clinical Data Set for patient race.",
  "fhirVersion": "1.0.2",
  "mapping": [
    {
      "identity": "rim",
      "uri": "http://hl7.org/v3",
      "name": "RIM"
    }
  ],
  "kind": "datatype",
  "constrainedType": "Extension",
  "abstract": false,
  "contextType": "resource",
  "context": [
    "Patient"
  ],
  "base": "http://hl7.org/fhir/StructureDefinition/Extension",
  "snapshot": {
    "element": [
      {
        "id": "ethnicity",
        "path": "Extension",
        "name": "ethnicity",
        "short": "Argonaut ethnicity Extension",
        "definition": "Concepts classifying the person into a named category of humans sharing common history, traits, geographical origin or nationality.  The ethnicity codes used to represent these concepts are based upon the [CDC ethnicity and Ethnicity Code Set Version 1.0](http://www.cdc.gov/phin/resources/vocabulary/index.html) which includes over 900 concepts for representing race and ethnicity of which 43 reference ethnicity.  The ethnicity concepts are grouped by and pre-mapped to the 2 OMB ethnicity categories: - Hispanic or Latino - Not Hispanic or Latino.",
        "min": 0,
        "max": "1",
        "base": {
          "path": "Extension",
          "min": 0,
          "max": "*"
        },
        "type": [
          {
            "code": "Extension"
          }
        ],
        "maxLength": 0,
        "mustSupport": false,
        "isModifier": false,
        "isSummary": false
      },
      {
        "id": "Extension:ethnicity.id",
        "path": "Extension.id",
        "representation": [
          "xmlAttr"
        ],
        "name": "Extension:ethnicity.id",
        "short": "xml:id (or equivalent in JSON)",
        "definition": "unique id for the element within a resource (for internal references).",
        "min": 0,
        "max": "1",
        "base": {
          "path": "Extension.id",
          "min": 0,
          "max": "1"
        },
        "type": [
          {
            "code": "id"
          }
        ],
        "maxLength": 0,
        "mustSupport": false,
        "isModifier": false,
        "isSummary": false,
        "mapping": [
          {
            "identity": "rim",
            "map": "n/a"
          }
        ]
      },
      {
        "id": "Extension:ethnicity.extension",
        "path": "Extension.extension",
        "name": "Extension:ethnicity.extension",
        "slicing": {
          "id": "2",
          "discriminator": [
            "url"
          ],
          "ordered": false,
          "rules": "open"
        },
        "short": "Extension",
        "definition": "An Extension",
        "min": 0,
        "max": "*",
        "base": {
          "path": "Extension.extension",
          "min": 0,
          "max": "*"
        },
        "type": [
          {
            "code": "Extension"
          }
        ],
        "maxLength": 0,
        "mustSupport": false,
        "isModifier": false,
        "isSummary": false
      },
      {
        "id": "ombCategory",
        "path": "Extension.extension",
        "name": "ombCategory",
        "short": "Hispanic or Latino|Not Hispanic or Latino",
        "definition": "The 2 ethnicity category codes according to the [OMB Standards for Maintaining, Collecting, and Presenting Federal Data on Race and Ethnicity, Statistical Policy Directive No. 15, as revised, October 30, 1997](https://www.whitehouse.gov/omb/fedreg_1997standards).",
        "min": 0,
        "max": "1",
        "base": {
          "path": "Extension.extension",
          "min": 0,
          "max": "*"
        },
        "type": [
          {
            "code": "Extension"
          }
        ],
        "maxLength": 0,
        "mustSupport": true,
        "isModifier": false,
        "isSummary": false
      },
      {
        "id": "Extension:ethnicity.extension:ombcategory.id",
        "path": "Extension.extension.id",
        "representation": [
          "xmlAttr"
        ],
        "name": "Extension:ethnicity.extension:ombcategory.id",
        "short": "xml:id (or equivalent in JSON)",
        "definition": "unique id for the element within a resource (for internal references).",
        "min": 0,
        "max": "1",
        "base": {
          "path": "Extension.id",
          "min": 0,
          "max": "1"
        },
        "type": [
          {
            "code": "id"
          }
        ],
        "maxLength": 0,
        "mustSupport": false,
        "isModifier": false,
        "isSummary": false,
        "mapping": [
          {
            "identity": "rim",
            "map": "n/a"
          }
        ]
      },
      {
        "id": "Extension:ethnicity.extension:ombcategory.extension",
        "path": "Extension.extension.extension",
        "name": "Extension:ethnicity.extension:ombcategory.extension",
        "short": "Additional Content defined by implementations",
        "definition": "May be used to represent additional information that is not part of the basic definition of the element. In order to make the use of extensions safe and manageable, there is a strict set of governance  applied to the definition and use of extensions. Though any implementer is allowed to define an extension, there is a set of requirements that SHALL be met as part of the definition of the extension.",
        "comments": "There can be no stigma associated with the use of extensions by any application, project, or standard - regardless of the institution or jurisdiction that uses or defines the extensions.  The use of extensions is what allows the FHIR specification to retain a core level of simplicity for everyone.",
        "alias": [
          "extensions",
          "user content"
        ],
        "min": 0,
        "max": "0",
        "base": {
          "path": "Extension.extension",
          "min": 0,
          "max": "*"
        },
        "type": [
          {
            "code": "Extension"
          }
        ],
        "maxLength": 0,
        "mustSupport": false,
        "isModifier": false,
        "isSummary": false,
        "mapping": [
          {
            "identity": "rim",
            "map": "n/a"
          }
        ]
      },
      {
        "id": "Extension:ethnicity.extension:ombcategory.url",
        "path": "Extension.extension.url",
        "representation": [
          "xmlAttr"
        ],
        "name": "Extension:ethnicity.extension:ombcategory.url",
        "short": "identifies the meaning of the extension",
        "definition": "Source of the definition for the extension code - a logical name or a URL.",
        "comments": "The definition may point directly to a computable or human-readable definition of the extensibility codes, or it may be a logical URI as declared in some other specification. The definition should be version specific.  This will ideally be the URI for the Resource Profile defining the extension, with the code for the extension after a #.",
        "min": 1,
        "max": "1",
        "base": {
          "path": "Extension.url",
          "min": 1,
          "max": "1"
        },
        "type": [
          {
            "code": "uri"
          }
        ],
        "fixedUri": "ombCategory",
        "maxLength": 0,
        "mustSupport": false,
        "isModifier": false,
        "isSummary": false,
        "mapping": [
          {
            "identity": "rim",
            "map": "N/A"
          }
        ]
      },
      {
        "id": "Extension:ethnicity.extension:ombcategory.valueCoding",
        "path": "Extension.extension.valueCoding",
        "name": "Extension:ethnicity.extension:ombcategory.valueCoding",
        "short": "Value of extension",
        "definition": "Value of extension - may be a resource or one of a constrained set of the data types (see Extensibility in the spec for list).",
        "min": 1,
        "max": "1",
        "base": {
          "path": "Extension.value[x]",
          "min": 0,
          "max": "1"
        },
        "type": [
          {
            "code": "Coding"
          }
        ],
        "maxLength": 0,
        "mustSupport": false,
        "isModifier": false,
        "isSummary": false,
        "binding": {
          "strength": "extensible",
          "description": "The 2 ethnicity category codes according to the [OMB Standards for Maintaining, Collecting, and Presenting Federal Data on Race and Ethnicity, Statistical Policy Directive No. 15, as revised, October 30, 1997](https://www.whitehouse.gov/omb/fedreg_1997standards).",
          "valueSetReference": {
            "reference": "http://fhir.org/guides/argonaut/ValueSet/omb-ethnicity"
          }
        },
        "mapping": [
          {
            "identity": "rim",
            "map": "N/A"
          }
        ]
      },
      {
        "id": "detailed",
        "path": "Extension.extension",
        "name": "detailed",
        "short": "Extended ethnicity codes",
        "definition": "The 41 CDC ethnicity codes that are grouped under one of the 2 OMB ethnicity category codes.",
        "min": 0,
        "max": "*",
        "base": {
          "path": "Extension.extension",
          "min": 0,
          "max": "*"
        },
        "type": [
          {
            "code": "Extension"
          }
        ],
        "maxLength": 0,
        "mustSupport": false,
        "isModifier": false,
        "isSummary": false
      },
      {
        "id": "Extension:ethnicity.extension:detailed.id",
        "path": "Extension.extension.id",
        "representation": [
          "xmlAttr"
        ],
        "name": "Extension:ethnicity.extension:detailed.id",
        "short": "xml:id (or equivalent in JSON)",
        "definition": "unique id for the element within a resource (for internal references).",
        "min": 0,
        "max": "1",
        "base": {
          "path": "Extension.id",
          "min": 0,
          "max": "1"
        },
        "type": [
          {
            "code": "id"
          }
        ],
        "maxLength": 0,
        "mustSupport": false,
        "isModifier": false,
        "isSummary": false,
        "mapping": [
          {
            "identity": "rim",
            "map": "n/a"
          }
        ]
      },
      {
        "id": "Extension:ethnicity.extension:detailed.extension",
        "path": "Extension.extension.extension",
        "name": "Extension:ethnicity.extension:detailed.extension",
        "short": "Additional Content defined by implementations",
        "definition": "May be used to represent additional information that is not part of the basic definition of the element. In order to make the use of extensions safe and manageable, there is a strict set of governance  applied to the definition and use of extensions. Though any implementer is allowed to define an extension, there is a set of requirements that SHALL be met as part of the definition of the extension.",
        "comments": "There can be no stigma associated with the use of extensions by any application, project, or standard - regardless of the institution or jurisdiction that uses or defines the extensions.  The use of extensions is what allows the FHIR specification to retain a core level of simplicity for everyone.",
        "alias": [
          "extensions",
          "user content"
        ],
        "min": 0,
        "max": "0",
        "base": {
          "path": "Extension.extension",
          "min": 0,
          "max": "*"
        },
        "type": [
          {
            "code": "Extension"
          }
        ],
        "maxLength": 0,
        "mustSupport": false,
        "isModifier": false,
        "isSummary": false,
        "mapping": [
          {
            "identity": "rim",
            "map": "n/a"
          }
        ]
      },
      {
        "id": "Extension:ethnicity.extension:detailed.url",
        "path": "Extension.extension.url",
        "representation": [
          "xmlAttr"
        ],
        "name": "Extension:ethnicity.extension:detailed.url",
        "short": "identifies the meaning of the extension",
        "definition": "Source of the definition for the extension code - a logical name or a URL.",
        "comments": "The definition may point directly to a computable or human-readable definition of the extensibility codes, or it may be a logical URI as declared in some other specification. The definition should be version specific.  This will ideally be the URI for the Resource Profile defining the extension, with the code for the extension after a #.",
        "min": 1,
        "max": "1",
        "base": {
          "path": "Extension.url",
          "min": 1,
          "max": "1"
        },
        "type": [
          {
            "code": "uri"
          }
        ],
        "fixedUri": "detailed",
        "maxLength": 0,
        "mustSupport": false,
        "isModifier": false,
        "isSummary": false,
        "mapping": [
          {
            "identity": "rim",
            "map": "N/A"
          }
        ]
      },
      {
        "id": "Extension:ethnicity.extension:detailed.valueCoding",
        "path": "Extension.extension.valueCoding",
        "name": "Extension:ethnicity.extension:detailed.valueCoding",
        "short": "Value of extension",
        "definition": "Value of extension - may be a resource or one of a constrained set of the data types (see Extensibility in the spec for list).",
        "min": 1,
        "max": "1",
        "base": {
          "path": "Extension.value[x]",
          "min": 0,
          "max": "1"
        },
        "type": [
          {
            "code": "Coding"
          }
        ],
        "maxLength": 0,
        "mustSupport": false,
        "isModifier": false,
        "isSummary": false,
        "binding": {
          "strength": "required",
          "description": "The 41 [CDC ethnicity codes](http://www.cdc.gov/phin/resources/vocabulary/index.html) that are grouped under one of the 2 OMB ethnicity category codes.",
          "valueSetReference": {
            "reference": "http://fhir.org/guides/argonaut/ValueSet/detailed-ethnicity"
          }
        },
        "mapping": [
          {
            "identity": "rim",
            "map": "N/A"
          }
        ]
      },
      {
        "id": "text",
        "path": "Extension.extension",
        "name": "text",
        "short": "ethnicity Text",
        "definition": "Plain text representation of the ethnicity concept(s).",
        "min": 1,
        "max": "1",
        "base": {
          "path": "Extension.extension",
          "min": 0,
          "max": "*"
        },
        "type": [
          {
            "code": "Extension"
          }
        ],
        "maxLength": 0,
        "mustSupport": true,
        "isModifier": false,
        "isSummary": false
      },
      {
        "id": "Extension:ethnicity.extension:text.id",
        "path": "Extension.extension.id",
        "representation": [
          "xmlAttr"
        ],
        "name": "Extension:ethnicity.extension:text.id",
        "short": "xml:id (or equivalent in JSON)",
        "definition": "unique id for the element within a resource (for internal references).",
        "min": 0,
        "max": "1",
        "base": {
          "path": "Extension.id",
          "min": 0,
          "max": "1"
        },
        "type": [
          {
            "code": "id"
          }
        ],
        "maxLength": 0,
        "mustSupport": false,
        "isModifier": false,
        "isSummary": false,
        "mapping": [
          {
            "identity": "rim",
            "map": "n/a"
          }
        ]
      },
      {
        "id": "Extension:ethnicity.extension:text.extension",
        "path": "Extension.extension.extension",
        "name": "Extension:ethnicity.extension:text.extension",
        "short": "Additional Content defined by implementations",
        "definition": "May be used to represent additional information that is not part of the basic definition of the element. In order to make the use of extensions safe and manageable, there is a strict set of governance  applied to the definition and use of extensions. Though any implementer is allowed to define an extension, there is a set of requirements that SHALL be met as part of the definition of the extension.",
        "comments": "There can be no stigma associated with the use of extensions by any application, project, or standard - regardless of the institution or jurisdiction that uses or defines the extensions.  The use of extensions is what allows the FHIR specification to retain a core level of simplicity for everyone.",
        "alias": [
          "extensions",
          "user content"
        ],
        "min": 0,
        "max": "0",
        "base": {
          "path": "Extension.extension",
          "min": 0,
          "max": "*"
        },
        "type": [
          {
            "code": "Extension"
          }
        ],
        "maxLength": 0,
        "mustSupport": false,
        "isModifier": false,
        "isSummary": false,
        "mapping": [
          {
            "identity": "rim",
            "map": "n/a"
          }
        ]
      },
      {
        "id": "Extension:ethnicity.extension:text.url",
        "path": "Extension.extension.url",
        "representation": [
          "xmlAttr"
        ],
        "name": "Extension:ethnicity.extension:text.url",
        "short": "identifies the meaning of the extension",
        "definition": "Source of the definition for the extension code - a logical name or a URL.",
        "comments": "The definition may point directly to a computable or human-readable definition of the extensibility codes, or it may be a logical URI as declared in some other specification. The definition should be version specific.  This will ideally be the URI for the Resource Profile defining the extension, with the code for the extension after a #.",
        "min": 1,
        "max": "1",
        "base": {
          "path": "Extension.url",
          "min": 1,
          "max": "1"
        },
        "type": [
          {
            "code": "uri"
          }
        ],
        "fixedUri": "text",
        "maxLength": 0,
        "mustSupport": false,
        "isModifier": false,
        "isSummary": false,
        "mapping": [
          {
            "identity": "rim",
            "map": "N/A"
          }
        ]
      },
      {
        "id": "Extension:ethnicity.extension:text.valueString",
        "path": "Extension.extension.valueString",
        "name": "Extension:ethnicity.extension:text.valueString",
        "short": "Value of extension",
        "definition": "Value of extension - may be a resource or one of a constrained set of the data types (see Extensibility in the spec for list).",
        "min": 1,
        "max": "1",
        "base": {
          "path": "Extension.value[x]",
          "min": 0,
          "max": "1"
        },
        "type": [
          {
            "code": "string"
          }
        ],
        "maxLength": 0,
        "mustSupport": false,
        "isModifier": false,
        "isSummary": false,
        "mapping": [
          {
            "identity": "rim",
            "map": "N/A"
          }
        ]
      },
      {
        "id": "Extension:ethnicity.url",
        "path": "Extension.url",
        "representation": [
          "xmlAttr"
        ],
        "name": "Extension:ethnicity.url",
        "short": "identifies the meaning of the extension",
        "definition": "Source of the definition for the extension code - a logical name or a URL.",
        "comments": "The definition may point directly to a computable or human-readable definition of the extensibility codes, or it may be a logical URI as declared in some other specification. The definition should be version specific.  This will ideally be the URI for the Resource Profile defining the extension, with the code for the extension after a #.",
        "min": 1,
        "max": "1",
        "base": {
          "path": "Extension.url",
          "min": 1,
          "max": "1"
        },
        "type": [
          {
            "code": "uri"
          }
        ],
        "fixedUri": "http://fhir.org/guides/argonaut/StructureDefinition/argo-ethnicity",
        "maxLength": 0,
        "mustSupport": false,
        "isModifier": false,
        "isSummary": false,
        "mapping": [
          {
            "identity": "rim",
            "map": "N/A"
          }
        ]
      },
      {
        "id": "Extension:ethnicity.value[x]",
        "path": "Extension.value[x]",
        "name": "Extension:ethnicity.value[x]",
        "short": "Value of extension",
        "definition": "Value of extension - may be a resource or one of a constrained set of the data types (see Extensibility in the spec for list).",
        "min": 0,
        "max": "0",
        "base": {
          "path": "Extension.value[x]",
          "min": 0,
          "max": "1"
        },
        "type": [
          {
            "code": "boolean"
          },
          {
            "code": "integer"
          },
          {
            "code": "decimal"
          },
          {
            "code": "base64Binary"
          },
          {
            "code": "instant"
          },
          {
            "code": "string"
          },
          {
            "code": "uri"
          },
          {
            "code": "date"
          },
          {
            "code": "dateTime"
          },
          {
            "code": "time"
          },
          {
            "code": "code"
          },
          {
            "code": "oid"
          },
          {
            "code": "id"
          },
          {
            "code": "unsignedInt"
          },
          {
            "code": "positiveInt"
          },
          {
            "code": "markdown"
          },
          {
            "code": "Annotation"
          },
          {
            "code": "Attachment"
          },
          {
            "code": "Identifier"
          },
          {
            "code": "CodeableConcept"
          },
          {
            "code": "Coding"
          },
          {
            "code": "Quantity"
          },
          {
            "code": "Range"
          },
          {
            "code": "Period"
          },
          {
            "code": "Ratio"
          },
          {
            "code": "SampledData"
          },
          {
            "code": "Signature"
          },
          {
            "code": "HumanName"
          },
          {
            "code": "Address"
          },
          {
            "code": "ContactPoint"
          },
          {
            "code": "Timing"
          },
          {
            "code": "Reference"
          },
          {
            "code": "Meta"
          }
        ],
        "maxLength": 0,
        "mustSupport": false,
        "isModifier": false,
        "isSummary": false,
        "mapping": [
          {
            "identity": "rim",
            "map": "N/A"
          }
        ]
      }
    ]
  },
  "differential": {
    "element": [
      {
        "id": "ethnicity",
        "path": "Extension",
        "name": "ethnicity",
        "short": "Argonaut ethnicity Extension",
        "definition": "Concepts classifying the person into a named category of humans sharing common history, traits, geographical origin or nationality.  The ethnicity codes used to represent these concepts are based upon the [CDC ethnicity and Ethnicity Code Set Version 1.0](http://www.cdc.gov/phin/resources/vocabulary/index.html) which includes over 900 concepts for representing race and ethnicity of which 43 reference ethnicity.  The ethnicity concepts are grouped by and pre-mapped to the 2 OMB ethnicity categories: - Hispanic or Latino - Not Hispanic or Latino.",
        "min": 0,
        "max": "1",
        "type": [
          {
            "code": "Extension"
          }
        ],
        "maxLength": 0,
        "mustSupport": false,
        "isModifier": false,
        "isSummary": false
      },
      {
        "id": "ombCategory",
        "path": "Extension.extension",
        "name": "ombCategory",
        "short": "Hispanic or Latino|Not Hispanic or Latino",
        "definition": "The 2 ethnicity category codes according to the [OMB Standards for Maintaining, Collecting, and Presenting Federal Data on Race and Ethnicity, Statistical Policy Directive No. 15, as revised, October 30, 1997](https://www.whitehouse.gov/omb/fedreg_1997standards).",
        "min": 0,
        "max": "1",
        "type": [
          {
            "code": "Extension"
          }
        ],
        "maxLength": 0,
        "mustSupport": true,
        "isModifier": false,
        "isSummary": false
      },
      {
        "id": "Extension:ethnicity.extension:ombcategory.url",
        "path": "Extension.extension.url",
        "name": "Extension:ethnicity.extension:ombcategory.url",
        "min": 1,
        "max": "1",
        "type": [
          {
            "code": "uri"
          }
        ],
        "fixedUri": "ombCategory",
        "maxLength": 0,
        "mustSupport": false,
        "isModifier": false,
        "isSummary": false
      },
      {
        "id": "Extension:ethnicity.extension:ombcategory.valueCoding",
        "path": "Extension.extension.valueCoding",
        "name": "Extension:ethnicity.extension:ombcategory.valueCoding",
        "min": 1,
        "max": "1",
        "type": [
          {
            "code": "Coding"
          }
        ],
        "maxLength": 0,
        "mustSupport": false,
        "isModifier": false,
        "isSummary": false,
        "binding": {
          "strength": "required",
          "description": "The 2 ethnicity category codes according to the [OMB Standards for Maintaining, Collecting, and Presenting Federal Data on Race and Ethnicity, Statistical Policy Directive No. 15, as revised, October 30, 1997](https://www.whitehouse.gov/omb/fedreg_1997standards).",
          "valueSetReference": {
            "reference": "http://fhir.org/guides/argonaut/ValueSet/omb-ethnicity"
          }
        }
      },
      {
        "id": "detailed",
        "path": "Extension.extension",
        "name": "detailed",
        "short": "Extended ethnicity codes",
        "definition": "The 41 CDC ethnicity codes that are grouped under one of the 2 OMB ethnicity category codes.",
        "min": 0,
        "max": "*",
        "type": [
          {
            "code": "Extension"
          }
        ],
        "maxLength": 0,
        "mustSupport": false,
        "isModifier": false,
        "isSummary": false
      },
      {
        "id": "Extension:ethnicity.extension:detailed.url",
        "path": "Extension.extension.url",
        "name": "Extension:ethnicity.extension:detailed.url",
        "min": 1,
        "max": "1",
        "type": [
          {
            "code": "uri"
          }
        ],
        "fixedUri": "detailed",
        "maxLength": 0,
        "mustSupport": false,
        "isModifier": false,
        "isSummary": false
      },
      {
        "id": "Extension:ethnicity.extension:detailed.valueCoding",
        "path": "Extension.extension.valueCoding",
        "name": "Extension:ethnicity.extension:detailed.valueCoding",
        "min": 1,
        "max": "1",
        "type": [
          {
            "code": "Coding"
          }
        ],
        "maxLength": 0,
        "mustSupport": false,
        "isModifier": false,
        "isSummary": false,
        "binding": {
          "strength": "required",
          "description": "The 41 [CDC ethnicity codes](http://www.cdc.gov/phin/resources/vocabulary/index.html) that are grouped under one of the 2 OMB ethnicity category codes.",
          "valueSetReference": {
            "reference": "http://fhir.org/guides/argonaut/ValueSet/detailed-ethnicity"
          }
        }
      },
      {
        "id": "text",
        "path": "Extension.extension",
        "name": "text",
        "short": "ethnicity Text",
        "definition": "Plain text representation of the ethnicity concept(s).",
        "min": 1,
        "max": "1",
        "type": [
          {
            "code": "Extension"
          }
        ],
        "maxLength": 0,
        "mustSupport": true,
        "isModifier": false,
        "isSummary": false
      },
      {
        "id": "Extension:ethnicity.extension:text.url",
        "path": "Extension.extension.url",
        "name": "Extension:ethnicity.extension:text.url",
        "min": 1,
        "max": "1",
        "type": [
          {
            "code": "uri"
          }
        ],
        "fixedUri": "text",
        "maxLength": 0,
        "mustSupport": false,
        "isModifier": false,
        "isSummary": false
      },
      {
        "id": "Extension:ethnicity.extension:text.valueString",
        "path": "Extension.extension.valueString",
        "name": "Extension:ethnicity.extension:text.valueString",
        "min": 1,
        "max": "1",
        "type": [
          {
            "code": "string"
          }
        ],
        "maxLength": 0,
        "mustSupport": false,
        "isModifier": false,
        "isSummary": false
      },
      {
        "id": "Extension:ethnicity.url",
        "path": "Extension.url",
        "name": "Extension:ethnicity.url",
        "min": 1,
        "max": "1",
        "fixedUri": "http://fhir.org/guides/argonaut/StructureDefinition/argo-ethnicity",
        "maxLength": 0,
        "mustSupport": false,
        "isModifier": false,
        "isSummary": false
      }
    ]
  }
}