{
  "resourceType": "ValueSet",
  "id": "device-kind",
  "text": {
    "status": "generated"
  },
  "url": "http://fhir.org/guides/argonaut/ValueSet/device-kind",
  "name": "Argonaut Device Types",
  "status": "draft",
  "experimental": true,
  "publisher": "Argonaut Project",
  "contact": [
    {
      "telecom": [
        {
          "system": "other",
          "value": "http://argonautwiki.hl7.org",
          "rank": 0
        }
      ]
    }
  ],
  "date": "2016-10-20T10:41:44+11:00",
  "description": "Device Types :  Codes used to identify medical devices. This value set includes all children of SNOMED CT Concepts (US Extension and Core) from SCTID 49062001 Device (physical object)  and is provided as a suggestive example.",
  "immutable": false,
  "copyright": "This value set includes content from SNOMED CT, which is copyright © 2002+ International Health Terminology Standards Development Organisation (IHTSDO), and distributed by agreement between IHTSDO and HL7. Implementer use of SNOMED CT is not covered by this agreement.",
  "extensible": false,
  "compose": {
    "include": [
      {
        "system": "http://snomed.info/sct",
        "filter": [
          {
            "property": "concept",
            "op": "is-a",
            "value": "49062001"
          }
        ]
      }
    ]
  }
}