{
  "resourceType": "ValueSet",
  "id": "ucum",
  "text": {
    "status": "generated"
  },
  "url": "http://fhir.org/guides/argonaut/ValueSet/ucum",
  "name": "UCUM units",
  "status": "draft",
  "experimental": true,
  "publisher": "Argonaut Project",
  "contact": [
    {
      "telecom": [
        {
          "system": "other",
          "value": "http://argonautwiki.hl7.org",
          "rank": 0
        }
      ]
    }
  ],
  "date": "2016-08-10T00:00:00+10:00",
  "description": "[UCUM](http://unitsofmeasure.org/) unit for coded form of units",
  "immutable": false,
  "copyright": "UCUM is Copyright © 1999-2013 Regenstrief Institute, Inc. and The UCUM Organization, Indianapolis, IN. All rights reserved. See http://unitsofmeasure.org/trac//wiki/TermsOfUse for details",
  "extensible": true,
  "compose": {
    "include": [
      {
        "system": "http://unitsofmeasure.org"
      }
    ]
  }
}