{
  "resourceType": "ValueSet",
  "id": "substance-ndfrt",
  "text": {
    "status": "generated"
  },
  "url": "http://fhir.org/guides/argonaut/ValueSet/substance-ndfrt",
  "name": "DAF Substance ND-FRT codes",
  "status": "draft",
  "publisher": "Argonaut Project",
  "contact": [
    {
      "telecom": [
        {
          "system": "other",
          "value": "http://argonautwiki.hl7.org",
          "rank": 0
        }
      ]
    }
  ],
  "date": "2016-10-18T00:00:00+11:00",
  "description": "All ND-FRT NUIs for concepts that are subsumed by 'Mechanism of Action - N0000000223', 'Physiologic Effect - N0000009802' or 'Chemical Structure - N0000000002'.",
  "immutable": false,
  "extensible": false,
  "compose": {
    "include": [
      {
        "system": "http://hl7.org/fhir/ndfrt",
        "filter": [
          {
            "property": "concept",
            "op": "is-a",
            "value": "N0000000223"
          }
        ]
      },
      {
        "system": "http://hl7.org/fhir/ndfrt",
        "filter": [
          {
            "property": "concept",
            "op": "is-a",
            "value": "N0000009802"
          }
        ]
      },
      {
        "system": "http://hl7.org/fhir/ndfrt",
        "filter": [
          {
            "property": "concept",
            "op": "is-a",
            "value": "N0000000002"
          }
        ]
      }
    ]
  }
}