{"resourceType":"ImplementationGuide","id":"ig","text":{"status":"generated","div":"<div xmlns=\"http://www.w3.org/1999/xhtml\"><h2>Argo-Scheduling</h2><p>The official URL for this implementation guide is: </p><pre>http://fhir.org/guides/argonaut-scheduling/ImplementationGuide/ig</pre></div>"},"url":"http://fhir.org/guides/argonaut-scheduling/ImplementationGuide/ig","name":"Argo-Scheduling","status":"active","experimental":true,"publisher":"Argonaut Project","definition":{"package":[{"id":"p1","name":"base"}],"resource":[{"extension":[{"url":"http://hl7.org/fhir/StructureDefinition/implementationguide-page","valueUri":"Subscription-example.html"}],"reference":{"reference":"Subscription/example"},"exampleBoolean":true,"package":"p1"},{"extension":[{"url":"http://hl7.org/fhir/StructureDefinition/implementationguide-page","valueUri":"Slot-2017-09-07T154500-arg-s-6.html"}],"reference":{"reference":"Slot/2017-09-07T154500-arg-s-6"},"exampleBoolean":true,"package":"p1"},{"extension":[{"url":"http://hl7.org/fhir/StructureDefinition/implementationguide-page","valueUri":"Bundle-slot-bundle-example.html"}],"reference":{"reference":"Bundle/slot-bundle-example"},"exampleBoolean":true,"package":"p1"},{"extension":[{"url":"http://hl7.org/fhir/StructureDefinition/implementationguide-page","valueUri":"Schedule-example1.html"}],"reference":{"reference":"Schedule/example1"},"exampleBoolean":true,"package":"p1"},{"extension":[{"url":"http://hl7.org/fhir/StructureDefinition/implementationguide-page","valueUri":"Schedule-2017-08-28-derm.html"}],"reference":{"reference":"Schedule/2017-08-28-derm"},"exampleBoolean":true,"package":"p1"},{"extension":[{"url":"http://hl7.org/fhir/StructureDefinition/implementationguide-page","valueUri":"Schedule-arg-s-6.html"}],"reference":{"reference":"Schedule/arg-s-6"},"exampleBoolean":true,"package":"p1"},{"extension":[{"url":"http://hl7.org/fhir/StructureDefinition/implementationguide-page","valueUri":"Appointment-proposed-appt3.html"}],"reference":{"reference":"Appointment/proposed-appt3"},"exampleBoolean":true,"package":"p1"},{"extension":[{"url":"http://hl7.org/fhir/StructureDefinition/implementationguide-page","valueUri":"Appointment-proposed-appt2b-3.html"}],"reference":{"reference":"Appointment/proposed-appt2b-3"},"exampleBoolean":true,"package":"p1"},{"extension":[{"url":"http://hl7.org/fhir/StructureDefinition/implementationguide-page","valueUri":"Appointment-proposed-appt2b-2.html"}],"reference":{"reference":"Appointment/proposed-appt2b-2"},"exampleBoolean":true,"package":"p1"},{"extension":[{"url":"http://hl7.org/fhir/StructureDefinition/implementationguide-page","valueUri":"Appointment-proposed-appt2b-1.html"}],"reference":{"reference":"Appointment/proposed-appt2b-1"},"exampleBoolean":true,"package":"p1"},{"extension":[{"url":"http://hl7.org/fhir/StructureDefinition/implementationguide-page","valueUri":"Appointment-proposed-appt2.html"}],"reference":{"reference":"Appointment/proposed-appt2"},"exampleBoolean":true,"package":"p1"},{"extension":[{"url":"http://hl7.org/fhir/StructureDefinition/implementationguide-page","valueUri":"Appointment-proposed-appt1a-3.html"}],"reference":{"reference":"Appointment/proposed-appt1a-3"},"exampleBoolean":true,"package":"p1"},{"extension":[{"url":"http://hl7.org/fhir/StructureDefinition/implementationguide-page","valueUri":"Appointment-proposed-appt1a-2.html"}],"reference":{"reference":"Appointment/proposed-appt1a-2"},"exampleBoolean":true,"package":"p1"},{"extension":[{"url":"http://hl7.org/fhir/StructureDefinition/implementationguide-page","valueUri":"Appointment-proposed-appt1a-1.html"}],"reference":{"reference":"Appointment/proposed-appt1a-1"},"exampleBoolean":true,"package":"p1"},{"extension":[{"url":"http://hl7.org/fhir/StructureDefinition/implementationguide-page","valueUri":"Appointment-proposed-appt1.html"}],"reference":{"reference":"Appointment/proposed-appt1"},"exampleBoolean":true,"package":"p1"},{"extension":[{"url":"http://hl7.org/fhir/StructureDefinition/implementationguide-page","valueUri":"Practitioner-dr-y.html"}],"reference":{"reference":"Practitioner/dr-y"},"exampleBoolean":true,"package":"p1"},{"extension":[{"url":"http://hl7.org/fhir/StructureDefinition/implementationguide-page","valueUri":"Patient-argo-sch-patient-2.html"}],"reference":{"reference":"Patient/argo-sch-patient-2"},"exampleBoolean":true,"package":"p1"},{"extension":[{"url":"http://hl7.org/fhir/StructureDefinition/implementationguide-page","valueUri":"Patient-argo-sch-patient-1.html"}],"reference":{"reference":"Patient/argo-sch-patient-1"},"exampleBoolean":true,"package":"p1"},{"extension":[{"url":"http://hl7.org/fhir/StructureDefinition/implementationguide-page","valueUri":"OperationOutcome-example.html"}],"reference":{"reference":"OperationOutcome/example"},"exampleBoolean":true,"package":"p1"},{"extension":[{"url":"http://hl7.org/fhir/StructureDefinition/implementationguide-page","valueUri":"Coverage-argo-sch-2.html"}],"reference":{"reference":"Coverage/argo-sch-2"},"exampleBoolean":true,"package":"p1"},{"extension":[{"url":"http://hl7.org/fhir/StructureDefinition/implementationguide-page","valueUri":"Coverage-argo-sch-1.html"}],"reference":{"reference":"Coverage/argo-sch-1"},"exampleBoolean":true,"package":"p1"},{"extension":[{"url":"http://hl7.org/fhir/StructureDefinition/implementationguide-page","valueUri":"Bundle-prefetch-derm-appts.html"}],"reference":{"reference":"Bundle/prefetch-derm-appts"},"exampleBoolean":true,"package":"p1"},{"extension":[{"url":"http://hl7.org/fhir/StructureDefinition/implementationguide-page","valueUri":"Bundle-hal-dr-y-appts.html"}],"reference":{"reference":"Bundle/hal-dr-y-appts"},"exampleBoolean":true,"package":"p1"},{"extension":[{"url":"http://hl7.org/fhir/StructureDefinition/implementationguide-page","valueUri":"ValueSet-visit-type.html"}],"reference":{"reference":"ValueSet/visit-type"},"exampleBoolean":false,"package":"p1"},{"extension":[{"url":"http://hl7.org/fhir/StructureDefinition/implementationguide-page","valueUri":"ValueSet-status-reason.html"}],"reference":{"reference":"ValueSet/status-reason"},"exampleBoolean":false,"package":"p1"},{"extension":[{"url":"http://hl7.org/fhir/StructureDefinition/implementationguide-page","valueUri":"ValueSet-specialty.html"}],"reference":{"reference":"ValueSet/specialty"},"exampleBoolean":false,"package":"p1"},{"extension":[{"url":"http://hl7.org/fhir/StructureDefinition/implementationguide-page","valueUri":"ValueSet-argo-slot-status.html"}],"reference":{"reference":"ValueSet/argo-slot-status"},"exampleBoolean":false,"package":"p1"},{"extension":[{"url":"http://hl7.org/fhir/StructureDefinition/implementationguide-page","valueUri":"ValueSet-slot-bundle-type.html"}],"reference":{"reference":"ValueSet/slot-bundle-type"},"exampleBoolean":false,"package":"p1"},{"extension":[{"url":"http://hl7.org/fhir/StructureDefinition/implementationguide-page","valueUri":"ValueSet-sct-services.html"}],"reference":{"reference":"ValueSet/sct-services"},"exampleBoolean":false,"package":"p1"},{"extension":[{"url":"http://hl7.org/fhir/StructureDefinition/implementationguide-page","valueUri":"ValueSet-appt-type.html"}],"reference":{"reference":"ValueSet/appt-type"},"exampleBoolean":false,"package":"p1"},{"extension":[{"url":"http://hl7.org/fhir/StructureDefinition/implementationguide-page","valueUri":"StructureDefinition-slot-bundle.html"}],"reference":{"reference":"StructureDefinition/slot-bundle"},"exampleBoolean":false,"package":"p1"},{"extension":[{"url":"http://hl7.org/fhir/StructureDefinition/implementationguide-page","valueUri":"StructureDefinition-prefetch-slot.html"}],"reference":{"reference":"StructureDefinition/prefetch-slot"},"exampleBoolean":false,"package":"p1"},{"extension":[{"url":"http://hl7.org/fhir/StructureDefinition/implementationguide-page","valueUri":"StructureDefinition-extension-subscription-triggerevent.html"}],"reference":{"reference":"StructureDefinition/extension-subscription-triggerevent"},"exampleBoolean":false,"package":"p1"},{"extension":[{"url":"http://hl7.org/fhir/StructureDefinition/implementationguide-page","valueUri":"StructureDefinition-extension-subscription-payloadprofile.html"}],"reference":{"reference":"StructureDefinition/extension-subscription-payloadprofile"},"exampleBoolean":false,"package":"p1"},{"extension":[{"url":"http://hl7.org/fhir/StructureDefinition/implementationguide-page","valueUri":"StructureDefinition-extension-subscription-eventfocus.html"}],"reference":{"reference":"StructureDefinition/extension-subscription-eventfocus"},"exampleBoolean":false,"package":"p1"},{"extension":[{"url":"http://hl7.org/fhir/StructureDefinition/implementationguide-page","valueUri":"StructureDefinition-extension-status-reason.html"}],"reference":{"reference":"StructureDefinition/extension-status-reason"},"exampleBoolean":false,"package":"p1"},{"extension":[{"url":"http://hl7.org/fhir/StructureDefinition/implementationguide-page","valueUri":"StructureDefinition-avail-bundle.html"}],"reference":{"reference":"StructureDefinition/avail-bundle"},"exampleBoolean":false,"package":"p1"},{"extension":[{"url":"http://hl7.org/fhir/StructureDefinition/implementationguide-page","valueUri":"StructureDefinition-argo-sub-notif.html"}],"reference":{"reference":"StructureDefinition/argo-sub-notif"},"exampleBoolean":false,"package":"p1"},{"extension":[{"url":"http://hl7.org/fhir/StructureDefinition/implementationguide-page","valueUri":"StructureDefinition-argo-sched-notif.html"}],"reference":{"reference":"StructureDefinition/argo-sched-notif"},"exampleBoolean":false,"package":"p1"},{"extension":[{"url":"http://hl7.org/fhir/StructureDefinition/implementationguide-page","valueUri":"StructureDefinition-argo-coverage.html"}],"reference":{"reference":"StructureDefinition/argo-coverage"},"exampleBoolean":false,"package":"p1"},{"extension":[{"url":"http://hl7.org/fhir/StructureDefinition/implementationguide-page","valueUri":"StructureDefinition-argo-appt.html"}],"reference":{"reference":"StructureDefinition/argo-appt"},"exampleBoolean":false,"package":"p1"},{"extension":[{"url":"http://hl7.org/fhir/StructureDefinition/implementationguide-page","valueUri":"OperationDefinition-slot-prefetch.html"}],"reference":{"reference":"OperationDefinition/slot-prefetch"},"exampleBoolean":false,"package":"p1"},{"extension":[{"url":"http://hl7.org/fhir/StructureDefinition/implementationguide-page","valueUri":"OperationDefinition-appointment-hold.html"}],"reference":{"reference":"OperationDefinition/appointment-hold"},"exampleBoolean":false,"package":"p1"},{"extension":[{"url":"http://hl7.org/fhir/StructureDefinition/implementationguide-page","valueUri":"OperationDefinition-appointment-find.html"}],"reference":{"reference":"OperationDefinition/appointment-find"},"exampleBoolean":false,"package":"p1"},{"extension":[{"url":"http://hl7.org/fhir/StructureDefinition/implementationguide-page","valueUri":"OperationDefinition-appointment-book.html"}],"reference":{"reference":"OperationDefinition/appointment-book"},"exampleBoolean":false,"package":"p1"},{"extension":[{"url":"http://hl7.org/fhir/StructureDefinition/implementationguide-page","valueUri":"ConceptMap-visit-snomed-map.html"}],"reference":{"reference":"ConceptMap/visit-snomed-map"},"exampleBoolean":false,"package":"p1"},{"extension":[{"url":"http://hl7.org/fhir/StructureDefinition/implementationguide-page","valueUri":"ConceptMap-visit-appt-map.html"}],"reference":{"reference":"ConceptMap/visit-appt-map"},"exampleBoolean":false,"package":"p1"},{"extension":[{"url":"http://hl7.org/fhir/StructureDefinition/implementationguide-page","valueUri":"CodeSystem-visit-type.html"}],"reference":{"reference":"CodeSystem/visit-type"},"exampleBoolean":false,"package":"p1"},{"extension":[{"url":"http://hl7.org/fhir/StructureDefinition/implementationguide-page","valueUri":"CodeSystem-status-reason.html"}],"reference":{"reference":"CodeSystem/status-reason"},"exampleBoolean":false,"package":"p1"},{"extension":[{"url":"http://hl7.org/fhir/StructureDefinition/implementationguide-page","valueUri":"CodeSystem-appt-type.html"}],"reference":{"reference":"CodeSystem/appt-type"},"exampleBoolean":false,"package":"p1"},{"extension":[{"url":"http://hl7.org/fhir/StructureDefinition/implementationguide-page","valueUri":"CapabilityStatement-server.html"}],"reference":{"reference":"CapabilityStatement/server"},"exampleBoolean":false,"package":"p1"},{"extension":[{"url":"http://hl7.org/fhir/StructureDefinition/implementationguide-page","valueUri":"CapabilityStatement-client.html"}],"reference":{"reference":"CapabilityStatement/client"},"exampleBoolean":false,"package":"p1"}],"page":{"nameUrl":"index.md","title":"Argo-Scheduling Homepage","generation":"html","page":[{"nameUrl":"_includes/toc.md","title":"Argo-Scheduling Table of Contents","generation":"html"}]}}}