<?xml version="1.0" encoding="UTF-8"?>

<ValueSet xmlns="http://hl7.org/fhir">
  <id value="TiterLabCodes"/>
  <meta>
    <profile value="http://hl7.org/fhir/StructureDefinition/valueset-shareable-definition"/>
  </meta>
  <url value="http://fhir.org/guides/hspc/ValueSet/TiterLabCodes"/>
  <name value="HSPC Titer Labs"/>
  <status value="draft"/>
  <publisher value="HSPC"/>
  <contact>
    <telecom>
      <system value="other"/>
      <value value="http://healthcaresoa.org"/>
    </telecom>
  </contact>
  <date value="2015-02-20T13:44:49+11:00"/>
  <description value="Ordinal LOINC codes used in HSPC"/>
  <copyright value="This content LOINC® is copyright © 1995 Regenstrief Institute, Inc. and the LOINC Committee, and available at no cost under the license at http://loinc.org/terms-of-use"/>
  <compose>
    <include>
      <system value="http://loinc.org"/>
      <filter>
        <property value="PROPERTY"/>
        <op value="="/>
        <value value="Titr"/>
      </filter>
    </include>
  </compose>
</ValueSet>