<?xml version="1.0" encoding="UTF-8"?>

<ValueSet xmlns="http://hl7.org/fhir">
  <id value="organization-organizationnameuse"/>
  <meta>
    <profile value="http://hl7.org/fhir/StructureDefinition/valueset-shareable-definition"/>
  </meta>
  <url value="http://fhir.org/guides/hspc/ValueSet/organization-organizationnameuse"/>
  <version value="0.01"/>
  <name value="HSPC Organization Name Use"/>
  <status value="draft"/>
  <publisher value="HSPC"/>
  <contact>
    <telecom>
      <system value="other"/>
      <value value="http://healthcaresoa.org"/>
    </telecom>
  </contact>
  <date value="2015-05-19"/>
  <description value="The set of codes that describe use of an organization&#39;s name."/>
  <immutable value="true"/>
  <extensible value="true"/>
  <compose>
    <include>
      <system value="http://hl7.org/fhir/v3/EntityNameUseR2"/>
      <concept>
        <code value="A"/>
        <display value="Business Name"/>
      </concept>
      <concept>
        <code value="C"/>
        <display value="Customary"/>
      </concept>
    </include>
    <include>
      <system value="http://hl7.org/fhir/v3/EntityNameUse"/>
      <concept>
        <code value="L"/>
        <display value="Legal Name"/>
      </concept>
      <concept>
        <code value="ASGN"/>
        <display value="Assigned (alias)"/>
      </concept>
    </include>
    <include>
      <system value="http://hl7,org/fhir/organization-hspc-organizationnameuse"/>
    </include>
  </compose>
</ValueSet>