<?xml version="1.0" encoding="UTF-8"?>

<ValueSet xmlns="http://hl7.org/fhir">
  <id value="transportPriority"/>
  <meta>
    <profile value="http://hl7.org/fhir/StructureDefinition/valueset-shareable-definition"/>
  </meta>
  <url value="http://fhir.org/guides/hspc/ValueSet/transportPriority"/>
  <name value="HSPC Transport Priority value set"/>
  <status value="draft"/>
  <publisher value="HSPC"/>
  <contact>
    <telecom>
      <system value="other"/>
      <value value="http://healthcaresoa.org"/>
    </telecom>
  </contact>
  <description value="A set of codes that describe the kind of documentation used to validate a date of birth."/>
  <compose>
    <include>
      <system value="http://hl7.org/fhir/v3/ActPriority"/>
      <concept>
        <code value="A"/>
        <display value="ASAP"/>
      </concept>
      <concept>
        <code value="S"/>
        <display value="stat"/>
      </concept>
      <concept>
        <code value="R"/>
        <display value="routine"/>
      </concept>
      <concept>
        <code value="UR"/>
        <display value="urgent"/>
      </concept>
    </include>
  </compose>
</ValueSet>