<?xml version="1.0" encoding="UTF-8"?>

<ValueSet xmlns="http://hl7.org/fhir">
  <id value="RealLabCodes"/>
  <meta>
    <profile value="http://hl7.org/fhir/StructureDefinition/valueset-shareable-definition"/>
  </meta>
  <url value="http://fhir.org/guides/hspc/ValueSet/RealLabCodes"/>
  <name value="HSPC Real Labs"/>
  <status value="draft"/>
  <publisher value="HSPC"/>
  <contact>
    <telecom>
      <system value="other"/>
      <value value="http://healthcaresoa.org"/>
    </telecom>
  </contact>
  <date value="2015-02-20T13:44:49+11:00"/>
  <description value="Ordinal LOINC codes used in HSPC"/>
  <copyright value="This content LOINC® is copyright © 1995 Regenstrief Institute, Inc. and the LOINC Committee, and available at no cost under the license at http://loinc.org/terms-of-use"/>
  <compose>
    <include>
      <system value="http://loinc.org"/>
      <concept>
        <code value="2964-5"/>
        <display value="Specific gravity of Body fluid"/>
      </concept>
      <concept>
        <code value="2965-2"/>
        <display value="Specific gravity of Urine"/>
      </concept>
      <concept>
        <code value="38875-1"/>
        <display value="INR in Unspecified specimen by Coagulation assay|INR in Platelet poor plasma or blood by Coagulation assay"/>
      </concept>
      <concept>
        <code value="9322-9"/>
        <display value="Cholesterol.total/Cholesterol in HDL [Percentile]"/>
      </concept>
    </include>
  </compose>
</ValueSet>