<?xml version="1.0" encoding="UTF-8"?>

<ValueSet xmlns="http://hl7.org/fhir">
  <id value="practitioner-privilege"/>
  <meta>
    <profile value="http://hl7.org/fhir/StructureDefinition/valueset-shareable-definition"/>
  </meta>
  <url value="http://fhir.org/guides/hspc/ValueSet/practitioner-privilege"/>
  <name value="HSPC ProviderPractitioner Privilege"/>
  <status value="draft"/>
  <publisher value="HSPC"/>
  <contact>
    <telecom>
      <system value="other"/>
      <value value="http://healthcaresoa.org"/>
    </telecom>
  </contact>
  <description value="A set of codes that describe the level of authorization given to a provider to practice medicine at an institution."/>
  <compose>
    <include>
      <system value="http://hl7.org/fhir/practitioner-hspc-privilege"/>
    </include>
  </compose>
</ValueSet>