<?xml version="1.0" encoding="UTF-8"?>

<ValueSet xmlns="http://hl7.org/fhir">
  <id value="hspc-bdverifiedmethod"/>
  <meta>
    <profile value="http://hl7.org/fhir/StructureDefinition/valueset-shareable-definition"/>
  </meta>
  <url value="http://fhir.org/guides/hspc/ValueSet/hspc-bdverifiedmethod"/>
  <name value="HSPC Verification Method Value Set"/>
  <status value="draft"/>
  <publisher value="HSPC"/>
  <contact>
    <telecom>
      <system value="other"/>
      <value value="http://healthcaresoa.org"/>
    </telecom>
  </contact>
  <description value="A set of codes that describe the kind of documentation used to validate a date of birth."/>
  <compose>
    <include>
      <system value="http://hl7.org/fhir/v3/ObservationValue"/>
      <concept>
        <code value="BTHCERT"/>
        <display value="Birth Certificate"/>
      </concept>
      <concept>
        <code value="DRLIC"/>
        <display value="Driver&#39;s License"/>
      </concept>
      <concept>
        <code value="PASSPORT"/>
        <display value="Passport"/>
      </concept>
    </include>
  </compose>
</ValueSet>