<?xml version="1.0" encoding="UTF-8"?>

<ValueSet xmlns="http://hl7.org/fhir">
  <id value="organization-organizationtype"/>
  <meta>
    <profile value="http://hl7.org/fhir/StructureDefinition/valueset-shareable-definition"/>
  </meta>
  <url value="http://fhir.org/guides/hspc/ValueSet/organization-organizationtype"/>
  <version value="0.01"/>
  <name value="HSPC Organization Type"/>
  <status value="draft"/>
  <publisher value="HSPC"/>
  <contact>
    <telecom>
      <system value="other"/>
      <value value="http://healthcaresoa.org"/>
    </telecom>
  </contact>
  <date value="2015-05-19"/>
  <description value="The set of codes that describe a kind of organization."/>
  <immutable value="true"/>
  <copyright value="Intermountain Healthcare"/>
  <extensible value="true"/>
  <compose>
    <include>
      <system value="http://hl7,org/fhir/organization-hspc-organizationtype"/>
    </include>
  </compose>
</ValueSet>