<?xml version="1.0" encoding="UTF-8"?>

<ValueSet xmlns="http://hl7.org/fhir">
  <id value="weightmassunits"/>
  <meta>
    <profile value="http://hl7.org/fhir/StructureDefinition/valueset-shareable-definition"/>
  </meta>
  <url value="http://fhir.org/guides/hspc/ValueSet/weightmassunits"/>
  <name value="HSPC Weight Units of Measure Value Set"/>
  <status value="draft"/>
  <publisher value="HSPC"/>
  <contact>
    <telecom>
      <system value="other"/>
      <value value="http://healthcaresoa.org"/>
    </telecom>
  </contact>
  <description value="The list of codes that describe the mass units used for weight."/>
  <copyright value="This value set includes content from UCUM. Implementer use of UCUM is not covered by this agreement"/>
  <compose>
    <include>
      <system value="http://unitsofmeasure.org"/>
      <concept>
        <code value="[lb_av]"/>
        <display value="Pound [mass]"/>
      </concept>
      <concept>
        <code value="[oz_av]"/>
        <display value="Ounce [mass]"/>
      </concept>
      <concept>
        <code value="kg"/>
        <display value="Kilogram [SI Mass Units]"/>
      </concept>
      <concept>
        <code value="g"/>
        <display value="Gram [mass]"/>
      </concept>
    </include>
  </compose>
</ValueSet>