<?xml version="1.0" encoding="UTF-8"?>

<ValueSet xmlns="http://hl7.org/fhir">
  <id value="radlex"/>
  <meta>
    <profile value="http://hl7.org/fhir/StructureDefinition/valueset-shareable-definition"/>
  </meta>
  <url value="http://fhir.org/guides/hspc/ValueSet/radlex"/>
  <name value="RadLex"/>
  <status value="draft"/>
  <publisher value="HSPC"/>
  <contact>
    <telecom>
      <system value="other"/>
      <value value="http://healthcaresoa.org"/>
    </telecom>
  </contact>
  <date value="2015-10-15"/>
  <description value="All codes contained in the RadLex code system."/>
  <copyright value="This content is licensed under the copyright of RSNA RadLex © and subject to RSNA license guidelines (http://www.rsna.org/uploadedFiles/RSNA/Content/Informatics/RadLex_License_Agreement_and_Terms_of_Use_V2_Final.pdf)"/>
  <compose>
    <include>
      <system value="http://www.radlex.org"/>
    </include>
  </compose>
</ValueSet>