<?xml version="1.0" encoding="UTF-8"?>

<ValueSet xmlns="http://hl7.org/fhir">
  <id value="reporting-priority"/>
  <meta>
    <profile value="http://hl7.org/fhir/StructureDefinition/valueset-shareable-definition"/>
  </meta>
  <url value="http://fhir.org/guides/hspc/ValueSet/reporting-priority"/>
  <version value="0.01"/>
  <name value="HSPC Reporting Priority"/>
  <status value="draft"/>
  <publisher value="Health Sevices Platform Consortium (HSPC)"/>
  <contact>
    <telecom>
      <system value="other"/>
      <value value="http://healthcaresoa.org"/>
    </telecom>
  </contact>
  <date value="2014-06-25"/>
  <description value="HL7 V3: ActPriority* HL7 V3: ActPriority (2.16.840.1.113883.5.7) code system values."/>
  <compose>
    <include>
      <system value="http://hl7.org/fhir/v3/ActPriority"/>
      <concept>
        <code value="A"/>
        <display value="ASAP"/>
      </concept>
      <concept>
        <code value="R"/>
        <display value="routine"/>
      </concept>
      <concept>
        <code value="S"/>
        <display value="stat"/>
      </concept>
      <concept>
        <code value="UR"/>
        <display value="urgent"/>
      </concept>
      <concept>
        <code value="RR"/>
        <display value="rush reporting"/>
      </concept>
      <concept>
        <code value="CR"/>
        <display value="callback results"/>
      </concept>
    </include>
  </compose>
</ValueSet>