<?xml version="1.0" encoding="UTF-8"?>

<ValueSet xmlns="http://hl7.org/fhir">
  <id value="fetalestimationmethod"/>
  <meta>
    <profile value="http://hl7.org/fhir/StructureDefinition/valueset-shareable-definition"/>
  </meta>
  <url value="http://fhir.org/guides/hspc/ValueSet/fetalestimationmethod"/>
  <version value="0.01"/>
  <name value="HSPC Fetal Estimation Method value set"/>
  <status value="draft"/>
  <publisher value="Health Services Platform Consortium (HSPC)"/>
  <date value="2015-06-15"/>
  <description value="Select SNOMED CT code system values and selected local codes from Intermountain Healthcare."/>
  <immutable value="true"/>
  <copyright value="TBD"/>
  <extensible value="true"/>
  <compose>
    <include>
      <system value="http://snomed.info/sct"/>
      <concept>
        <code value="268445003"/>
        <display value="Ultrasound scan - obstetric"/>
      </concept>
      <concept>
        <code value="248986005"/>
        <display value="Estimated date of conception"/>
      </concept>
    </include>
    <include>
      <system value="http://fhir.org/guides/hspc/CodeSystem/fetalestimationmethod"/>
    </include>
  </compose>
</ValueSet>