<?xml version="1.0" encoding="UTF-8"?>

<ValueSet xmlns="http://hl7.org/fhir">
  <id value="admissionSource"/>
  <meta>
    <profile value="http://hl7.org/fhir/StructureDefinition/valueset-shareable-definition"/>
  </meta>
  <url value="http://fhir.org/guides/hspc/ValueSet/admissionSource"/>
  <version value="0.01"/>
  <name value="HSPC Admission Source value set"/>
  <status value="draft"/>
  <publisher value="Health Services Platform Consortium (HSPC)"/>
  <date value="2015-08-06"/>
  <description value="Select Intermountain Healthcare HDD code system values."/>
  <immutable value="true"/>
  <copyright value="Intermountain Healthcare"/>
  <extensible value="true"/>
  <compose>
    <include>
      <system value="http://fhir.org/guides/hspc/CodeSystem/admissionSource"/>
    </include>
  </compose>
</ValueSet>