<?xml version="1.0" encoding="UTF-8"?>

<ValueSet xmlns="http://hl7.org/fhir">
  <id value="radiologytransportmode"/>
  <meta>
    <profile value="http://hl7.org/fhir/StructureDefinition/valueset-shareable-definition"/>
  </meta>
  <url value="http://fhir.org/guides/hspc/ValueSet/radiologytransportmode"/>
  <version value="0.01"/>
  <name value="HSPC Radiology Transport Mode"/>
  <status value="draft"/>
  <publisher value="Health Services Platform Consortium (HSPC)"/>
  <date value="2015-02-09"/>
  <description value="SELECT SNOMED CT code system values."/>
  <immutable value="true"/>
  <copyright value="TBD"/>
  <extensible value="true"/>
  <compose>
    <include>
      <system value="http://snomed.info/sct"/>
      <concept>
        <code value="701374003"/>
        <display value="Bed transporter (physical object)"/>
      </concept>
      <concept>
        <code value="89149003"/>
        <display value="Stretcher, device (physical object)"/>
      </concept>
      <concept>
        <code value="255327002"/>
        <display value="Ambulatory (qualifier value)"/>
      </concept>
      <concept>
        <code value="85455005"/>
        <display value="Cart, device (physical object)"/>
      </concept>
      <concept>
        <code value="58938008"/>
        <display value="Wheel chair, device (physical object)"/>
      </concept>
    </include>
  </compose>
</ValueSet>