<?xml version="1.0" encoding="UTF-8"?>

<ValueSet xmlns="http://hl7.org/fhir">
  <id value="vitalsignassociatedprecond"/>
  <meta>
    <profile value="http://hl7.org/fhir/StructureDefinition/valueset-shareable-definition"/>
  </meta>
  <url value="http://fhir.org/guides/hspc/ValueSet/vitalsignassociatedprecond"/>
  <version value="0.01"/>
  <name value="HSPC Vital Sign Associated Precondition"/>
  <status value="draft"/>
  <publisher value="Health Services Platform Consortium (HSPC)"/>
  <date value="2015-06-11"/>
  <description value="SELECT SNOMED CT code system values descending from &#39;Qualifier value&#39; (362981000)."/>
  <immutable value="true"/>
  <copyright value="TBD"/>
  <extensible value="true"/>
  <compose>
    <include>
      <system value="http://snomed.info/sct"/>
      <concept>
        <code value="255214003"/>
        <display value="after exercise"/>
      </concept>
      <concept>
        <code value="307166007"/>
        <display value="before exercise"/>
      </concept>
      <concept>
        <code value="309604004"/>
        <display value="during exercise"/>
      </concept>
      <concept>
        <code value="263678003"/>
        <display value="at rest"/>
      </concept>
      <concept>
        <code value="276986009"/>
        <display value="antepartum"/>
      </concept>
      <concept>
        <code value="255410009"/>
        <display value="postpartum"/>
      </concept>
      <concept>
        <code value="307159006"/>
        <display value="intrapartum"/>
      </concept>
      <concept>
        <code value="255566006"/>
        <display value="post-dose"/>
      </concept>
      <concept>
        <code value="255235001"/>
        <display value="pre-dose"/>
      </concept>
      <concept>
        <code value="262068006"/>
        <display value="preoperative"/>
      </concept>
      <concept>
        <code value="262061000"/>
        <display value="postoperative"/>
      </concept>
      <concept>
        <code value="277671009"/>
        <display value="intraoperative"/>
      </concept>
      <concept>
        <code value="884001"/>
        <display value="initial"/>
      </concept>
    </include>
    <include>
      <system value="http://fhir.org/guides/hspc/CodeSystem/vitalsignassociatedprecond"/>
    </include>
  </compose>
</ValueSet>