<?xml version="1.0" encoding="UTF-8"?>

<ValueSet xmlns="http://hl7.org/fhir">
  <id value="departureTransportMode"/>
  <meta>
    <profile value="http://hl7.org/fhir/StructureDefinition/valueset-shareable-definition"/>
  </meta>
  <url value="http://fhir.org/guides/hspc/ValueSet/departureTransportMode"/>
  <name value="HSPC Departure Transport Mode value set"/>
  <status value="draft"/>
  <publisher value="HSPC"/>
  <contact>
    <telecom>
      <system value="other"/>
      <value value="http://healthcaresoa.org"/>
    </telecom>
  </contact>
  <description value="The list of codes that describe how the data came into being."/>
  <copyright value="Intermountain Healthcare HDD"/>
  <compose>
    <include>
      <system value="http://snomed.info/sct"/>
      <concept>
        <code value="49122002"/>
        <display value="Ambulance, device (physical object)"/>
      </concept>
      <concept>
        <code value="52387005"/>
        <display value="Taxi, device (physical object)"/>
      </concept>
      <concept>
        <code value="73957001"/>
        <display value="Air transport ambulance, device (physical object)"/>
      </concept>
      <concept>
        <code value="469233002"/>
        <display value="Helicopter ambulance (physical object)"/>
      </concept>
      <concept>
        <code value="257250006"/>
        <display value="Pedestrian conveyance (physical object)"/>
      </concept>
      <concept>
        <code value="44613004"/>
        <display value="Ground transport ambulance, device (physical object)"/>
      </concept>
      <concept>
        <code value="71783008"/>
        <display value="Automobile, device (physical object)"/>
      </concept>
      <concept>
        <code value="58938008"/>
        <display value="Wheel chair, device (physical object)"/>
      </concept>
      <concept>
        <code value="91537007"/>
        <display value="Hospital bed, device (physical object)"/>
      </concept>
      <concept>
        <code value="49890001"/>
        <display value="Hospital cart, device (physical object)"/>
      </concept>
    </include>
    <include>
      <system value="http://fhir.org/guides/hspc/CodeSystem/departureTransportationMode"/>
    </include>
  </compose>
</ValueSet>