<?xml version="1.0" encoding="UTF-8"?>

<ValueSet xmlns="http://hl7.org/fhir">
  <id value="observation-heightMeasMethodDevice"/>
  <meta>
    <profile value="http://hl7.org/fhir/StructureDefinition/valueset-shareable-definition"/>
  </meta>
  <url value="http://fhir.org/guides/hspc/ValueSet/observation-heightMeasMethodDevice"/>
  <version value="0.01"/>
  <name value="HSPC Height Meas Method Device"/>
  <status value="draft"/>
  <publisher value="HSPC"/>
  <contact>
    <telecom>
      <system value="other"/>
      <value value="http://healthcaresoa.org"/>
    </telecom>
  </contact>
  <date value="2015-05-19"/>
  <description value="The set of codes that describe the methods or devices used to measure an individual&#39;s height."/>
  <immutable value="true"/>
  <copyright value="Intermountain Healthcare"/>
  <extensible value="true"/>
  <compose>
    <include>
      <system value="http://hl7,org/fhir/valueset-observation-heightMeasMethodDevice"/>
    </include>
  </compose>
</ValueSet>