<?xml version="1.0" encoding="UTF-8"?>

<ValueSet xmlns="http://hl7.org/fhir">
  <id value="allergyIntoleranceType"/>
  <meta>
    <profile value="http://hl7.org/fhir/StructureDefinition/valueset-shareable-definition"/>
  </meta>
  <url value="http://fhir.org/guides/hspc/ValueSet/allergyIntoleranceType"/>
  <version value="0.01"/>
  <name value="HSPC Allergy Intolerance Type Value Set"/>
  <status value="draft"/>
  <publisher value="Health Services Platform Consortium (HSPC)"/>
  <date value="2015-08-06"/>
  <description value="SELECT SNOMED CT and Intermountain Healthcare HDD code system values."/>
  <immutable value="true"/>
  <copyright value="TBD"/>
  <extensible value="true"/>
  <compose>
    <include>
      <system value="http://snomed.info/sct"/>
      <concept>
        <code value="419199007"/>
        <display value="Allergy to substance (disorder)"/>
      </concept>
    </include>
    <include>
      <system value="http://fhir.org/guides/hspc/CodeSystem/allergyintolerancetype"/>
    </include>
  </compose>
</ValueSet>