<?xml version="1.0" encoding="UTF-8"?>

<ValueSet xmlns="http://hl7.org/fhir">
  <id value="heightunits"/>
  <meta>
    <profile value="http://hl7.org/fhir/StructureDefinition/valueset-shareable-definition"/>
  </meta>
  <url value="http://fhir.org/guides/hspc/ValueSet/heightunits"/>
  <name value="HSPC Height Units of Measure Value Set"/>
  <status value="draft"/>
  <publisher value="HSPC"/>
  <contact>
    <telecom>
      <system value="other"/>
      <value value="http://healthcaresoa.org"/>
    </telecom>
  </contact>
  <description value="The list of codes that describe the length units used for height."/>
  <copyright value="This value set includes content from UCUM. Implementer use of UCUM is not covered by this agreement"/>
  <compose>
    <include>
      <system value="http://unitsofmeasure.org"/>
      <concept>
        <code value="[in_us]"/>
        <display value="Inch [length]"/>
      </concept>
      <concept>
        <code value="[ft_us]"/>
        <display value="Foot [length]"/>
      </concept>
      <concept>
        <code value="cm"/>
        <display value="Centimeter [SI Length Units]"/>
      </concept>
    </include>
  </compose>
</ValueSet>