<?xml version="1.0" encoding="UTF-8"?>

<ValueSet xmlns="http://hl7.org/fhir">
  <id value="clinicalAssertStatus"/>
  <meta>
    <profile value="http://hl7.org/fhir/StructureDefinition/valueset-shareable-definition"/>
  </meta>
  <url value="http://fhir.org/guides/hspc/ValueSet/clinicalAssertStatus"/>
  <version value="0.01"/>
  <name value="HSPC Clinical Assert Status Value Set"/>
  <status value="draft"/>
  <publisher value="Health Services Platform Consortium (HSPC)"/>
  <date value="2015-07-31"/>
  <description value="SELECT SNOMED CT and Intermountain Healthcare HDD code system values."/>
  <immutable value="true"/>
  <copyright value="TBD"/>
  <extensible value="true"/>
  <compose>
    <include>
      <system value="http://snomed.info/sct"/>
      <concept>
        <code value="55561003"/>
        <display value="Active (qualifier value)"/>
      </concept>
      <concept>
        <code value="260385009"/>
        <display value="Ruled out (qualifier value)"/>
      </concept>
      <concept>
        <code value="261665006"/>
        <display value="Unknown (qualifier value)"/>
      </concept>
      <concept>
        <code value="410605003"/>
        <display value="Confirmed present (qualifier value)"/>
      </concept>
    </include>
    <include>
      <system value="http://fhir.org/guides/hspc/CodeSystem/clinicalassertstatus"/>
    </include>
  </compose>
</ValueSet>