<?xml version="1.0" encoding="UTF-8"?>

<ValueSet xmlns="http://hl7.org/fhir">
  <id value="NarrativeLabCodes"/>
  <meta>
    <profile value="http://hl7.org/fhir/StructureDefinition/valueset-shareable-definition"/>
  </meta>
  <url value="http://fhir.org/guides/hspc/ValueSet/NarrativeLabCodes"/>
  <name value="HSPC Narrative Labs"/>
  <status value="draft"/>
  <publisher value="HSPC"/>
  <contact>
    <telecom>
      <system value="other"/>
      <value value="http://healthcaresoa.org"/>
    </telecom>
  </contact>
  <date value="2015-02-20T13:44:49+11:00"/>
  <description value="Ordinal LOINC codes used in HSPC"/>
  <copyright value="This content LOINC® is copyright © 1995 Regenstrief Institute, Inc. and the LOINC Committee, and available at no cost under the license at http://loinc.org/terms-of-use"/>
  <compose>
    <include>
      <system value="http://loinc.org"/>
      <concept>
        <code value="1006-6"/>
        <display value="Direct antiglobulin test.IgG specific reagent [interpretation] on Red Blood Cells"/>
      </concept>
      <concept>
        <code value="10333-3"/>
        <display value="Appearance of Cerebral spinal fluid"/>
      </concept>
      <concept>
        <code value="10335-8"/>
        <display value="Color of Cerebral spinal fluid"/>
      </concept>
      <concept>
        <code value="10524-7"/>
        <display value="Microscopic observation [Identifier] in Cervix by Cyto stain"/>
      </concept>
      <concept>
        <code value="10569-2"/>
        <display value="Color of Semen"/>
      </concept>
      <concept>
        <code value="10573-4"/>
        <display value="Ferning [Type] in Cervical mucus"/>
      </concept>
      <concept>
        <code value="10701-1"/>
        <display value="Ova+Parasites identified in Stool by Concentration|Ova and parasites identified in Stool by Concentration"/>
      </concept>
      <concept>
        <code value="10762-3"/>
        <display value="Microscopic observation [Identifier] in Blood by Hemosiderin stain"/>
      </concept>
      <concept>
        <code value="11019-7"/>
        <display value="Microscopic observation [Identifier] in Blood or Marrow by Sudan black B stain"/>
      </concept>
      <concept>
        <code value="11158-3"/>
        <display value="Appearance of Serum"/>
      </concept>
      <concept>
        <code value="11546-9"/>
        <display value="Microscopic observation [Identifier] in Unspecified specimen by Other stain"/>
      </concept>
      <concept>
        <code value="12286-1"/>
        <display value="Drugs identified in Urine by Screen method"/>
      </concept>
      <concept>
        <code value="1250-0"/>
        <display value="Major crossmatch [interpretation]"/>
      </concept>
      <concept>
        <code value="13306-6"/>
        <display value="HLA-DR beta [Type]"/>
      </concept>
      <concept>
        <code value="13440-3"/>
        <display value="Immunofixation [interpretation] for Urine"/>
      </concept>
      <concept>
        <code value="13501-2"/>
        <display value="Herpes simplex virus 2 Ab pattern [interpretation] in Serum"/>
      </concept>
      <concept>
        <code value="13510-3"/>
        <display value="Microscopic observation [Identifier] in Bone marrow by Myeloperoxidase stain"/>
      </concept>
      <concept>
        <code value="14575-5"/>
        <display value="Blood group antibody investigation [interpretation] in Plasma or RBC"/>
      </concept>
      <concept>
        <code value="14611-8"/>
        <display value="Nuclear Ab pattern [interpretation] in Serum"/>
      </concept>
      <concept>
        <code value="14618-3"/>
        <display value="Appearance of Stone|Appearance in Stone"/>
      </concept>
      <concept>
        <code value="14869-2"/>
        <display value="Pathologist review of Blood tests"/>
      </concept>
      <concept>
        <code value="14884-1"/>
        <display value="Porphyrins [interpretation] in Stool"/>
      </concept>
      <concept>
        <code value="15200-9"/>
        <display value="Osmolality of Body fluid"/>
      </concept>
      <concept>
        <code value="16112-5"/>
        <display value="Estrogen receptor [interpretation] in Tissue"/>
      </concept>
      <concept>
        <code value="16113-3"/>
        <display value="Progesterone receptor [interpretation] in Tissue"/>
      </concept>
      <concept>
        <code value="16793-2"/>
        <display value="Drugs identified in Unknown substance by Screen method"/>
      </concept>
      <concept>
        <code value="19066-0"/>
        <display value="Blood bank comment"/>
      </concept>
      <concept>
        <code value="19144-5"/>
        <display value="Reason for drug test [interpretation]"/>
      </concept>
      <concept>
        <code value="19146-0"/>
        <display value="Reference lab test results"/>
      </concept>
      <concept>
        <code value="19156-9"/>
        <display value="Susceptibility method - Unspecified specimen|Susceptibility method [Identifier] in Unspecified specimen|Susceptibility method [Identifier]"/>
      </concept>
      <concept>
        <code value="20431-3"/>
        <display value="Microscopic observation [Identifier] in Unspecified specimen by Smear"/>
      </concept>
      <concept>
        <code value="20510-4"/>
        <display value="Lipoprotein fractions [interpretation] in Serum or Plasma by Electrophoresis"/>
      </concept>
      <concept>
        <code value="20671-4"/>
        <display value="Amino acids [interpretation] in Serum or Plasma|Deprecated Amino acids [interpretation] in Serum or Plasma"/>
      </concept>
      <concept>
        <code value="20785-2"/>
        <display value="Drugs identified in Serum or Plasma by Screen method"/>
      </concept>
      <concept>
        <code value="20787-8"/>
        <display value="Drugs identified in Unspecified specimen by Screen method"/>
      </concept>
      <concept>
        <code value="20990-8"/>
        <display value="APC gene mutations found [Identifier] in Blood or Tissue by Molecular genetics method Nominal"/>
      </concept>
      <concept>
        <code value="21299-3"/>
        <display value="Gestational age method"/>
      </concept>
      <concept>
        <code value="21412-2"/>
        <display value="Myocardium Ab pattern [interpretation] in Serum"/>
      </concept>
      <concept>
        <code value="21667-1"/>
        <display value="F5 gene mutations found [Identifier] in Blood or Tissue by Molecular genetics method Nominal"/>
      </concept>
      <concept>
        <code value="27034-8"/>
        <display value="Drugs identified in Hair by Screen method"/>
      </concept>
      <concept>
        <code value="29495-9"/>
        <display value="Herpes virus 6 DNA [Presence] in Unspecified specimen by Probe and target amplification method|Herpes virus 6 DNA [Presence] in Unspecified specimen by Probe and target amplification method"/>
      </concept>
      <concept>
        <code value="30554-0"/>
        <display value="HIV reverse transcriptase gene mutations detected [Identifier] in Isolate|HIV reverse transcriptase gene mutations detected [Identifier]"/>
      </concept>
      <concept>
        <code value="30934-4"/>
        <display value="Natriuretic peptide B [Mass/volume] in Serum or Plasma"/>
      </concept>
      <concept>
        <code value="31208-2"/>
        <display value="Specimen source [Identifier] of Unspecified specimen"/>
      </concept>
      <concept>
        <code value="3152-6"/>
        <display value="Inhaled oxygen mechanism Dose"/>
      </concept>
      <concept>
        <code value="31868-3"/>
        <display value="Legionella pneumophila 1 Ag [Presence] in Urine"/>
      </concept>
      <concept>
        <code value="32286-7"/>
        <display value="Hepatitis C virus genotype [Identifier] in Serum or Plasma by Probe and target amplification method|Hepatitis C virus genotype [Identifier] in Serum or Plasma by Probe and target amplification method"/>
      </concept>
      <concept>
        <code value="32297-4"/>
        <display value="Amino acids [interpretation] in Urine|Deprecated Amino acids [interpretation] in Urine"/>
      </concept>
      <concept>
        <code value="32624-9"/>
        <display value="Race"/>
      </concept>
      <concept>
        <code value="32700-7"/>
        <display value="Microscopic observation [Identifier] in Blood by Malaria smear"/>
      </concept>
      <concept>
        <code value="32769-2"/>
        <display value="Alpha 1 antitrypsin phenotyping [interpretation] in Serum or Plasma"/>
      </concept>
      <concept>
        <code value="33050-6"/>
        <display value="Pseudocholinesterase phenotype [Identifier] in Serum or Plasma"/>
      </concept>
      <concept>
        <code value="33271-8"/>
        <display value="Microscopic observation [Identifier] in Blood by Malaria thin smear"/>
      </concept>
      <concept>
        <code value="33511-7"/>
        <display value="Appearance of Unspecified specimen"/>
      </concept>
      <concept>
        <code value="33630-5"/>
        <display value="HIV protease gene mutations detected [Identifier] in Isolate|HIV protease gene mutations detected [Identifier]"/>
      </concept>
      <concept>
        <code value="34474-7"/>
        <display value="ABO + Rh group [Type] in Cord blood|ABO and Rh group [Type] in Cord blood|ABO and Rh group [Type] in Cord blood"/>
      </concept>
      <concept>
        <code value="34477-0"/>
        <display value="Blood group antibodies present [Identifier] in Serum or Plasma by Elution"/>
      </concept>
      <concept>
        <code value="34478-8"/>
        <display value="Blood group antibodies present [Identifier] in Blood by Chromogenic method"/>
      </concept>
      <concept>
        <code value="34479-6"/>
        <display value="Blood group antibodies present [Identifier] in Serum or Plasma by Cold absorption"/>
      </concept>
      <concept>
        <code value="34480-4"/>
        <display value="Blood group antibodies present [Identifier] in Serum or Plasma by Cold incubation"/>
      </concept>
      <concept>
        <code value="34481-2"/>
        <display value="Blood group antibodies present [Identifier] in Serum or Plasma by Warm incubation"/>
      </concept>
      <concept>
        <code value="34482-0"/>
        <display value="Blood group antibodies present [Identifier] in Serum or Plasma by Warm absorption"/>
      </concept>
      <concept>
        <code value="34959-7"/>
        <display value="Microscopic observation [Identifier] in Blood by Myeloperoxidase stain"/>
      </concept>
      <concept>
        <code value="34960-5"/>
        <display value="HLA Ab [Identifier]"/>
      </concept>
      <concept>
        <code value="34961-3"/>
        <display value="Rh [Type] in Blood by Confirmatory method"/>
      </concept>
      <concept>
        <code value="34964-7"/>
        <display value="Osmotic fragility [interpretation] of Red Blood Cells"/>
      </concept>
      <concept>
        <code value="38348-9"/>
        <display value="Herpes virus 6 DNA [Identifier] in Unspecified specimen by Probe and target amplification method|Herpes virus 6 DNA [Identifier] in Unspecified specimen by Probe and target amplification method"/>
      </concept>
      <concept>
        <code value="41048-0"/>
        <display value="TPMT gene mutations found [Identifier] in Blood or Tissue by Molecular genetics method Nominal"/>
      </concept>
      <concept>
        <code value="41273-4"/>
        <display value="Alpha-1-Fetoprotein interpretation [interpretation] in Amniotic fluid"/>
      </concept>
      <concept>
        <code value="41274-2"/>
        <display value="Alpha-1-Fetoprotein interpretation [interpretation] in Serum or Plasma"/>
      </concept>
      <concept>
        <code value="42675-9"/>
        <display value="HLA Ag [interpretation]"/>
      </concept>
      <concept>
        <code value="43284-9"/>
        <display value="Spermatozoa IgA binding location [Identifier] in Semen"/>
      </concept>
      <concept>
        <code value="43287-2"/>
        <display value="Spermatozoa IgG binding location [Identifier] in Semen"/>
      </concept>
      <concept>
        <code value="43370-6"/>
        <display value="CFTR gene p.IVS8 PolyT [Presence] in Blood or Tissue by Molecular genetics method"/>
      </concept>
      <concept>
        <code value="43804-4"/>
        <display value="Amino acids [interpretation] in Cerebral spinal fluid|Amino acid pattern [interpretation] in Cerebral spinal fluid"/>
      </concept>
      <concept>
        <code value="44014-9"/>
        <display value="Porphyrins [interpretation] in Urine"/>
      </concept>
      <concept>
        <code value="44074-3"/>
        <display value="Arbovirus Ab [interpretation] in Serum by Immunofluorescence"/>
      </concept>
      <concept>
        <code value="4465-1"/>
        <display value="Hamster Ova Penetration Test [interpretation] in Semen"/>
      </concept>
      <concept>
        <code value="44838-1"/>
        <display value="Catecholamines [interpretation] in Plasma"/>
      </concept>
      <concept>
        <code value="45175-7"/>
        <display value="HIV nucleoside reverse transcriptase gene mutations detected [Identifier] in Isolate|HIV nucleoside reverse transcriptase gene mutations detected [Identifier]"/>
      </concept>
      <concept>
        <code value="45176-5"/>
        <display value="HIV nonnucleoside reverse transcriptase gene mutations detected [Identifier] in Isolate|HIV nonnucleoside reverse transcriptase gene mutations detected [Identifier]"/>
      </concept>
      <concept>
        <code value="47938-6"/>
        <display value="Specimen source [Identifier] of Body fluid"/>
      </concept>
      <concept>
        <code value="48818-9"/>
        <display value="Karyotype [Identifier] in Blood or Tissue by High resolution Nominal"/>
      </concept>
      <concept>
        <code value="49024-3"/>
        <display value="Differential cell count method - Blood|Differential cell count method [Type] in Blood"/>
      </concept>
      <concept>
        <code value="49541-6"/>
        <display value="Fasting status [Presence] - Reported|Fasting status - Reported"/>
      </concept>
      <concept>
        <code value="50008-2"/>
        <display value="Mixing studies [interpretation] in Platelet poor plasma Narrative"/>
      </concept>
      <concept>
        <code value="50595-8"/>
        <display value="Pathologist interpretation of Unspecified specimen tests"/>
      </concept>
      <concept>
        <code value="50722-8"/>
        <display value="VKORC1 gene mutations found [Identifier] in Blood or Tissue by Molecular genetics method Nominal"/>
      </concept>
      <concept>
        <code value="55192-9"/>
        <display value="Chromosome analysis.interphase [interpretation] in Amniotic fluid by Fluorescent in situ hybridization (FISH) Narrative"/>
      </concept>
      <concept>
        <code value="56164-7"/>
        <display value="CYP2C9 gene allele 2 [Identifier] in Blood by Molecular genetics method Nominal"/>
      </concept>
      <concept>
        <code value="56165-4"/>
        <display value="CYP2C9 gene allele 3 [Identifier] in Blood by Molecular genetics method Nominal"/>
      </concept>
      <concept>
        <code value="5767-9"/>
        <display value="Appearance of Urine"/>
      </concept>
      <concept>
        <code value="5778-6"/>
        <display value="Color of Urine"/>
      </concept>
      <concept>
        <code value="5779-4"/>
        <display value="Crystals [type] in Bile fluid by Light microscopy"/>
      </concept>
      <concept>
        <code value="5781-0"/>
        <display value="Crystals [type] in Synovial fluid by Light microscopy"/>
      </concept>
      <concept>
        <code value="5909-7"/>
        <display value="Blood smear finding [Identifier] in Blood by Light microscopy"/>
      </concept>
      <concept>
        <code value="59465-5"/>
        <display value="Pathologist review [interpretation] in Unspecified specimen Narrative|Pathologist review of results"/>
      </concept>
      <concept>
        <code value="6013-7"/>
        <display value="von Willebrand factor (vWf) multimers in Platelet poor plasma by Immunoblot (IB)"/>
      </concept>
      <concept>
        <code value="6262-0"/>
        <display value="Swine epithelium IgE Ab [Units/volume] in Serum"/>
      </concept>
      <concept>
        <code value="62862-8"/>
        <display value="Microsatellite instability [Presence] in Tissue by Immune stain"/>
      </concept>
      <concept>
        <code value="63558-1"/>
        <display value="HLA-DQB1*0602 [Presence]"/>
      </concept>
      <concept>
        <code value="637-9"/>
        <display value="Microscopic observation [Identifier] in Blood by Malaria thick smear"/>
      </concept>
      <concept>
        <code value="64013-6"/>
        <display value="Escherichia coli shiga-like toxin 1 and 2 Ag [Identifier] in Stool by Immunoassay"/>
      </concept>
      <concept>
        <code value="675-9"/>
        <display value="Enterobius vermicularis [Presence] in Unspecified specimen by Pinworm exam|Enterobius vermicularis [Presence] in Unspecified specimen Qualitative by Pinworm exam|Enterobius vermicularis [Identifier] in Unspecified specimen by Pinworm exam"/>
      </concept>
      <concept>
        <code value="6824-7"/>
        <display value="Color of Body fluid"/>
      </concept>
      <concept>
        <code value="6825-4"/>
        <display value="Crystals [type] in Body fluid by Light microscopy"/>
      </concept>
      <concept>
        <code value="881-3"/>
        <display value="ABO + Rh group [Type] in Serum or Plasma from Blood product unit|ABO and Rh group [Type] in Serum or Plasma from Blood product unit|ABO and Rh group [Type] in Serum or Plasma from Blood product unit"/>
      </concept>
      <concept>
        <code value="882-1"/>
        <display value="ABO + Rh group [Type] in Blood|ABO and Rh group [Type] in Blood|ABO and Rh group [Type] in Blood"/>
      </concept>
      <concept>
        <code value="883-9"/>
        <display value="ABO group [Type] in Blood"/>
      </concept>
      <concept>
        <code value="888-8"/>
        <display value="Blood group antibodies identified in Serum or Plasma"/>
      </concept>
      <concept>
        <code value="906-8"/>
        <display value="Blood group antigens present [Identifier] in Blood"/>
      </concept>
      <concept>
        <code value="9109-0"/>
        <display value="Blood loss.total intraoperative [Volume] Cell saver"/>
      </concept>
      <concept>
        <code value="9194-2"/>
        <display value="Type of Urine collection method"/>
      </concept>
      <concept>
        <code value="925-8"/>
        <display value="Blood product disposition [Type]"/>
      </concept>
      <concept>
        <code value="927-4"/>
        <display value="Blood product.pooled [Identifier]"/>
      </concept>
      <concept>
        <code value="933-2"/>
        <display value="Blood product type"/>
      </concept>
      <concept>
        <code value="9335-1"/>
        <display value="Appearance of Body fluid"/>
      </concept>
      <concept>
        <code value="9409-4"/>
        <display value="Anabolic steroids [Identifier] in Urine"/>
      </concept>
      <concept>
        <code value="9785-7"/>
        <display value="Microscopic observation [Identifier] in Stool by Ova and Parasite Preparation|Deprecated Microscopic observation [Identifier] in Stool by Ova and Parasite Preparation"/>
      </concept>
      <concept>
        <code value="9795-6"/>
        <display value="Composition in Stone"/>
      </concept>
      <concept>
        <code value="66759-2"/>
        <display value="Heparin neutralization [Presence] in Blood by Thromboelastography"/>
      </concept>
    </include>
  </compose>
</ValueSet>