<?xml version="1.0" encoding="UTF-8"?>

<ValueSet xmlns="http://hl7.org/fhir">
  <id value="patient-telecomSystem"/>
  <meta>
    <profile value="http://hl7.org/fhir/StructureDefinition/valueset-shareable-definition"/>
  </meta>
  <url value="http://fhir.org/guides/hspc/ValueSet/patient-telecomSystem"/>
  <name value="HSPC Telecom System"/>
  <status value="draft"/>
  <publisher value="HSPC"/>
  <contact>
    <telecom>
      <system value="other"/>
      <value value="http://healthcaresoa.org"/>
    </telecom>
  </contact>
  <description value="A set of values that describe the type of system the telecom value belongs to."/>
  <compose>
    <include>
      <system value="http://hl7.org/fhir/patient-hspc-telecomSystem"/>
    </include>
  </compose>
</ValueSet>