<?xml version="1.0" encoding="UTF-8"?>

<ValueSet xmlns="http://hl7.org/fhir">
  <id value="substance"/>
  <meta>
    <profile value="http://hl7.org/fhir/StructureDefinition/valueset-shareable-definition"/>
  </meta>
  <url value="http://fhir.org/guides/hspc/ValueSet/substance"/>
  <version value="0.01"/>
  <name value="HSPC Substance Value Set"/>
  <status value="draft"/>
  <publisher value="Health Services Platform Consortium (HSPC)"/>
  <date value="2015-02-09"/>
  <description value="SELECT SNOMED CT and RcNorm code system values."/>
  <immutable value="true"/>
  <copyright value="TBD"/>
  <extensible value="true"/>
  <compose>
    <include>
      <system value="http://snomed.info/sct"/>
      <concept>
        <code value="105590001"/>
        <display value="Substance (substance)"/>
      </concept>
    </include>
    <include>
      <system value="http://www.nlm.nih.gov/research/umls/rxnorm"/>
      <filter>
        <property value="TTY"/>
        <op value="in"/>
        <value value="SCD,SBD"/>
      </filter>
    </include>
  </compose>
</ValueSet>