<?xml version="1.0" encoding="UTF-8"?>

<ValueSet xmlns="http://hl7.org/fhir">
  <id value="associatedSignAndSymptom"/>
  <meta>
    <profile value="http://hl7.org/fhir/StructureDefinition/valueset-shareable-definition"/>
  </meta>
  <url value="http://fhir.org/guides/hspc/ValueSet/associatedSignAndSymptom"/>
  <version value="0.01"/>
  <name value="HSPC Associated Sign and Symptom value set"/>
  <status value="draft"/>
  <publisher value="HSPC"/>
  <contact>
    <telecom>
      <system value="other"/>
      <value value="http://healthcaresoa.org"/>
    </telecom>
  </contact>
  <date value="2015-05-19"/>
  <description value="The set of concepts that describe any signs or symptoms that may be correlated to the observed condition."/>
  <copyright value="TBD"/>
  <extensible value="true"/>
  <compose>
    <include>
      <system value="http://snomed.info/sct"/>
      <concept>
        <code value="84229001"/>
        <display value="Fatigue (finding)"/>
      </concept>
      <concept>
        <code value="247347003"/>
        <display value="Discomfort (finding)"/>
      </concept>
      <concept>
        <code value="193462001"/>
        <display value="Insomnia (disorder)"/>
      </concept>
      <concept>
        <code value="424272000"/>
        <display value="Inadequate immune status (finding)"/>
      </concept>
      <concept>
        <code value="48079002"/>
        <display value="Disturbance in mood (finding)"/>
      </concept>
      <concept>
        <code value="21134002"/>
        <display value="Disability (finding)"/>
      </concept>
      <concept>
        <code value="230145002"/>
        <display value="Difficulty breathing (finding)"/>
      </concept>
      <concept>
        <code value="21762000"/>
        <display value="Decreased vascular flow (finding)"/>
      </concept>
      <concept>
        <code value="275520000"/>
        <display value="Claudication (finding)"/>
      </concept>
      <concept>
        <code value="23583003"/>
        <display value="Inflammation (morphologic abnormality)"/>
      </concept>
      <concept>
        <code value="3723001"/>
        <display value="Arthritis (disorder)"/>
      </concept>
      <concept>
        <code value="71393004"/>
        <display value="Soreness (finding)"/>
      </concept>
      <concept>
        <code value="255365009"/>
        <display value="Tightness sensation quality (qualifier value)"/>
      </concept>
      <concept>
        <code value="271587009"/>
        <display value="Stiffness (finding)"/>
      </concept>
      <concept>
        <code value="307077003"/>
        <display value="Feeling hopeless (finding)"/>
      </concept>
      <concept>
        <code value="1402001"/>
        <display value="Fear (finding)"/>
      </concept>
      <concept>
        <code value="35489007"/>
        <display value="Depressive disorder (disorder)"/>
      </concept>
      <concept>
        <code value="55929007"/>
        <display value="Feeling irritable (finding)"/>
      </concept>
      <concept>
        <code value="48694002"/>
        <display value="Anxiety (finding)"/>
      </concept>
      <concept>
        <code value="73595000"/>
        <display value="Stress (finding)"/>
      </concept>
      <concept>
        <code value="131148009"/>
        <display value="Bleeding (finding)"/>
      </concept>
      <concept>
        <code value="3006004"/>
        <display value="Disturbance of consciousness (finding)"/>
      </concept>
    </include>
  </compose>
</ValueSet>