<?xml version="1.0" encoding="UTF-8"?>

<ValueSet xmlns="http://hl7.org/fhir">
  <id value="DeltaFlag"/>
  <meta>
    <profile value="http://hl7.org/fhir/StructureDefinition/valueset-shareable-definition"/>
  </meta>
  <url value="http://fhir.org/guides/hspc/ValueSet/DeltaFlag"/>
  <version value="0.01"/>
  <name value="DeltaFlag"/>
  <status value="draft"/>
  <publisher value="Intermountain Healthcare"/>
  <contact>
    <telecom>
      <system value="other"/>
      <value value="http://www.clinicaleleement.com"/>
    </telecom>
  </contact>
  <date value="2014-06-25"/>
  <description value="SNOMED CT* SELECT SNOMED CT code system values descending from &#39;change values&#39; (288533004)."/>
  <copyright value="IHC"/>
  <compose>
    <include>
      <system value="http://snomed.info/sct"/>
      <filter>
        <property value="concept"/>
        <op value="is-a"/>
        <value value="288533004"/>
      </filter>
    </include>
  </compose>
</ValueSet>