<?xml version="1.0" encoding="UTF-8"?>

<ValueSet xmlns="http://hl7.org/fhir">
  <id value="bpbodyposition"/>
  <meta>
    <profile value="http://hl7.org/fhir/StructureDefinition/valueset-shareable-definition"/>
  </meta>
  <url value="http://fhir.org/guides/hspc/ValueSet/bpbodyposition"/>
  <version value="0.01"/>
  <name value="HSPC Systolic Blood Pressure Measurement Body Position"/>
  <immutable value="true"/>
  <publisher value="Health Services Platform Consortium (HSPC)"/>
  <description value="SELECT SNOMED CT code system values."/>
  <copyright value="TBD"/>
  <status value="draft"/>
  <extensible value="true"/>
  <date value="2015-06-11"/>
  <compose>
    <include>
      <system value="http://snomed.info/sct"/>
      <concept>
        <code value="40199007"/>
        <display value="Supine body position (finding)"/>
      </concept>
      <concept>
        <code value="33586001"/>
        <display value="Sitting position (finding)"/>
      </concept>
      <concept>
        <code value="10904000"/>
        <display value="Orthostatic body position (finding)"/>
      </concept>
      <concept>
        <code value="414585002"/>
        <display value="Left lateral tilt (finding)"/>
      </concept>
      <concept>
        <code value="415346000"/>
        <display value="Right lateral tilt (finding)"/>
      </concept>
    </include>
  </compose>
</ValueSet>