<?xml version="1.0" encoding="UTF-8"?>

<ValueSet xmlns="http://hl7.org/fhir">
  <id value="practitioner-practiceAffiliationType"/>
  <meta>
    <profile value="http://hl7.org/fhir/StructureDefinition/valueset-shareable-definition"/>
  </meta>
  <url value="http://fhir.org/guides/hspc/ValueSet/practitioner-practiceAffiliationType"/>
  <name value="HSPC Practice Affiliation Type"/>
  <status value="draft"/>
  <publisher value="HSPC"/>
  <contact>
    <telecom>
      <system value="other"/>
      <value value="http://healthcaresoa.org"/>
    </telecom>
  </contact>
  <description value="A set of codes that describe how a provider is affiliated with an organization pertaining to the practice of medicine."/>
  <compose>
    <include>
      <system value="http://hl7.org/fhir/practitioner-hspc-practiceAffiliationType"/>
    </include>
  </compose>
</ValueSet>