<?xml version="1.0" encoding="UTF-8"?>

<ValueSet xmlns="http://hl7.org/fhir">
  <id value="bodytempmethoddevice"/>
  <meta>
    <profile value="http://hl7.org/fhir/StructureDefinition/valueset-shareable-definition"/>
  </meta>
  <url value="http://fhir.org/guides/hspc/ValueSet/bodytempmethoddevice"/>
  <version value="0.01"/>
  <name value="HSPC Body Temperature Measurement Method/Device"/>
  <status value="draft"/>
  <publisher value="Health Services Platform Consortium (HSPC)"/>
  <date value="2015-06-11"/>
  <description value="SELECT SNOMED CT code system values."/>
  <immutable value="true"/>
  <copyright value="TBD"/>
  <extensible value="true"/>
  <compose>
    <include>
      <system value="http://snomed.info/sct"/>
      <concept>
        <code value="467862000"/>
        <display value="capillary patient thermometer, mercury"/>
      </concept>
      <concept>
        <code value="462983001"/>
        <display value="liquid-crystal patient thermometer"/>
      </concept>
      <concept>
        <code value="118376009"/>
        <display value="thermocouple"/>
      </concept>
    </include>
    <include>
      <system value="http://fhir.org/guides/hspc/CodeSystem/bodytempmethoddevice"/>
    </include>
  </compose>
</ValueSet>