<?xml version="1.0" encoding="UTF-8"?><StructureDefinition xmlns="http://hl7.org/fhir"><id value="argo-birthsex"/><text><status value="generated"/><div xmlns="http://www.w3.org/1999/xhtml"><p><b>Generated Narrative with Details</b></p><p><b>url</b>: <a href="http://fhir.org/guides/argonaut/StructureDefinition/argo-birthsex">http://fhir.org/guides/argonaut/StructureDefinition/argo-birthsex</a></p><p><b>name</b>: Sex of patient assigned at birth</p><p><b>status</b>: DRAFT</p><p><b>date</b>: 18/10/2016 12:00:00 AM</p><p><b>publisher</b>: Argonaut Project</p><h3>Contacts</h3><table class="grid"><tr><td>-</td><td><b>Telecom</b></td></tr><tr><td>*</td><td>http://argonautwiki.hl7.org</td></tr></table><p><b>description</b>: A code classifying the person&#39;s sex assigned at birth  as specified by the [Office of the National Coordinator for Health IT (ONC)](https://www.healthit.gov/newsroom/about-onc).</p><p><b>url</b>: <a href="http://fhir.org/guides/argonaut/StructureDefinition/argo-birthsex">http://fhir.org/guides/argonaut/StructureDefinition/argo-birthsex</a></p><p><b>name</b>: Sex of patient assigned at birth</p><p><b>status</b>: DRAFT</p><p><b>publisher</b>: Argonaut Project</p><h3>Contacts</h3><table class="grid"><tr><td>-</td><td><b>Telecom</b></td></tr><tr><td>*</td><td>http://argonautwiki.hl7.org</td></tr></table><p><b>date</b>: 18/10/2016 12:00:00 AM</p><p><b>description</b>: A code classifying the person&#39;s sex assigned at birth  as specified by the [Office of the National Coordinator for Health IT (ONC)](https://www.healthit.gov/newsroom/about-onc).</p><p><b>fhirVersion</b>: 1.0.2</p><h3>Mappings</h3><table class="grid"><tr><td>-</td><td><b>Identity</b></td><td><b>Uri</b></td><td><b>Name</b></td></tr><tr><td>*</td><td>rim</td><td><a href="http://hl7.org/v3">http://hl7.org/v3</a></td><td>RIM</td></tr></table><p><b>kind</b>: COMPLEXTYPE</p><p><b>abstract</b>: false</p><p><b>contextType</b>: RESOURCE</p><p><b>context</b>: Patient</p><h3>Snapshots</h3><table class="grid"><tr><td>-</td><td><b>Element</b></td></tr><tr><td>*</td><td>todo-bundle</td></tr></table><h3>Differentials</h3><table class="grid"><tr><td>-</td><td><b>Element</b></td></tr><tr><td>*</td><td>todo-bundle</td></tr></table></div></text><url value="http://fhir.org/guides/argonaut/StructureDefinition/argo-birthsex"/><name value="Sex of patient assigned at birth"/><title value="Sex of patient assigned at birth"/><status value="draft"/><publisher value="Argonaut Project"/><contact><telecom><system value="other"/><value value="http://argonautwiki.hl7.org"/><rank value="0"/></telecom></contact><date value="2016-10-18T00:00:00+11:00"/><description value="A code classifying the person&#39;s sex assigned at birth  as specified by the [Office of the National Coordinator for Health IT (ONC)](https://www.healthit.gov/newsroom/about-onc)."/><fhirVersion value="1.0.2"/><mapping><identity value="rim"/><uri value="http://hl7.org/v3"/><name value="RIM"/></mapping><kind value="complex-type"/><abstract value="false"/><contextType value="resource"/><context value="Patient"/><type value="Extension"/><baseDefinition value="http://hl7.org/fhir/StructureDefinition/Extension"/><derivation value="constraint"/><snapshot><element id="birthsex"><path value="Extension"/><short value="Extension"/><definition value="A code classifying the person&#39;s sex assigned at birth  as specified by the [Office of the National Coordinator for Health IT (ONC)](https://www.healthit.gov/newsroom/about-onc)."/><comments value="The codes required are intended to present birth sex (i.e., the sex recorded on the patient’s birth certificate) and not gender identity or reassigned sex."/><min value="0"/><max value="1"/><base><path value="Extension"/><min value="0"/><max value="*"/></base><maxLength value="0"/><mustSupport value="false"/><isModifier value="false"/><isSummary value="false"/><mapping><identity value="v2"/><map value="PID-8"/></mapping><mapping><identity value="rim"/><map value="player[classCode=PSN|ANM and determinerCode=INSTANCE]/administrativeGender"/></mapping></element><element id="Extension:birthsex.id"><path value="Extension.id"/><representation value="xmlAttr"/><short value="xml:id (or equivalent in JSON)"/><definition value="unique id for the element within a resource (for internal references)."/><min value="0"/><max value="1"/><base><path value="Extension.id"/><min value="0"/><max value="1"/></base><type><code value="id"/></type><maxLength value="0"/><mustSupport value="false"/><isModifier value="false"/><isSummary value="false"/><mapping><identity value="rim"/><map value="n/a"/></mapping></element><element id="Extension:birthsex.extension"><path value="Extension.extension"/><short value="Additional Content defined by implementations"/><definition value="May be used to represent additional information that is not part of the basic definition of the element. In order to make the use of extensions safe and manageable, there is a strict set of governance  applied to the definition and use of extensions. Though any implementer is allowed to define an extension, there is a set of requirements that SHALL be met as part of the definition of the extension."/><comments value="There can be no stigma associated with the use of extensions by any application, project, or standard - regardless of the institution or jurisdiction that uses or defines the extensions.  The use of extensions is what allows the FHIR specification to retain a core level of simplicity for everyone."/><alias value="extensions"/><alias value="user content"/><min value="0"/><max value="*"/><base><path value="Extension.extension"/><min value="0"/><max value="*"/></base><type><code value="Extension"/></type><maxLength value="0"/><mustSupport value="false"/><isModifier value="false"/><isSummary value="false"/><mapping><identity value="rim"/><map value="n/a"/></mapping></element><element id="Extension:birthsex.url"><path value="Extension.url"/><representation value="xmlAttr"/><short value="identifies the meaning of the extension"/><definition value="Source of the definition for the extension code - a logical name or a URL."/><comments value="The definition may point directly to a computable or human-readable definition of the extensibility codes, or it may be a logical URI as declared in some other specification. The definition should be version specific.  This will ideally be the URI for the Resource Profile defining the extension, with the code for the extension after a #."/><min value="1"/><max value="1"/><base><path value="Extension.url"/><min value="1"/><max value="1"/></base><type><code value="uri"/></type><fixedUri value="http://fhir.org/guides/argonaut/StructureDefinition/argo-birthsex"/><maxLength value="0"/><mustSupport value="false"/><isModifier value="false"/><isSummary value="false"/><mapping><identity value="rim"/><map value="N/A"/></mapping></element><element id="Extension:birthsex.valueCode"><path value="Extension.valueCode"/><short value="Value of extension"/><definition value="Value of extension - may be a resource or one of a constrained set of the data types (see Extensibility in the spec for list)."/><min value="0"/><max value="1"/><base><path value="Extension.value[x]"/><min value="0"/><max value="1"/></base><type><code value="code"/></type><maxLength value="0"/><mustSupport value="false"/><isModifier value="false"/><isSummary value="false"/><binding><strength value="required"/><description value="Code for sex assigned at birth"/><valueSetReference><reference value="http://fhir.org/guides/argonaut/ValueSet/usrealm-birthsex"/></valueSetReference></binding><mapping><identity value="rim"/><map value="N/A"/></mapping></element></snapshot><differential><element id="birthsex"><path value="Extension"/><definition value="A code classifying the person&#39;s sex assigned at birth  as specified by the [Office of the National Coordinator for Health IT (ONC)](https://www.healthit.gov/newsroom/about-onc)."/><comments value="The codes required are intended to present birth sex (i.e., the sex recorded on the patient’s birth certificate) and not gender identity or reassigned sex."/><min value="0"/><max value="1"/><maxLength value="0"/><mustSupport value="false"/><isModifier value="false"/><isSummary value="false"/><mapping><identity value="v2"/><map value="PID-8"/></mapping><mapping><identity value="rim"/><map value="player[classCode=PSN|ANM and determinerCode=INSTANCE]/administrativeGender"/></mapping></element><element id="Extension:birthsex.url"><path value="Extension.url"/><min value="0"/><fixedUri value="http://fhir.org/guides/argonaut/StructureDefinition/argo-birthsex"/><maxLength value="0"/><mustSupport value="false"/><isModifier value="false"/><isSummary value="false"/></element><element id="Extension:birthsex.valueCode"><path value="Extension.valueCode"/><min value="0"/><type><code value="code"/></type><maxLength value="0"/><mustSupport value="false"/><isModifier value="false"/><isSummary value="false"/><binding><strength value="required"/><description value="Code for sex assigned at birth"/><valueSetReference><reference value="http://fhir.org/guides/argonaut/ValueSet/usrealm-birthsex"/></valueSetReference></binding></element></differential></StructureDefinition>