<?xml version="1.0" encoding="UTF-8"?><ValueSet xmlns="http://hl7.org/fhir"><id value="detailed-race"/><text><status value="generated"/><div xmlns="http://www.w3.org/1999/xhtml"><h2>US-Core Detailed Race</h2><div><p>The 900+ <a href="http://www.cdc.gov/phin/resources/vocabulary/index.html">CDC Race codes</a> that are grouped under one of the 5 OMB race category codes.</p>
</div><p>This value set includes codes from the following code systems:</p><ul><li/><li>Import all the codes that are contained in <a href="http://hl7.org/fhir/DSTU2/v3/Race/index.html">http://hl7.org/fhir/ValueSet/v3-Race</a></li><li>Exclude these codes as defined in <a href="http://hl7.org/fhir/DSTU2/v3/Race/index.html">http://hl7.org/fhir/v3/Race</a><table class="none"><tr><td><b>Code</b></td><td><b>Display</b></td></tr><tr><td>1002-5</td><td>American Indian or Alaska Native</td><td>American Indian or Alaska Native</td></tr><tr><td>2028-9</td><td>Asian</td><td>Asian</td></tr><tr><td>2054-5</td><td>Black or African American</td><td>Black or African American</td></tr><tr><td>2076-8</td><td>Native Hawaiian or Other Pacific Islander</td><td>Native Hawaiian or Other Pacific Islander</td></tr><tr><td>2106-3</td><td>White</td><td>White</td></tr></table></li></ul></div></text><url value="http://fhir.org/guides/argonaut/ValueSet/detailed-race"/><name value="US-Core Detailed Race"/><status value="draft"/><publisher value="Argonaut Project"/><contact><telecom><system value="other"/><value value="http://argonautwiki.hl7.org"/></telecom></contact><date value="2016-08-30T00:00:00+10:00"/><description value="The 900+ [CDC Race codes](http://www.cdc.gov/phin/resources/vocabulary/index.html) that are grouped under one of the 5 OMB race category codes."/><immutable value="false"/><extensible value="false"/><compose><include><valueSet value="http://hl7.org/fhir/ValueSet/v3-Race"/></include><exclude><system value="http://hl7.org/fhir/v3/Race"/><concept><code value="1002-5"/></concept><concept><code value="2028-9"/></concept><concept><code value="2054-5"/></concept><concept><code value="2076-8"/></concept><concept><code value="2106-3"/></concept></exclude></compose></ValueSet>