<?xml version="1.0" encoding="UTF-8"?><ValueSet xmlns="http://hl7.org/fhir"><id value="detailed-ethnicity"/><text><status value="generated"/><div xmlns="http://www.w3.org/1999/xhtml"><h2>US-Core Detailed ethnicity</h2><div><p>The 41 <a href="http://www.cdc.gov/phin/resources/vocabulary/index.html">CDC ethnicity codes</a> that are grouped under one of the 2 OMB ethnicity category codes.</p>
</div><p>This value set includes codes from the following code systems:</p><ul><li/><li>Import all the codes that are contained in <a href="http://hl7.org/fhir/DSTU2/v3/Ethnicity/index.html">http://hl7.org/fhir/ValueSet/v3-Ethnicity</a></li><li>Exclude these codes as defined in <a href="http://hl7.org/fhir/DSTU2/v3/Ethnicity/index.html">http://hl7.org/fhir/v3/Ethnicity</a><table class="none"><tr><td><b>Code</b></td><td><b>Display</b></td></tr><tr><td>2135-2</td><td>Hispanic or Latino</td><td>Hispanic or Latino</td></tr><tr><td>2186-5</td><td>Not Hispanic or Latino</td><td>Note that this term remains in the table for completeness, even though within HL7, the notion of &quot;not otherwise coded&quot; term is deprecated.</td></tr></table></li></ul></div></text><url value="http://fhir.org/guides/argonaut/ValueSet/detailed-ethnicity"/><name value="US-Core Detailed ethnicity"/><status value="draft"/><publisher value="Argonaut Project"/><contact><telecom><system value="other"/><value value="http://argonautwiki.hl7.org"/></telecom></contact><date value="2016-08-30T00:00:00+10:00"/><description value="The 41 [CDC ethnicity codes](http://www.cdc.gov/phin/resources/vocabulary/index.html) that are grouped under one of the 2 OMB ethnicity category codes."/><immutable value="false"/><extensible value="false"/><compose><include><valueSet value="http://hl7.org/fhir/ValueSet/v3-Ethnicity"/></include><exclude><system value="http://hl7.org/fhir/v3/Ethnicity"/><concept><code value="2135-2"/></concept><concept><code value="2186-5"/></concept></exclude></compose></ValueSet>