<?xml version="1.0" encoding="UTF-8"?><ValueSet xmlns="http://hl7.org/fhir"><id value="substance"/><meta><lastUpdated value="2016-05-25T16:59:08.025+10:00"/></meta><text><status value="generated"/><div xmlns="http://www.w3.org/1999/xhtml"><h2>Argonaut Substance-Reactant for Intolerance and Negation Codes</h2><div><p>A substance or other type of agent (e.g., sunshine) that may be associated with an intolerance reaction event or a propensity to such an event. These concepts are expected to be at a more general level of abstraction (ingredients versus more specific formulations). This value set is quite general and includes concepts that may never cause an adverse event, particularly the included SNOMED CT concepts. The code system-specific value sets in this grouping value set are intended to provide broad coverage of all kinds of agents, but the expectation for use is that the chosen concept identifier for a substance should be appropriately specific and drawn from the available code systems in the following priority order: NDFRT, then RXNORM, then SNOMED CT. This overarching grouping value set is intended to support identification of drug classes, individual medication ingredients, foods, general substances and environmental entities</p>
</div><p><b>Copyright Statement:</b> This value set includes content from SNOMED CT, which is copyright © 2002+ International Health Terminology Standards Development Organisation (IHTSDO), and distributed by agreement between IHTSDO and HL7. Implementer use of SNOMED CT is not covered by this agreement</p><p>This value set includes codes from the following code systems:</p><ul><li/><li>Import all the codes that are contained in <a href="ValueSet-substance-ndfrt.html">http://fhir.org/guides/argonaut/ValueSet/substance-ndfrt</a></li><li/><li>Import all the codes that are contained in <a href="ValueSet-substance-rxnorm.html">http://fhir.org/guides/argonaut/ValueSet/substance-rxnorm</a></li><li/><li>Import all the codes that are contained in <a href="ValueSet-substance-sct.html">http://fhir.org/guides/argonaut/ValueSet/substance-sct</a></li><li>Include these codes as defined in http://snomed.info/sct<table class="none"><tr><td><b>Code</b></td><td><b>Display</b></td></tr><tr><td>160244002</td><td>No Known Allergies</td><td/></tr><tr><td>429625007</td><td>No Known Food Allergies</td><td/></tr><tr><td>409137002</td><td>No Known Drug Allergies</td><td/></tr><tr><td>428607008</td><td>No Known Environmental Allergy</td><td/></tr></table></li></ul></div></text><url value="http://fhir.org/guides/argonaut/ValueSet/substance"/><version value="1.6.0"/><name value="Argonaut Substance-Reactant for Intolerance and Negation Codes"/><status value="draft"/><experimental value="true"/><publisher value="Argonaut Project"/><contact><telecom><system value="other"/><value value="http://argonautwiki.hl7.org"/></telecom></contact><date value="2016-10-18T00:00:00+11:00"/><description value="A substance or other type of agent (e.g., sunshine) that may be associated with an intolerance reaction event or a propensity to such an event. These concepts are expected to be at a more general level of abstraction (ingredients versus more specific formulations). This value set is quite general and includes concepts that may never cause an adverse event, particularly the included SNOMED CT concepts. The code system-specific value sets in this grouping value set are intended to provide broad coverage of all kinds of agents, but the expectation for use is that the chosen concept identifier for a substance should be appropriately specific and drawn from the available code systems in the following priority order: NDFRT, then RXNORM, then SNOMED CT. This overarching grouping value set is intended to support identification of drug classes, individual medication ingredients, foods, general substances and environmental entities"/><immutable value="false"/><copyright value="This value set includes content from SNOMED CT, which is copyright © 2002+ International Health Terminology Standards Development Organisation (IHTSDO), and distributed by agreement between IHTSDO and HL7. Implementer use of SNOMED CT is not covered by this agreement"/><extensible value="false"/><compose><include><valueSet value="http://fhir.org/guides/argonaut/ValueSet/substance-ndfrt"/></include><include><valueSet value="http://fhir.org/guides/argonaut/ValueSet/substance-rxnorm"/></include><include><valueSet value="http://fhir.org/guides/argonaut/ValueSet/substance-sct"/></include><include><system value="http://snomed.info/sct"/><concept><code value="160244002"/><display value="No Known Allergies"/></concept><concept><code value="429625007"/><display value="No Known Food Allergies"/></concept><concept><code value="409137002"/><display value="No Known Drug Allergies"/></concept><concept><code value="428607008"/><display value="No Known Environmental Allergy"/></concept></include></compose></ValueSet>