<?xml version="1.0" encoding="UTF-8"?><ValueSet xmlns="http://hl7.org/fhir"><id value="condition-category"/><text><status value="generated"/><div xmlns="http://www.w3.org/1999/xhtml"><h2>Argonaut Condition Category Codes</h2><div><p>This value set includes codes from the  http://hl7.org/fhir/condition-category code system and  the  Argonaut Project extension codes  &#39;problems&#39; and &#39;health-concerns&#39;.</p>
</div><p>This value set includes codes from the following code systems:</p><ul><li>Include all codes defined in <a href="http://hl7.org/fhir/DSTU2/valueset-condition-category.html">http://hl7.org/fhir/condition-category</a></li><li>Include these codes as defined in http://argonaut.hl7.org<table class="none"><tr><td><b>Code</b></td><td><b>Display</b></td></tr><tr><td>problem</td><td>Problem</td><td/></tr><tr><td>health-concern</td><td>Health Concern</td><td/></tr></table></li></ul></div></text><url value="http://fhir.org/guides/argonaut/ValueSet/condition-category"/><name value="Argonaut Condition Category Codes"/><status value="draft"/><publisher value="Argonaut Project"/><contact><telecom><system value="other"/><value value="http://argonautwiki.hl7.org"/></telecom></contact><date value="2016-10-18T00:00:00+11:00"/><description value="This value set includes codes from the  http://hl7.org/fhir/condition-category code system and  the  Argonaut Project extension codes  &#39;problems&#39; and &#39;health-concerns&#39;."/><immutable value="false"/><purpose value="Codes that are needed for implementation of the Argonaut Project Problem and Health Concern IGs."/><extensible value="false"/><compose><include><system value="http://hl7.org/fhir/condition-category"/></include><include><system value="http://argonaut.hl7.org"/><concept><code value="problem"/><display value="Problem"/></concept><concept><code value="health-concern"/><display value="Health Concern"/></concept></include></compose></ValueSet>