<?xml version="1.0" encoding="UTF-8"?><ValueSet xmlns="http://hl7.org/fhir"><id value="substance-ndfrt"/><text><status value="generated"/><div xmlns="http://www.w3.org/1999/xhtml"><h2>DAF Substance ND-FRT codes</h2><div><p>All ND-FRT NUIs for concepts that are subsumed by &#39;Mechanism of Action - N0000000223&#39;, &#39;Physiologic Effect - N0000009802&#39; or &#39;Chemical Structure - N0000000002&#39;.</p>
</div><p>This value set includes codes from the following code systems:</p><ul><li>Include codes from http://hl7.org/fhir/ndfrt where concept  is-a  N0000000223</li><li>Include codes from http://hl7.org/fhir/ndfrt where concept  is-a  N0000009802</li><li>Include codes from http://hl7.org/fhir/ndfrt where concept  is-a  N0000000002</li></ul></div></text><url value="http://fhir.org/guides/argonaut/ValueSet/substance-ndfrt"/><name value="DAF Substance ND-FRT codes"/><status value="draft"/><publisher value="Argonaut Project"/><contact><telecom><system value="other"/><value value="http://argonautwiki.hl7.org"/></telecom></contact><date value="2016-10-18T00:00:00+11:00"/><description value="All ND-FRT NUIs for concepts that are subsumed by &#39;Mechanism of Action - N0000000223&#39;, &#39;Physiologic Effect - N0000009802&#39; or &#39;Chemical Structure - N0000000002&#39;."/><immutable value="false"/><extensible value="false"/><compose><include><system value="http://hl7.org/fhir/ndfrt"/><filter><property value="concept"/><op value="is-a"/><value value="N0000000223"/></filter></include><include><system value="http://hl7.org/fhir/ndfrt"/><filter><property value="concept"/><op value="is-a"/><value value="N0000009802"/></filter></include><include><system value="http://hl7.org/fhir/ndfrt"/><filter><property value="concept"/><op value="is-a"/><value value="N0000000002"/></filter></include></compose></ValueSet>