<?xml version="1.0" encoding="UTF-8"?><ValueSet xmlns="http://hl7.org/fhir"><id value="omb-ethnicity"/><text><status value="generated"/><div xmlns="http://www.w3.org/1999/xhtml"><h2>OMB Ethnicity Categories</h2><div><p>The codes for the ethnicity categories - &#39;Hispanic or Latino&#39; and &#39;Non Hispanic or Latino&#39; - as defined by the <a href="https://www.whitehouse.gov/omb/fedreg_1997standards">OMB Standards for Maintaining, Collecting, and Presenting Federal Data on Race and Ethnicity, Statistical Policy Directive No. 15, as revised, October 30, 1997</a>.</p>
</div><p>This value set includes codes from the following code systems:</p><ul><li>Include these codes as defined in http://hl7.org/fhir/ValueSet/v3-Ethnicity<table class="none"><tr><td><b>Code</b></td><td><b>Display</b></td></tr><tr><td>2135-2</td><td>Hispanic or Latino</td><td/></tr><tr><td>2186-5</td><td>Non Hispanic or Latino</td><td/></tr></table></li></ul></div></text><url value="http://fhir.org/guides/argonaut/ValueSet/omb-ethnicity"/><name value="OMB Ethnicity Categories"/><status value="draft"/><publisher value="Argonaut Project"/><contact><telecom><system value="other"/><value value="http://argonautwiki.hl7.org"/></telecom></contact><date value="2016-08-30T00:00:00+10:00"/><description value="The codes for the ethnicity categories - &#39;Hispanic or Latino&#39; and &#39;Non Hispanic or Latino&#39; - as defined by the [OMB Standards for Maintaining, Collecting, and Presenting Federal Data on Race and Ethnicity, Statistical Policy Directive No. 15, as revised, October 30, 1997](https://www.whitehouse.gov/omb/fedreg_1997standards)."/><immutable value="false"/><extensible value="false"/><compose><include><system value="http://hl7.org/fhir/ValueSet/v3-Ethnicity"/><concept><code value="2135-2"/><display value="Hispanic or Latino"/></concept><concept><code value="2186-5"/><display value="Non Hispanic or Latino"/></concept></include></compose></ValueSet>