<?xml version="1.0" encoding="UTF-8"?><ValueSet xmlns="http://hl7.org/fhir"><id value="procedure-type"/><text><status value="generated"/><div xmlns="http://www.w3.org/1999/xhtml"><h2> Argonaut ProcedureType</h2><div><p>This example value set defines a set of codes that can be used to indicate the type of procedure: a specific code indicating type of procedure performed, from CPT or SNOMED CT.</p>
</div><p><b>Copyright Statement:</b> CPT copyright 2014 American Medical Association. All rights reserved. This value set includes content from SNOMED CT, which is copyright © 2002+ International Health Terminology Standards Development Organisation (IHTSDO), and distributed by agreement between IHTSDO and HL7. Implementer use of SNOMED CT is not covered by this agreement</p><p>This value set includes codes from the following code systems:</p><ul><li>Include all codes defined in http://www.ama-assn.org/go/cpt</li><li>Include codes from http://snomed.info/sct where concept  is-a  71388002 (Procedure)</li></ul></div></text><url value="http://fhir.org/guides/argonaut/ValueSet/procedure-type"/><name value=" Argonaut ProcedureType"/><status value="draft"/><experimental value="true"/><publisher value="Argonaut Project"/><contact><telecom><system value="other"/><value value="http://argonautwiki.hl7.org"/></telecom></contact><date value="2016-05-25T16:59:08+10:00"/><description value="This example value set defines a set of codes that can be used to indicate the type of procedure: a specific code indicating type of procedure performed, from CPT or SNOMED CT."/><immutable value="false"/><copyright value="CPT copyright 2014 American Medical Association. All rights reserved. This value set includes content from SNOMED CT, which is copyright © 2002+ International Health Terminology Standards Development Organisation (IHTSDO), and distributed by agreement between IHTSDO and HL7. Implementer use of SNOMED CT is not covered by this agreement"/><extensible value="false"/><compose><include><system value="http://www.ama-assn.org/go/cpt"/></include><include><system value="http://snomed.info/sct"/><filter><property value="concept"/><op value="is-a"/><value value="71388002"/></filter></include></compose></ValueSet>