<?xml version="1.0" encoding="UTF-8"?><ValueSet xmlns="http://hl7.org/fhir"><id value="vacc-status"/><text><status value="generated"/><div xmlns="http://www.w3.org/1999/xhtml"><h2>Argonaut Immunization Status</h2><div><p>Immunization codes constrained from the DSTU2 core to include only &#39;completed&#39; and &#39;enter-in-error&#39;  which are the only two clinically relevent values.</p>
</div><p>This value set includes codes from the following code systems:</p><ul><li>Include these codes as defined in <a href="http://hl7.org/fhir/DSTU2/valueset-medication-admin-status.html">http://hl7.org/fhir/medication-admin-status</a><table class="none"><tr><td><b>Code</b></td><td><b>Display</b></td></tr><tr><td>completed</td><td>Completed</td><td>All actions that are implied by the administration have occurred.</td></tr><tr><td>entered-in-error</td><td>Entered in Error</td><td>The administration was entered in error and therefore nullified.</td></tr></table></li></ul></div></text><url value="http://fhir.org/guides/argonaut/ValueSet/vacc-status"/><name value="Argonaut Immunization Status"/><status value="draft"/><publisher value="Argonaut Project"/><contact><telecom><system value="other"/><value value="http://argonautwiki.hl7.org"/></telecom></contact><date value="2016-10-18T00:00:00+11:00"/><description value="Immunization codes constrained from the DSTU2 core to include only &#39;completed&#39; and &#39;enter-in-error&#39;  which are the only two clinically relevent values."/><immutable value="false"/><purpose value="Codes that may be used for implementation of the Argonaut Immunization IG and MU2015 certification."/><extensible value="false"/><compose><include><system value="http://hl7.org/fhir/medication-admin-status"/><concept><code value="completed"/><display value="Completed"/><designation><value value="All actions that are implied by the administration have occurred"/></designation></concept><concept><code value="entered-in-error"/><display value="Entered in Error"/><designation><value value="The administration was entered in error and therefore nullified"/></designation></concept></include></compose></ValueSet>