<?xml version="1.0" encoding="UTF-8"?><ValueSet xmlns="http://hl7.org/fhir"><id value="procedure-icd10pcs"/><text><status value="generated"/><div xmlns="http://www.w3.org/1999/xhtml"><h2>Argonaut Procedure Type ICD-10-PCS Codes</h2><div><p>This value set defines a set of codes from ICD10-PCS that can be used to indicate a type of procedure performed</p>
</div><p><b>Copyright Statement:</b> The International Classification of Diseases, Tenth Revision, Procedure Coding System (ICD-10-PCS) was developed for the Centers for Medicare and Medicaid Services (CMS).  CMS is the U.S. governmental agency responsible for overseeing all changes and modifications to the ICD-10-PCS.</p><p>This value set includes codes from the following code systems:</p><ul><li>Include all codes defined in http://www.icd10data.com/icd10pcs</li></ul></div></text><url value="http://fhir.org/guides/argonaut/ValueSet/procedure-icd10pcs"/><name value="Argonaut Procedure Type ICD-10-PCS Codes"/><status value="draft"/><experimental value="true"/><publisher value="Argonaut Project"/><contact><telecom><system value="other"/><value value="http://argonautwiki.hl7.org"/></telecom></contact><date value="2016-08-10T00:00:00+10:00"/><description value="This value set defines a set of codes from ICD10-PCS that can be used to indicate a type of procedure performed"/><immutable value="false"/><copyright value="The International Classification of Diseases, Tenth Revision, Procedure Coding System (ICD-10-PCS) was developed for the Centers for Medicare and Medicaid Services (CMS).  CMS is the U.S. governmental agency responsible for overseeing all changes and modifications to the ICD-10-PCS."/><extensible value="false"/><compose><include><system value="http://www.icd10data.com/icd10pcs"/></include></compose></ValueSet>