<?xml version="1.0" encoding="UTF-8"?><ValueSet xmlns="http://hl7.org/fhir"><id value="narrative-status"/><text><status value="generated"/><div xmlns="http://www.w3.org/1999/xhtml"><h2>Narrative Status</h2><div><p>This value set limits the text status for the resource narrative.</p>
</div><p><b>Copyright Statement:</b> HL7</p><p>This value set includes codes from the following code systems:</p><ul><li>Include these codes as defined in <a href="http://hl7.org/fhir/DSTU2/valueset-narrative-status.html">http://hl7.org/fhir/narrative-status</a><table class="none"><tr><td><b>Code</b></td><td><b>Display</b></td></tr><tr><td>additional</td><td>additional</td><td>The contents of the narrative contain additional information not found in the structured data</td></tr><tr><td>generated</td><td>generated</td><td>The contents of the narrative are entirely generated from the structured data in the content.</td></tr></table></li></ul></div></text><url value="http://fhir.org/guides/argonaut/ValueSet/narrative-status"/><name value="Narrative Status"/><status value="draft"/><publisher value="Argonaut Project"/><contact><telecom><system value="other"/><value value="http://argonautwiki.hl7.org"/></telecom></contact><date value="2016-10-18T00:00:00+11:00"/><description value="This value set limits the text status for the resource narrative."/><immutable value="false"/><copyright value="HL7"/><extensible value="false"/><compose><include><system value="http://hl7.org/fhir/narrative-status"/><concept><code value="additional"/><display value="additional"/></concept><concept><code value="generated"/><display value="generated"/></concept></include></compose></ValueSet>