<?xml version="1.0" encoding="UTF-8"?><ValueSet xmlns="http://hl7.org/fhir"><id value="substance-rxnorm"/><text><status value="generated"/><div xmlns="http://www.w3.org/1999/xhtml"><h2>DAF Substance RxNorm Codes</h2><div><p>All RxNorm codes that have TTY = IN,PIN,MIN,BN, but TTY != OCD.</p>
</div><p>This value set includes codes from the following code systems:</p><ul><li>Include codes from http://www.nlm.nih.gov/research/umls/rxnorm where TTY  in  IN,PIN,MIN,BN</li><li>Exclude codes from http://www.nlm.nih.gov/research/umls/rxnorm where TTY  =  OCD</li></ul></div></text><url value="http://fhir.org/guides/argonaut/ValueSet/substance-rxnorm"/><name value="DAF Substance RxNorm Codes"/><status value="draft"/><publisher value="Argonaut Project"/><contact><telecom><system value="other"/><value value="http://argonautwiki.hl7.org"/></telecom></contact><date value="2016-10-18T00:00:00+11:00"/><description value="All RxNorm codes that have TTY = IN,PIN,MIN,BN, but TTY != OCD."/><immutable value="false"/><extensible value="false"/><compose><include><system value="http://www.nlm.nih.gov/research/umls/rxnorm"/><filter><property value="TTY"/><op value="in"/><value value="IN,PIN,MIN,BN"/></filter></include><exclude><system value="http://www.nlm.nih.gov/research/umls/rxnorm"/><filter><property value="TTY"/><op value="="/><value value="OCD"/></filter></exclude></compose></ValueSet>