<?xml version="1.0" encoding="UTF-8"?><ValueSet xmlns="http://hl7.org/fhir"><id value="ucum-vitals-common"/><text><status value="generated"/><div xmlns="http://www.w3.org/1999/xhtml"><h2>Argonaut Vital Signs Units</h2><div><p>This value set includes most codes from the  http://hl7.org/fhir/ValueSet/daf-ucum-vitals-common valueset and adds inches, pounds, grams and degree Fahrenheit to support English units of measures.</p>
</div><p>This value set includes codes from the following code systems:</p><ul><li/><li>Import all the codes that are contained in <a href="http://hl7.org/fhir/DSTU2/daf/valueset-daf-ucum-vitals-common.html">http://hl7.org/fhir/ValueSet/daf-ucum-vitals-common</a></li><li>Include these codes as defined in http://unitsofmeasure.org<table class="none"><tr><td><b>Code</b></td><td><b>Display</b></td></tr><tr><td>[in_i]</td><td>inch (international)</td><td/></tr><tr><td>[lb_av]</td><td>pound (US and British)</td><td/></tr><tr><td>[degF]</td><td>degree Fahrenheit</td><td/></tr><tr><td>g</td><td>gram</td><td/></tr></table></li></ul></div></text><url value="http://fhir.org/guides/argonaut/ValueSet/ucum-vitals-common"/><name value="Argonaut Vital Signs Units"/><status value="draft"/><publisher value="Argonaut Project"/><contact><telecom><system value="other"/><value value="http://argonautwiki.hl7.org"/></telecom></contact><date value="2016-05-26T00:00:00+10:00"/><description value="This value set includes most codes from the  http://hl7.org/fhir/ValueSet/daf-ucum-vitals-common valueset and adds inches, pounds, grams and degree Fahrenheit to support English units of measures."/><immutable value="false"/><purpose value="Codes that are needed for implementation of the Argonaut Vital Signs IG and MU2015 certification."/><extensible value="false"/><compose><include><valueSet value="http://hl7.org/fhir/ValueSet/daf-ucum-vitals-common"/></include><include><system value="http://unitsofmeasure.org"/><concept><code value="[in_i]"/><display value="inch (international)"/></concept><concept><code value="[lb_av]"/><display value="pound (US and British)"/></concept><concept><code value="[degF]"/><display value="degree Fahrenheit"/></concept><concept><code value="g"/><display value="gram"/></concept></include></compose></ValueSet>