<?xml version="1.0" encoding="UTF-8"?><CodeSystem xmlns="http://hl7.org/fhir"><id value="HBDrinkSize"/><text><status value="generated"/><div xmlns="http://www.w3.org/1999/xhtml"><p>This code system http://fhir.org/guides/acme/HotBeverage/CodeSystem/HBDrinkSize defines the following codes:</p><table class="codes"><tr><td style="white-space:nowrap"><b>Code</b></td><td><b>Display</b></td><td><b>Definition</b></td></tr><tr><td style="white-space:nowrap">SMALL<a name="HBDrinkSize-SMALL"> </a></td><td>Small</td><td>You call that a coffee?</td></tr><tr><td style="white-space:nowrap">MED<a name="HBDrinkSize-MED"> </a></td><td>Medium</td><td>Not enough</td></tr><tr><td style="white-space:nowrap">LARGE<a name="HBDrinkSize-LARGE"> </a></td><td>Large</td><td>That will get you started</td></tr><tr><td style="white-space:nowrap">XLARGE<a name="HBDrinkSize-XLARGE"> </a></td><td>Extra Large</td><td>Single meeting size</td></tr><tr><td style="white-space:nowrap">PROG<a name="HBDrinkSize-PROG"> </a></td><td>Programmer size</td><td>Just over a pot</td></tr></table></div></text><url value="http://fhir.org/guides/acme/HotBeverage/CodeSystem/HBDrinkSize"/><version value="1.4.2022"/><name value="HBDrinkSize"/><title value="Drink Size"/><status value="active"/><date value="2022-03-29T15:50:36+11:00"/><publisher value="Dave Pyke &amp; John Moehrke"/><contact><name value="Dave Pyke &amp; John Moehrke"/><telecom><system value="url"/><value value="https://github.com/DavidPyke/HotBeverage"/></telecom><telecom><system value="email"/><value value="david@pyke.ca"/></telecom></contact><contact><name value="David Pyke"/><telecom><system value="email"/><value value="david@pyke.ca"/><use value="work"/></telecom></contact><contact><name value="John Moehrke"/><telecom><system value="email"/><value value="JohnMoehrke@gmail.com"/><use value="work"/></telecom></contact><description value="How much did you want?"/><jurisdiction><coding><system value="http://unstats.un.org/unsd/methods/m49/m49.htm"/><code value="001"/></coding></jurisdiction><caseSensitive value="false"/><content value="complete"/><count value="5"/><concept><code value="SMALL"/><display value="Small"/><definition value="You call that a coffee?"/></concept><concept><code value="MED"/><display value="Medium"/><definition value="Not enough"/></concept><concept><code value="LARGE"/><display value="Large"/><definition value="That will get you started"/></concept><concept><code value="XLARGE"/><display value="Extra Large"/><definition value="Single meeting size"/></concept><concept><code value="PROG"/><display value="Programmer size"/><definition value="Just over a pot"/></concept></CodeSystem>