<?xml version="1.0" encoding="UTF-8"?><CodeSystem xmlns="http://hl7.org/fhir"><id value="HBSpice"/><text><status value="generated"/><div xmlns="http://www.w3.org/1999/xhtml"><p>This code system http://fhir.org/guides/acme/HotBeverage/CodeSystem/HBSpice defines the following codes:</p><table class="codes"><tr><td style="white-space:nowrap"><b>Code</b></td><td><b>Display</b></td></tr><tr><td style="white-space:nowrap">CINNAMON<a name="HBSpice-CINNAMON"> </a></td><td>cinnamon</td></tr><tr><td style="white-space:nowrap">NUTMEG<a name="HBSpice-NUTMEG"> </a></td><td>nutmeg</td></tr><tr><td style="white-space:nowrap">LAVENDER<a name="HBSpice-LAVENDER"> </a></td><td>lavender</td></tr><tr><td style="white-space:nowrap">CARDAMOM<a name="HBSpice-CARDAMOM"> </a></td><td>cardamom</td></tr><tr><td style="white-space:nowrap">SALT<a name="HBSpice-SALT"> </a></td><td>salt</td></tr></table></div></text><url value="http://fhir.org/guides/acme/HotBeverage/CodeSystem/HBSpice"/><version value="1.4.2022"/><name value="HBSpice"/><title value="Spice List"/><status value="active"/><date value="2022-03-29T15:50:36+11:00"/><publisher value="Dave Pyke &amp; John Moehrke"/><contact><name value="Dave Pyke &amp; John Moehrke"/><telecom><system value="url"/><value value="https://github.com/DavidPyke/HotBeverage"/></telecom><telecom><system value="email"/><value value="david@pyke.ca"/></telecom></contact><contact><name value="David Pyke"/><telecom><system value="email"/><value value="david@pyke.ca"/><use value="work"/></telecom></contact><contact><name value="John Moehrke"/><telecom><system value="email"/><value value="JohnMoehrke@gmail.com"/><use value="work"/></telecom></contact><description value="Spice to be added, if desired"/><jurisdiction><coding><system value="http://unstats.un.org/unsd/methods/m49/m49.htm"/><code value="001"/></coding></jurisdiction><caseSensitive value="false"/><content value="complete"/><count value="5"/><concept><code value="CINNAMON"/><display value="cinnamon"/></concept><concept><code value="NUTMEG"/><display value="nutmeg"/></concept><concept><code value="LAVENDER"/><display value="lavender"/></concept><concept><code value="CARDAMOM"/><display value="cardamom"/></concept><concept><code value="SALT"/><display value="salt"/></concept></CodeSystem>