<?xml version="1.0" encoding="UTF-8"?><ImplementationGuide xmlns="http://hl7.org/fhir"><id value="fhir.acme.hotbeverage"/><text><status value="extensions"/><div xmlns="http://www.w3.org/1999/xhtml"><h2>HotBeverage</h2><p>The official URL for this implementation guide is: </p><pre>http://fhir.org/guides/acme/HotBeverage/ImplementationGuide/fhir.acme.hotbeverage</pre><div><p>Based on IETF <a href="https://tools.ietf.org/html/rfc2324">RFC 2324 - Hyper Text Coffee Pot Control Protocol (HTCPCP/1.0)</a> and its update, <a href="https://tools.ietf.org/html/rfc7168">RFC 7168 - The Hyper Text Coffee Pot Control Protocol for Tea Efflux Appliances (HTCPCP-TEA)</a>, this resource allows for the fulfillment of a device request for an artfully brewed caffeinated beverage, but coffee shares this quality with many other varied preparations based on the filtration of plant material.  Foremost, among these are the category of brews based on the straining of water through prepared leaves from a tea tree.</p>
</div></div></text><url value="http://fhir.org/guides/acme/HotBeverage/ImplementationGuide/fhir.acme.hotbeverage"/><version value="1.4.2022"/><name value="HotBeverage"/><title value="HotBeverage FHIR Implementation Guide"/><status value="active"/><date value="2022-04-01"/><publisher value="Dave Pyke &amp; John Moehrke"/><contact><name value="Dave Pyke &amp; John Moehrke"/><telecom><system value="url"/><value value="https://github.com/DavidPyke/HotBeverage"/></telecom><telecom><system value="email"/><value value="david@pyke.ca"/></telecom></contact><contact><name value="David Pyke"/><telecom><system value="email"/><value value="david@pyke.ca"/><use value="work"/></telecom></contact><contact><name value="John Moehrke"/><telecom><system value="email"/><value value="JohnMoehrke@gmail.com"/><use value="work"/></telecom></contact><description value="Based on IETF [RFC 2324 - Hyper Text Coffee Pot Control Protocol (HTCPCP/1.0)](https://tools.ietf.org/html/rfc2324) and its update, [RFC 7168 - The Hyper Text Coffee Pot Control Protocol for Tea Efflux Appliances (HTCPCP-TEA)](https://tools.ietf.org/html/rfc7168), this resource allows for the fulfillment of a device request for an artfully brewed caffeinated beverage, but coffee shares this quality with many other varied preparations based on the filtration of plant material.  Foremost, among these are the category of brews based on the straining of water through prepared leaves from a tea tree."/><jurisdiction><coding><system value="http://unstats.un.org/unsd/methods/m49/m49.htm"/><code value="001"/></coding></jurisdiction><packageId value="fhir.acme.hotbeverage"/><license value="CC0-1.0"/><fhirVersion value="4.0.1"/><definition><extension url="http://hl7.org/fhir/tools/StructureDefinition/ig-parameter"><extension url="code"><valueString value="copyrightyear"/></extension><extension url="value"><valueString value="2021+"/></extension></extension><extension url="http://hl7.org/fhir/tools/StructureDefinition/ig-parameter"><extension url="code"><valueString value="releaselabel"/></extension><extension url="value"><valueString value="release"/></extension></extension><extension url="http://hl7.org/fhir/tools/StructureDefinition/ig-parameter"><extension url="code"><valueString value="show-inherited-invariants"/></extension><extension url="value"><valueString value="false"/></extension></extension><extension url="http://hl7.org/fhir/tools/StructureDefinition/ig-parameter"><extension url="code"><valueString value="usage-stats-opt-out"/></extension><extension url="value"><valueString value="false"/></extension></extension><extension url="http://hl7.org/fhir/tools/StructureDefinition/ig-parameter"><extension url="code"><valueString value="shownav"/></extension><extension url="value"><valueString value="true"/></extension></extension><extension url="http://hl7.org/fhir/tools/StructureDefinition/ig-parameter"><extension url="code"><valueString value="apply-contact"/></extension><extension url="value"><valueString value="true"/></extension></extension><extension url="http://hl7.org/fhir/tools/StructureDefinition/ig-parameter"><extension url="code"><valueString value="apply-jurisdiction"/></extension><extension url="value"><valueString value="true"/></extension></extension><extension url="http://hl7.org/fhir/tools/StructureDefinition/ig-parameter"><extension url="code"><valueString value="apply-publisher"/></extension><extension url="value"><valueString value="true"/></extension></extension><extension url="http://hl7.org/fhir/tools/StructureDefinition/ig-parameter"><extension url="code"><valueString value="apply-version"/></extension><extension url="value"><valueString value="true"/></extension></extension><extension url="http://hl7.org/fhir/tools/StructureDefinition/ig-parameter"><extension url="code"><valueString value="propagate-status"/></extension><extension url="value"><valueString value="true"/></extension></extension><extension url="http://hl7.org/fhir/tools/StructureDefinition/ig-parameter"><extension url="code"><valueString value="autoload-resources"/></extension><extension url="value"><valueString value="true"/></extension></extension><extension url="http://hl7.org/fhir/tools/StructureDefinition/ig-parameter"><extension url="code"><valueString value="path-liquid"/></extension><extension url="value"><valueString value="template/liquid"/></extension></extension><extension url="http://hl7.org/fhir/tools/StructureDefinition/ig-parameter"><extension url="code"><valueString value="path-liquid"/></extension><extension url="value"><valueString value="input/liquid"/></extension></extension><extension url="http://hl7.org/fhir/tools/StructureDefinition/ig-parameter"><extension url="code"><valueString value="path-qa"/></extension><extension url="value"><valueString value="temp/qa"/></extension></extension><extension url="http://hl7.org/fhir/tools/StructureDefinition/ig-parameter"><extension url="code"><valueString value="path-temp"/></extension><extension url="value"><valueString value="temp/pages"/></extension></extension><extension url="http://hl7.org/fhir/tools/StructureDefinition/ig-parameter"><extension url="code"><valueString value="path-output"/></extension><extension url="value"><valueString value="output"/></extension></extension><extension url="http://hl7.org/fhir/tools/StructureDefinition/ig-parameter"><extension url="code"><valueString value="path-suppressed-warnings"/></extension><extension url="value"><valueString value="input/ignoreWarnings.txt"/></extension></extension><extension url="http://hl7.org/fhir/tools/StructureDefinition/ig-parameter"><extension url="code"><valueString value="path-history"/></extension><extension url="value"><valueString value="http://fhir.org/guides/acme/HotBeverage/history.html"/></extension></extension><extension url="http://hl7.org/fhir/tools/StructureDefinition/ig-parameter"><extension url="code"><valueString value="template-html"/></extension><extension url="value"><valueString value="template-page.html"/></extension></extension><extension url="http://hl7.org/fhir/tools/StructureDefinition/ig-parameter"><extension url="code"><valueString value="template-md"/></extension><extension url="value"><valueString value="template-page-md.html"/></extension></extension><extension url="http://hl7.org/fhir/tools/StructureDefinition/ig-parameter"><extension url="code"><valueString value="apply-context"/></extension><extension url="value"><valueString value="true"/></extension></extension><extension url="http://hl7.org/fhir/tools/StructureDefinition/ig-parameter"><extension url="code"><valueString value="apply-copyright"/></extension><extension url="value"><valueString value="true"/></extension></extension><extension url="http://hl7.org/fhir/tools/StructureDefinition/ig-parameter"><extension url="code"><valueString value="apply-license"/></extension><extension url="value"><valueString value="true"/></extension></extension><extension url="http://hl7.org/fhir/tools/StructureDefinition/ig-parameter"><extension url="code"><valueString value="active-tables"/></extension><extension url="value"><valueString value="true"/></extension></extension><extension url="http://hl7.org/fhir/tools/StructureDefinition/ig-parameter"><extension url="code"><valueString value="fmm-definition"/></extension><extension url="value"><valueString value="http://hl7.org/fhir/versions.html#maturity"/></extension></extension><grouping id="-dyn-operationdefinition"><name value="Behavior: Operation Definitions"/><description value="These are custom operations that can be supported by and/or invoked by systems conforming to this implementation guide"/></grouping><grouping id="-str-profile"><name value="Structures: Resource Profiles"/><description value="These define constraints on FHIR resources for systems conforming to this implementation guide"/></grouping><grouping id="-term-valueset"><name value="Terminology: Value Sets"/><description value="These define sets of codes used by systems conforming to this implementation guide"/></grouping><grouping id="-term-codesystem"><name value="Terminology: Code Systems"/><description value="These define new code systems used by systems conforming to this implementation guide"/></grouping><grouping id="-map-conceptmap"><name value="Terminology: Concept Maps"/><description value="These define transformations to convert between codes by systems conforming with this implementation guide"/></grouping><grouping id="-ex-example"><name value="Example: Example Instances"/><description value="These are example instances that show what data produced and consumed by systems conforming with this implementation guide might look like"/></grouping><resource><extension url="http://hl7.org/fhir/StructureDefinition/implementationguide-page"><valueUri value="StructureDefinition-BrewedBeverage.html"/></extension><reference><reference value="StructureDefinition/BrewedBeverage"/></reference><name value="The Hot Beverage to Brew"/><description value="The parameters to be given to the device to make the requested Hot Beverage.&#xA;&#xA;* The Machine to make the beverage (optional)&#xA;* The Beverage to be made (required)&#xA;* The type of Milk to be included (optional)&#xA;* The type of Syrup to be included (optional)&#xA;* The type of Alcohol to be included (optional)&#xA;* The type of Sweetener to be included (optional)&#xA;* The type of Spice to be included (optional)&#xA;* Is Coffee to be decaffeinated (shall be NoDecaf)"/><exampleBoolean value="false"/><groupingId value="-str-profile"/></resource><resource><extension url="http://hl7.org/fhir/StructureDefinition/implementationguide-page"><valueUri value="StructureDefinition-BrewedLog.html"/></extension><reference><reference value="StructureDefinition/BrewedLog"/></reference><name value="The AuditEvent for a successful Brewed Hot Beverage"/><description value="An AuditEvent profile for when request to brew a Hot Beverage action happens successfully."/><exampleBoolean value="false"/><groupingId value="-str-profile"/></resource><resource><extension url="http://hl7.org/fhir/StructureDefinition/implementationguide-page"><valueUri value="ValueSet-HBAlcoholVS.html"/></extension><reference><reference value="ValueSet/HBAlcoholVS"/></reference><name value="Alcohol Additive Value Set"/><description value="Alcohol liquids for use in coffee"/><exampleBoolean value="false"/><groupingId value="-term-valueset"/></resource><resource><extension url="http://hl7.org/fhir/StructureDefinition/implementationguide-page"><valueUri value="ValueSet-HBBeverageVS.html"/></extension><reference><reference value="ValueSet/HBBeverageVS"/></reference><name value="Hot Beverages Value Set"/><description value="All beverages allowed to be made via Hot Beverage"/><exampleBoolean value="false"/><groupingId value="-term-valueset"/></resource><resource><extension url="http://hl7.org/fhir/StructureDefinition/implementationguide-page"><valueUri value="ValueSet-HBDrinkSizeVS.html"/></extension><reference><reference value="ValueSet/HBDrinkSizeVS"/></reference><name value="Size of Beverage to be Consumed"/><description value="You want how much?"/><exampleBoolean value="false"/><groupingId value="-term-valueset"/></resource><resource><extension url="http://hl7.org/fhir/StructureDefinition/implementationguide-page"><valueUri value="ValueSet-HBMilkVS.html"/></extension><reference><reference value="ValueSet/HBMilkVS"/></reference><name value="Milk Additive Value Set"/><description value="Milk and milk-like liquids for use in coffee"/><exampleBoolean value="false"/><groupingId value="-term-valueset"/></resource><resource><extension url="http://hl7.org/fhir/StructureDefinition/implementationguide-page"><valueUri value="ValueSet-HBSpiceVS.html"/></extension><reference><reference value="ValueSet/HBSpiceVS"/></reference><name value="Spice Additive Value Set"/><description value="Spice liquids for use in coffee"/><exampleBoolean value="false"/><groupingId value="-term-valueset"/></resource><resource><extension url="http://hl7.org/fhir/StructureDefinition/implementationguide-page"><valueUri value="ValueSet-HBSweetenersVS.html"/></extension><reference><reference value="ValueSet/HBSweetenersVS"/></reference><name value="Sweeteners Additive Value Set"/><description value="Sweeteners liquids for use in coffee"/><exampleBoolean value="false"/><groupingId value="-term-valueset"/></resource><resource><extension url="http://hl7.org/fhir/StructureDefinition/implementationguide-page"><valueUri value="ValueSet-HBSyrupVS.html"/></extension><reference><reference value="ValueSet/HBSyrupVS"/></reference><name value="Syrup Additive Value Set"/><description value="Syrups for use in coffee"/><exampleBoolean value="false"/><groupingId value="-term-valueset"/></resource><resource><extension url="http://hl7.org/fhir/StructureDefinition/implementationguide-page"><valueUri value="ValueSet-NoDecaf.html"/></extension><reference><reference value="ValueSet/NoDecaf"/></reference><name value="Decaf is for the weak"/><description value="No, Just No"/><exampleBoolean value="false"/><groupingId value="-term-valueset"/></resource><resource><extension url="http://hl7.org/fhir/StructureDefinition/implementationguide-page"><valueUri value="CodeSystem-HBAlcohol.html"/></extension><reference><reference value="CodeSystem/HBAlcohol"/></reference><name value="Alcohol List"/><description value="Alcohols to be added, if desired"/><exampleBoolean value="false"/><groupingId value="-term-codesystem"/></resource><resource><extension url="http://hl7.org/fhir/StructureDefinition/implementationguide-page"><valueUri value="CodeSystem-HBBeverages.html"/></extension><reference><reference value="CodeSystem/HBBeverages"/></reference><name value="Hot Beverage List"/><description value="Legal Beverages to be made in coffee pot"/><exampleBoolean value="false"/><groupingId value="-term-codesystem"/></resource><resource><extension url="http://hl7.org/fhir/StructureDefinition/implementationguide-page"><valueUri value="CodeSystem-HBDrinkSize.html"/></extension><reference><reference value="CodeSystem/HBDrinkSize"/></reference><name value="Drink Size"/><description value="How much did you want?"/><exampleBoolean value="false"/><groupingId value="-term-codesystem"/></resource><resource><extension url="http://hl7.org/fhir/StructureDefinition/implementationguide-page"><valueUri value="CodeSystem-HBMilks.html"/></extension><reference><reference value="CodeSystem/HBMilks"/></reference><name value="Milks List"/><description value="Milks to be added, if desired"/><exampleBoolean value="false"/><groupingId value="-term-codesystem"/></resource><resource><extension url="http://hl7.org/fhir/StructureDefinition/implementationguide-page"><valueUri value="CodeSystem-HBSpice.html"/></extension><reference><reference value="CodeSystem/HBSpice"/></reference><name value="Spice List"/><description value="Spice to be added, if desired"/><exampleBoolean value="false"/><groupingId value="-term-codesystem"/></resource><resource><extension url="http://hl7.org/fhir/StructureDefinition/implementationguide-page"><valueUri value="CodeSystem-HBSweeteners.html"/></extension><reference><reference value="CodeSystem/HBSweeteners"/></reference><name value="Sweeteners List"/><description value="Sweeteners to be added, if desired"/><exampleBoolean value="false"/><groupingId value="-term-codesystem"/></resource><resource><extension url="http://hl7.org/fhir/StructureDefinition/implementationguide-page"><valueUri value="CodeSystem-HBSyrups.html"/></extension><reference><reference value="CodeSystem/HBSyrups"/></reference><name value="Syrups List"/><description value="Syrups to be added, if desired"/><exampleBoolean value="false"/><groupingId value="-term-codesystem"/></resource><resource><extension url="http://hl7.org/fhir/StructureDefinition/implementationguide-page"><valueUri value="Parameters-MakeCoffee.html"/></extension><reference><reference value="Parameters/MakeCoffee"/></reference><name value="Make me Espresso"/><description value="Request to make Espresso.&#xA;&#xA;* Using the Nespresso VertuoNext device&#xA;* Requesting Espresso"/><exampleCanonical value="http://fhir.org/guides/acme/HotBeverage/StructureDefinition/BrewedBeverage"/><groupingId value="-ex-example"/></resource><resource><extension url="http://hl7.org/fhir/StructureDefinition/implementationguide-page"><valueUri value="ConceptMap-StarSizeVsDrinkSize.html"/></extension><reference><reference value="ConceptMap/StarSizeVsDrinkSize"/></reference><name value="$tarBucks sizes vs HB Drink Sizes"/><description value="map between commonly understood drink sizes and the formal drink size codes."/><exampleBoolean value="false"/><groupingId value="-map-conceptmap"/></resource><resource><extension url="http://hl7.org/fhir/StructureDefinition/implementationguide-page"><valueUri value="Device-VertuoNext.html"/></extension><reference><reference value="Device/VertuoNext"/></reference><name value="Vertuo Next"/><description value="Nespresso introduces the VERTUO NEXT CLASSIC, the latest VERTUO Nespresso coffee maker with an all-new design and colors for the ultimate brewing experience. In addition to its original espressos, NESPRESSO VERTUO NEXT produces an extraordinary cup of coffee with a smooth layer of crema, the signature of a truly great cup of coffee. The VERTUO coffee and espresso coffee machine conveniently makes 5, 8, 14, 18 oz Coffee and single and double Espresso. Nespresso brings together the know-how of all its coffee experts, who have carefully chosen the origin and roasting of each coffee blend and created a brewing system using Centrifusion technology, a patented extraction technology developed by Nespresso. Just insert a Vertuo capsule and close the lever — when activated, the capsule spins, blending ground coffee with water and extracting every drop of flavor. Its precision brewing system recognizes each capsule and automatically adjusts its brewing parameters to consistently deliver the best in cup result. Bundled with Nespresso's Aeroccino3, provides smooth hot or cold milk froth for your coffee recipes with one touch. It froths all types of milk in a few seconds, without noise or vibration. Each machine includes a complimentary welcome set with a range of Nespresso Vertuo capsules with unique aroma profiles. Order your Nespresso capsules, receive personalized advice, and obtain technical support or repair for your machine through the Nespresso Club via mobile app, by telephone or in one of our Boutiques. This coffee machine is compatible exclusively with Nespresso Vertuo Line pods. Input power (W): 1260. Intelligent extraction system recognizes each coffee blend."/><exampleBoolean value="true"/><groupingId value="-ex-example"/></resource><resource><extension url="http://hl7.org/fhir/StructureDefinition/implementationguide-page"><valueUri value="AuditEvent-ex-auditBasicBrew.html"/></extension><reference><reference value="AuditEvent/ex-auditBasicBrew"/></reference><name value="Audit Example of a basic brew"/><description value="Audit Example for a brewed coffee&#xA;&#xA;* Using the Nespresso VertuoNext device&#xA;* Requesting Espresso"/><exampleCanonical value="http://fhir.org/guides/acme/HotBeverage/StructureDefinition/BrewedLog"/><groupingId value="-ex-example"/></resource><resource><extension url="http://hl7.org/fhir/StructureDefinition/implementationguide-page"><valueUri value="OperationDefinition-hbbrew.html"/></extension><reference><reference value="OperationDefinition/hbbrew"/></reference><name value="hbbrew"/><description value="The brew operation sends the BrewedBeverage resource to the Coffee/Tea brewing Device"/><exampleBoolean value="false"/><groupingId value="-dyn-operationdefinition"/></resource><resource><extension url="http://hl7.org/fhir/StructureDefinition/implementationguide-page"><valueUri value="OperationDefinition-hbstop.html"/></extension><reference><reference value="OperationDefinition/hbstop"/></reference><name value="hbstop"/><description value="The stop operation sends the Device a direction to stop the brew of the beverage (primarily tea) to check for doneness.  Used in combination with the Start operation to make the tea just right"/><exampleBoolean value="false"/><groupingId value="-dyn-operationdefinition"/></resource><resource><extension url="http://hl7.org/fhir/StructureDefinition/implementationguide-page"><valueUri value="OperationDefinition-hbwhen.html"/></extension><reference><reference value="OperationDefinition/hbwhen"/></reference><name value="hbwhen"/><description value="When coffee is poured, and milk is offered, it is necessary for the holder of the recipient of milk to say &quot;when&quot; at the time when&#xD;&#xA;   sufficient milk has been introduced into the coffee. For this purpose, the &quot;WHEN&quot; operation has been added to FHIR."/><exampleBoolean value="false"/><groupingId value="-dyn-operationdefinition"/></resource><page><nameUrl value="toc.html"/><title value="Table of Contents"/><generation value="html"/><page><nameUrl value="index.html"/><title value="Home"/><generation value="markdown"/></page><page><nameUrl value="artifacts.html"/><title value="Artifacts Summary"/><generation value="html"/><page><nameUrl value="OperationDefinition-hbbrew.html"/><title value="hbbrew"/><generation value="generated"/></page><page><nameUrl value="OperationDefinition-hbstop.html"/><title value="hbstop"/><generation value="generated"/></page><page><nameUrl value="OperationDefinition-hbwhen.html"/><title value="hbwhen"/><generation value="generated"/></page><page><nameUrl value="StructureDefinition-BrewedBeverage.html"/><title value="The Hot Beverage to Brew"/><generation value="generated"/></page><page><nameUrl value="StructureDefinition-BrewedLog.html"/><title value="The AuditEvent for a successful Brewed Hot Beverage"/><generation value="generated"/></page><page><nameUrl value="ValueSet-HBAlcoholVS.html"/><title value="Alcohol Additive Value Set"/><generation value="generated"/></page><page><nameUrl value="ValueSet-HBBeverageVS.html"/><title value="Hot Beverages Value Set"/><generation value="generated"/></page><page><nameUrl value="ValueSet-HBDrinkSizeVS.html"/><title value="Size of Beverage to be Consumed"/><generation value="generated"/></page><page><nameUrl value="ValueSet-HBMilkVS.html"/><title value="Milk Additive Value Set"/><generation value="generated"/></page><page><nameUrl value="ValueSet-HBSpiceVS.html"/><title value="Spice Additive Value Set"/><generation value="generated"/></page><page><nameUrl value="ValueSet-HBSweetenersVS.html"/><title value="Sweeteners Additive Value Set"/><generation value="generated"/></page><page><nameUrl value="ValueSet-HBSyrupVS.html"/><title value="Syrup Additive Value Set"/><generation value="generated"/></page><page><nameUrl value="ValueSet-NoDecaf.html"/><title value="Decaf is for the weak"/><generation value="generated"/></page><page><nameUrl value="CodeSystem-HBAlcohol.html"/><title value="Alcohol List"/><generation value="generated"/></page><page><nameUrl value="CodeSystem-HBBeverages.html"/><title value="Hot Beverage List"/><generation value="generated"/></page><page><nameUrl value="CodeSystem-HBDrinkSize.html"/><title value="Drink Size"/><generation value="generated"/></page><page><nameUrl value="CodeSystem-HBMilks.html"/><title value="Milks List"/><generation value="generated"/></page><page><nameUrl value="CodeSystem-HBSpice.html"/><title value="Spice List"/><generation value="generated"/></page><page><nameUrl value="CodeSystem-HBSweeteners.html"/><title value="Sweeteners List"/><generation value="generated"/></page><page><nameUrl value="CodeSystem-HBSyrups.html"/><title value="Syrups List"/><generation value="generated"/></page><page><nameUrl value="ConceptMap-StarSizeVsDrinkSize.html"/><title value="$tarBucks sizes vs HB Drink Sizes"/><generation value="generated"/></page><page><nameUrl value="Parameters-MakeCoffee.html"/><title value="Make me Espresso"/><generation value="generated"/></page><page><nameUrl value="Device-VertuoNext.html"/><title value="Vertuo Next"/><generation value="generated"/></page><page><nameUrl value="AuditEvent-ex-auditBasicBrew.html"/><title value="Audit Example of a basic brew"/><generation value="generated"/></page></page></page><parameter><code value="path-resource"/><value value="fsh-generated/resources"/></parameter><parameter><code value="path-resource"/><value value="input/capabilities"/></parameter><parameter><code value="path-resource"/><value value="input/examples"/></parameter><parameter><code value="path-resource"/><value value="input/extensions"/></parameter><parameter><code value="path-resource"/><value value="input/models"/></parameter><parameter><code value="path-resource"/><value value="input/operations"/></parameter><parameter><code value="path-resource"/><value value="input/profiles"/></parameter><parameter><code value="path-resource"/><value value="input/resources"/></parameter><parameter><code value="path-resource"/><value value="input/vocabulary"/></parameter><parameter><code value="path-resource"/><value value="input/testing"/></parameter><parameter><code value="path-resource"/><value value="input/history"/></parameter><parameter><code value="path-pages"/><value value="template/config"/></parameter><parameter><code value="path-pages"/><value value="input/images"/></parameter><parameter><code value="path-tx-cache"/><value value="input-cache/txcache"/></parameter></definition></ImplementationGuide>