<?xml version="1.0" encoding="UTF-8"?>

<ValueSet xmlns="http://hl7.org/fhir">
  <id value="NoDecaf"/>
  <text>
    <status value="generated"/><div xmlns="http://www.w3.org/1999/xhtml"><ul><li>Include these codes as defined in <a href="http://www.snomed.org/"><code>http://snomed.info/sct</code></a><table class="none"><tr><td style="white-space:nowrap"><b>Code</b></td><td><b>Display</b></td></tr><tr><td><a href="http://snomed.info/id/64100000">64100000</a></td><td>No</td></tr></table></li></ul></div>
  </text>
  <url value="http://fhir.org/guides/acme/HotBeverage/ValueSet/NoDecaf"/>
  <version value="1.4.2022"/>
  <name value="NoDecaf"/>
  <title value="Decaf is for the weak"/>
  <status value="active"/>
  <date value="2022-03-29T15:50:36+11:00"/>
  <publisher value="Dave Pyke &amp; John Moehrke"/>
  <contact>
    <name value="Dave Pyke &amp; John Moehrke"/>
    <telecom>
      <system value="url"/>
      <value value="https://github.com/DavidPyke/HotBeverage"/>
    </telecom>
    <telecom>
      <system value="email"/>
      <value value="david@pyke.ca"/>
    </telecom>
  </contact>
  <contact>
    <name value="David Pyke"/>
    <telecom>
      <system value="email"/>
      <value value="david@pyke.ca"/>
      <use value="work"/>
    </telecom>
  </contact>
  <contact>
    <name value="John Moehrke"/>
    <telecom>
      <system value="email"/>
      <value value="JohnMoehrke@gmail.com"/>
      <use value="work"/>
    </telecom>
  </contact>
  <description value="No, Just No"/>
  <jurisdiction>
    <coding>
      <system value="http://unstats.un.org/unsd/methods/m49/m49.htm"/>
      <code value="001"/>
    </coding>
  </jurisdiction>
  <compose>
    <include>
      <system value="http://snomed.info/sct"/>
      <concept>
        <code value="64100000"/>
        <display value="No"/>
      </concept>
    </include>
  </compose>
</ValueSet>