{
  "resourceType": "ValueSet",
  "id": "bodystructure",
  "meta": {
    "profile": [
      "http://hl7.org/fhir/StructureDefinition/valueset-shareable-definition"
    ]
  },
  "url": "http://fhir.org/guides/hspc/ValueSet/bodystructure",
  "version": "0.01",
  "name": "HSPC SNOMED Body Structures",
  "status": "draft",
  "publisher": "Health Services Platform Consortium (HSPC)",
  "date": "2015-10-15",
  "description": "SELECT SNOMED CT code system values descending from 'Body structure' (123037004).",
  "immutable": true,
  "copyright": "TBD",
  "extensible": true,
  "compose": {
    "include": [
      {
        "system": "http://snomed.info/sct",
        "filter": [
          {
            "property": "concept",
            "op": "is-a",
            "value": "123037004"
          }
        ]
      }
    ]
  }
}