{
  "resourceType": "ValueSet",
  "id": "associatedSignAndSymptom",
  "meta": {
    "profile": [
      "http://hl7.org/fhir/StructureDefinition/valueset-shareable-definition"
    ]
  },
  "url": "http://fhir.org/guides/hspc/ValueSet/associatedSignAndSymptom",
  "version": "0.01",
  "name": "HSPC Associated Sign and Symptom value set",
  "status": "draft",
  "publisher": "HSPC",
  "contact": [
    {
      "telecom": [
        {
          "system": "other",
          "value": "http://healthcaresoa.org"
        }
      ]
    }
  ],
  "date": "2015-05-19",
  "description": "The set of concepts that describe any signs or symptoms that may be correlated to the observed condition.",
  "copyright": "TBD",
  "extensible": true,
  "compose": {
    "include": [
      {
        "system": "http://snomed.info/sct",
        "concept": [
          {
            "code": "84229001",
            "display": "Fatigue (finding)"
          },
          {
            "code": "247347003",
            "display": "Discomfort (finding)"
          },
          {
            "code": "193462001",
            "display": "Insomnia (disorder)"
          },
          {
            "code": "424272000",
            "display": "Inadequate immune status (finding)"
          },
          {
            "code": "48079002",
            "display": "Disturbance in mood (finding)"
          },
          {
            "code": "21134002",
            "display": "Disability (finding)"
          },
          {
            "code": "230145002",
            "display": "Difficulty breathing (finding)"
          },
          {
            "code": "21762000",
            "display": "Decreased vascular flow (finding)"
          },
          {
            "code": "275520000",
            "display": "Claudication (finding)"
          },
          {
            "code": "23583003",
            "display": "Inflammation (morphologic abnormality)"
          },
          {
            "code": "3723001",
            "display": "Arthritis (disorder)"
          },
          {
            "code": "71393004",
            "display": "Soreness (finding)"
          },
          {
            "code": "255365009",
            "display": "Tightness sensation quality (qualifier value)"
          },
          {
            "code": "271587009",
            "display": "Stiffness (finding)"
          },
          {
            "code": "307077003",
            "display": "Feeling hopeless (finding)"
          },
          {
            "code": "1402001",
            "display": "Fear (finding)"
          },
          {
            "code": "35489007",
            "display": "Depressive disorder (disorder)"
          },
          {
            "code": "55929007",
            "display": "Feeling irritable (finding)"
          },
          {
            "code": "48694002",
            "display": "Anxiety (finding)"
          },
          {
            "code": "73595000",
            "display": "Stress (finding)"
          },
          {
            "code": "131148009",
            "display": "Bleeding (finding)"
          },
          {
            "code": "3006004",
            "display": "Disturbance of consciousness (finding)"
          }
        ]
      }
    ]
  }
}