{
  "resourceType": "ValueSet",
  "id": "encounterReason",
  "meta": {
    "profile": [
      "http://hl7.org/fhir/StructureDefinition/valueset-shareable-definition"
    ]
  },
  "url": "http://fhir.org/guides/hspc/ValueSet/encounterReason",
  "version": "0.01",
  "name": "HSPC Encounter Reason",
  "status": "draft",
  "publisher": "HSPC",
  "contact": [
    {
      "telecom": [
        {
          "system": "other",
          "value": "http://healthcaresoa.org"
        }
      ]
    }
  ],
  "date": "2014-12-03",
  "description": "HL7 V3: ActReason* HL7 V3: ActREason (2.16.840.1.113883.5.8) code system values,  and CKS ECIDS.",
  "copyright": "IHC",
  "compose": {
    "include": [
      {
        "system": "http://hl7.org/fhir/v3/ActReason",
        "concept": [
          {
            "code": "MEDNEC",
            "display": "Medical Necessity"
          },
          {
            "code": "PAT",
            "display": "Patient Request"
          },
          {
            "code": "HLEGAL",
            "display": "Legal"
          }
        ]
      }
    ]
  }
}