{
  "resourceType": "ValueSet",
  "id": "allergyIntoleranceType",
  "meta": {
    "profile": [
      "http://hl7.org/fhir/StructureDefinition/valueset-shareable-definition"
    ]
  },
  "url": "http://fhir.org/guides/hspc/ValueSet/allergyIntoleranceType",
  "version": "0.01",
  "name": "HSPC Allergy Intolerance Type Value Set",
  "status": "draft",
  "publisher": "Health Services Platform Consortium (HSPC)",
  "date": "2015-08-06",
  "description": "SELECT SNOMED CT and Intermountain Healthcare HDD code system values.",
  "immutable": true,
  "copyright": "TBD",
  "extensible": true,
  "compose": {
    "include": [
      {
        "system": "http://snomed.info/sct",
        "concept": [
          {
            "code": "419199007",
            "display": "Allergy to substance (disorder)"
          }
        ]
      },
      {
        "system": "http://fhir.org/guides/hspc/CodeSystem/allergyintolerancetype"
      }
    ]
  }
}