{
  "resourceType": "ValueSet",
  "id": "QuantitativeLabCodes",
  "meta": {
    "profile": [
      "http://hl7.org/fhir/StructureDefinition/valueset-shareable-definition"
    ]
  },
  "url": "http://fhir.org/guides/hspc/ValueSet/QuantitativeLabCodes",
  "name": "HSPC Quantitative Labs",
  "status": "draft",
  "publisher": "HSPC",
  "contact": [
    {
      "telecom": [
        {
          "system": "other",
          "value": "http://healthcaresoa.org"
        }
      ]
    }
  ],
  "date": "2015-02-20T13:44:49+11:00",
  "description": "Quantitative LOINC codes used in HSPC",
  "copyright": "This content LOINC® is copyright © 1995 Regenstrief Institute, Inc. and the LOINC Committee, and available at no cost under the license at http://loinc.org/terms-of-use",
  "compose": {
    "include": [
      {
        "system": "http://loinc.org",
        "concept": [
          {
            "code": "7155-5",
            "display": "Boxelder IgE Ab [Units/volume] in Serum"
          },
          {
            "code": "3298-7",
            "display": "Acetaminophen [Mass/volume] in Serum or Plasma"
          },
          {
            "code": "5568-1",
            "display": "Acetone [Mass/volume] in Serum or Plasma"
          },
          {
            "code": "11034-6",
            "display": "Acetylcholine receptor binding Ab [Moles/volume] in Serum"
          },
          {
            "code": "30192-9",
            "display": "Acetylcholine receptor modulation Ab/Acetylcholine Ab.total in Serum"
          },
          {
            "code": "20420-6",
            "display": "Prostatic acid phosphatase [Mass/volume] in Serum"
          },
          {
            "code": "34661-9",
            "display": "Actin IgG Ab [Units/volume] in Serum or Plasma"
          },
          {
            "code": "1742-6",
            "display": "Alanine aminotransferase [Enzymatic activity/volume] in Serum or Plasma"
          },
          {
            "code": "20636-7",
            "display": "Alanine [Moles/volume] in Serum or Plasma"
          },
          {
            "code": "1747-5",
            "display": "Albumin [Mass/volume] in Body fluid"
          },
          {
            "code": "1746-7",
            "display": "Albumin [Mass/volume] in Cerebral spinal fluid"
          },
          {
            "code": "2862-1",
            "display": "Albumin [Mass/volume] in Serum or Plasma by Electrophoresis"
          },
          {
            "code": "1751-7",
            "display": "Albumin [Mass/volume] in Serum or Plasma"
          },
          {
            "code": "14956-7",
            "display": "Microalbumin [Mass/time] in 24 hour Urine"
          },
          {
            "code": "13992-3",
            "display": "Albumin/Protein.total in Urine by Electrophoresis"
          },
          {
            "code": "1761-6",
            "display": "Aldolase [Enzymatic activity/volume] in Serum or Plasma"
          },
          {
            "code": "1763-2",
            "display": "Aldosterone [Mass/volume] in Serum or Plasma"
          },
          {
            "code": "1777-2",
            "display": "Alkaline phosphatase.bone [Enzymatic activity/volume] in Serum or Plasma"
          },
          {
            "code": "6768-6",
            "display": "Alkaline phosphatase [Enzymatic activity/volume] in Serum or Plasma"
          },
          {
            "code": "1779-8",
            "display": "Alkaline phosphatase.liver [Enzymatic activity/volume] in Serum or Plasma"
          },
          {
            "code": "1825-9",
            "display": "Alpha 1 antitrypsin [Mass/volume] in Serum or Plasma"
          },
          {
            "code": "2865-4",
            "display": "Alpha 1 globulin [Mass/volume] in Serum or Plasma by Electrophoresis"
          },
          {
            "code": "13990-7",
            "display": "Alpha 1 globulin/Protein.total in Urine by Electrophoresis"
          },
          {
            "code": "2868-8",
            "display": "Alpha 2 globulin [Mass/volume] in Serum or Plasma by Electrophoresis"
          },
          {
            "code": "13993-1",
            "display": "Alpha 2 globulin/Protein.total in Urine by Electrophoresis"
          },
          {
            "code": "1834-1",
            "display": "Alpha-1-Fetoprotein [Mass/volume] in Serum or Plasma"
          },
          {
            "code": "20450-3",
            "display": "Alpha-1-Fetoprotein [Multiple of the median] in Serum or Plasma"
          },
          {
            "code": "6020-2",
            "display": "Alternaria alternata IgE Ab [Units/volume] in Serum"
          },
          {
            "code": "6085-5",
            "display": "Common Ragweed IgE Ab [Units/volume] in Serum"
          },
          {
            "code": "16362-6",
            "display": "Ammonia [Moles/volume] in Plasma"
          },
          {
            "code": "1795-4",
            "display": "Amylase [Enzymatic activity/volume] in Body fluid"
          },
          {
            "code": "1798-8",
            "display": "Amylase [Enzymatic activity/volume] in Serum or Plasma"
          },
          {
            "code": "33915-0",
            "display": "Anabasine [Mass/volume] in Urine"
          },
          {
            "code": "6718-1",
            "display": "Cashew Nut IgE Ab [Units/volume] in Serum"
          },
          {
            "code": "1848-1",
            "display": "Androstanolone [Mass/volume] in Serum or Plasma"
          },
          {
            "code": "1854-9",
            "display": "Androstenedione [Mass/volume] in Serum or Plasma"
          },
          {
            "code": "2742-5",
            "display": "Angiotensin converting enzyme [Enzymatic activity/volume] in Serum or Plasma"
          },
          {
            "code": "10466-1",
            "display": "Anion gap 3 in Serum or Plasma"
          },
          {
            "code": "27811-9",
            "display": "Antithrombin actual/normal in Platelet poor plasma by Chromogenic method"
          },
          {
            "code": "1869-7",
            "display": "Apolipoprotein A-I [Mass/volume] in Serum or Plasma"
          },
          {
            "code": "1871-3",
            "display": "Apolipoprotein B-100 [Mass/volume] in Serum or Plasma"
          },
          {
            "code": "6206-7",
            "display": "Peanut IgE Ab [Units/volume] in Serum"
          },
          {
            "code": "20637-5",
            "display": "Arginine [Moles/volume] in Serum or Plasma"
          },
          {
            "code": "5583-0",
            "display": "Arsenic [Mass/volume] in Blood"
          },
          {
            "code": "6286-9",
            "display": "Wormwood IgE Ab [Units/volume] in Serum"
          },
          {
            "code": "6183-8",
            "display": "Mugwort IgE Ab [Units/volume] in Serum"
          },
          {
            "code": "1903-4",
            "display": "Ascorbate [Mass/volume] in Serum or Plasma"
          },
          {
            "code": "1920-8",
            "display": "Aspartate aminotransferase [Enzymatic activity/volume] in Serum or Plasma"
          },
          {
            "code": "6025-1",
            "display": "Aspergillus fumigatus IgE Ab [Units/volume] in Serum"
          },
          {
            "code": "5053-4",
            "display": "Aspergillus sp Ab [Titer] in Serum by Complement fixation"
          },
          {
            "code": "6239-8",
            "display": "Lenscale IgE Ab [Units/volume] in Serum"
          },
          {
            "code": "6029-3",
            "display": "Aureobasidium pullulans IgE Ab [Units/volume] in Serum"
          },
          {
            "code": "6190-3",
            "display": "Oat IgE Ab [Units/volume] in Serum"
          },
          {
            "code": "9426-8",
            "display": "Barbiturates [Mass/volume] in Urine"
          },
          {
            "code": "28637-7",
            "display": "Base deficit in Venous cord blood"
          },
          {
            "code": "30318-0",
            "display": "Base deficit in Blood"
          },
          {
            "code": "1925-7",
            "display": "Base excess in Arterial blood by calculation"
          },
          {
            "code": "1926-5",
            "display": "Base excess in Capillary blood by calculation"
          },
          {
            "code": "11555-0",
            "display": "Base excess in Blood by calculation"
          },
          {
            "code": "1927-3",
            "display": "Base excess in Venous blood by calculation"
          },
          {
            "code": "706-2",
            "display": "Basophils/100 leukocytes in Blood by Automated count"
          },
          {
            "code": "707-0",
            "display": "Basophils/100 leukocytes in Blood by Manual count"
          },
          {
            "code": "12179-8",
            "display": "Basophils/100 leukocytes in Body fluid by Manual count"
          },
          {
            "code": "13519-4",
            "display": "Basophils/100 leukocytes in Cerebral spinal fluid by Manual count"
          },
          {
            "code": "704-7",
            "display": "Basophils [#/volume] in Blood by Automated count"
          },
          {
            "code": "6039-2",
            "display": "Beef IgE Ab [Units/volume] in Serum"
          },
          {
            "code": "9428-4",
            "display": "Benzodiazepines [Mass/volume] in Urine"
          },
          {
            "code": "6050-9",
            "display": "Brazil Nut IgE Ab [Units/volume] in Serum"
          },
          {
            "code": "44447-1",
            "display": "Beta 2 glycoprotein 1 IgA Ab [Units/volume] in Serum or Plasma by Immunoassay"
          },
          {
            "code": "44448-9",
            "display": "Beta 2 glycoprotein 1 IgG Ab [Units/volume] in Serum or Plasma by Immunoassay"
          },
          {
            "code": "44449-7",
            "display": "Beta 2 glycoprotein 1 IgM Ab [Units/volume] in Serum or Plasma by Immunoassay"
          },
          {
            "code": "2871-2",
            "display": "Beta globulin [Mass/volume] in Serum or Plasma by Electrophoresis"
          },
          {
            "code": "13994-9",
            "display": "Beta globulin/Protein.total in Urine by Electrophoresis"
          },
          {
            "code": "6873-4",
            "display": "Beta hydroxybutyrate [Moles/volume] in Serum or Plasma"
          },
          {
            "code": "1952-1",
            "display": "Beta-2-Microglobulin [Mass/volume] in Serum"
          },
          {
            "code": "15283-5",
            "display": "Silver Birch IgE Ab [Units/volume] in Serum"
          },
          {
            "code": "1960-4",
            "display": "Bicarbonate [Moles/volume] in Arterial blood"
          },
          {
            "code": "28640-1",
            "display": "Bicarbonate [Moles/volume] in Arterial cord blood"
          },
          {
            "code": "28641-9",
            "display": "Bicarbonate [Moles/volume] in Venous cord blood"
          },
          {
            "code": "1961-2",
            "display": "Bicarbonate [Moles/volume] in Capillary blood"
          },
          {
            "code": "1959-6",
            "display": "Bicarbonate [Moles/volume] in Blood"
          },
          {
            "code": "14627-4",
            "display": "Bicarbonate [Moles/volume] in Venous blood"
          },
          {
            "code": "1975-2",
            "display": "Bilirubin.total [Mass/volume] in Serum or Plasma"
          },
          {
            "code": "1971-1",
            "display": "Bilirubin.indirect [Mass/volume] in Serum or Plasma"
          },
          {
            "code": "5057-5",
            "display": "Blastomyces dermatitidis Ab [Titer] in Serum by Complement fixation"
          },
          {
            "code": "709-6",
            "display": "Blasts/100 leukocytes in Blood by Manual count"
          },
          {
            "code": "6078-0",
            "display": "Cockroach IgE Ab [Units/volume] in Serum"
          },
          {
            "code": "19839-0",
            "display": "Breath rate spontaneous --on ventilator"
          },
          {
            "code": "3422-3",
            "display": "Caffeine [Mass/volume] in Serum or Plasma"
          },
          {
            "code": "49543-2",
            "display": "Calcidiol+Calciferol [Mass/volume] in Serum or Plasma"
          },
          {
            "code": "1989-3",
            "display": "Calcidiol [Mass/volume] in Serum or Plasma"
          },
          {
            "code": "2236-8",
            "display": "Calciferol (Vit D2) [Mass/volume] in Serum or Plasma"
          },
          {
            "code": "1992-7",
            "display": "Calcitonin [Mass/volume] in Serum or Plasma"
          },
          {
            "code": "1649-3",
            "display": "Calcitriol [Mass/volume] in Serum or Plasma"
          },
          {
            "code": "1994-3",
            "display": "Calcium.ionized [Moles/volume] in Blood"
          },
          {
            "code": "1995-0",
            "display": "Calcium.ionized [Moles/volume] in Serum or Plasma"
          },
          {
            "code": "17861-6",
            "display": "Calcium [Mass/volume] in Serum or Plasma"
          },
          {
            "code": "17862-4",
            "display": "Calcium [Mass/volume] in Urine"
          },
          {
            "code": "6874-2",
            "display": "Calcium [Mass/time] in 24 hour Urine"
          },
          {
            "code": "10334-1",
            "display": "Cancer Ag 125 [Units/volume] in Serum or Plasma"
          },
          {
            "code": "6875-9",
            "display": "Cancer Ag 15-3 [Units/volume] in Serum or Plasma"
          },
          {
            "code": "24108-3",
            "display": "Cancer Ag 19-9 [Units/volume] in Serum or Plasma"
          },
          {
            "code": "17842-6",
            "display": "Cancer Ag 27-29 [Units/volume] in Serum or Plasma"
          },
          {
            "code": "6092-1",
            "display": "Crab IgE Ab [Units/volume] in Serum"
          },
          {
            "code": "6059-0",
            "display": "Candida albicans IgE Ab [Units/volume] in Serum"
          },
          {
            "code": "3432-2",
            "display": "Carbamazepine [Mass/volume] in Serum or Plasma"
          },
          {
            "code": "2019-8",
            "display": "Carbon dioxide [Partial pressure] in Arterial blood"
          },
          {
            "code": "28644-3",
            "display": "Carbon dioxide [Partial pressure] in Arterial cord blood"
          },
          {
            "code": "28645-0",
            "display": "Carbon dioxide [Partial pressure] in Venous cord blood"
          },
          {
            "code": "33022-5",
            "display": "Carbon dioxide [Partial pressure] in Capillary blood by Transcutaneous CO2 monitor"
          },
          {
            "code": "2021-4",
            "display": "Carbon dioxide [Partial pressure] in Venous blood"
          },
          {
            "code": "20565-8",
            "display": "Carbon dioxide, total [Moles/volume] in Blood"
          },
          {
            "code": "2028-9",
            "display": "Carbon dioxide, total [Moles/volume] in Serum or Plasma"
          },
          {
            "code": "2030-5",
            "display": "Carboxyhemoglobin/Hemoglobin.total in Arterial blood"
          },
          {
            "code": "20563-3",
            "display": "Carboxyhemoglobin/Hemoglobin.total in Blood"
          },
          {
            "code": "2032-1",
            "display": "Carboxyhemoglobin/Hemoglobin.total in Venous blood"
          },
          {
            "code": "2039-6",
            "display": "Carcinoembryonic Ag [Mass/volume] in Serum or Plasma"
          },
          {
            "code": "3181-5",
            "display": "Cardiolipin IgG Ab [Units/volume] in Serum by Immunoassay"
          },
          {
            "code": "3182-3",
            "display": "Cardiolipin IgM Ab [Units/volume] in Serum by Immunoassay"
          },
          {
            "code": "14288-5",
            "display": "Carnitine [Moles/volume] in Serum or Plasma"
          },
          {
            "code": "19074-4",
            "display": "Carnitine esters [Moles/volume] in Serum or Plasma"
          },
          {
            "code": "14286-9",
            "display": "Carnitine free (C0) [Moles/volume] in Serum or Plasma"
          },
          {
            "code": "6208-3",
            "display": "Pecan or Hickory Nut IgE Ab [Units/volume] in Serum"
          },
          {
            "code": "6209-1",
            "display": "Pecan or Hickory Tree IgE Ab [Units/volume] in Serum"
          },
          {
            "code": "6062-4",
            "display": "Casein IgE Ab [Units/volume] in Serum"
          },
          {
            "code": "6833-8",
            "display": "Cat dander IgE Ab [Units/volume] in Serum"
          },
          {
            "code": "8117-4",
            "display": "CD19 cells/100 cells in Blood"
          },
          {
            "code": "20593-0",
            "display": "CD19 cells/100 cells in Unspecified specimen"
          },
          {
            "code": "8116-6",
            "display": "CD19 cells [#/volume] in Blood"
          },
          {
            "code": "8118-2",
            "display": "CD2 cells/100 cells in Blood"
          },
          {
            "code": "9557-0",
            "display": "CD2 cells [#/volume] in Blood"
          },
          {
            "code": "8124-0",
            "display": "CD3 cells/100 cells in Blood"
          },
          {
            "code": "14135-8",
            "display": "CD3+CD8+ (T8 suppressor cells) cells [#/volume] in Blood"
          },
          {
            "code": "8112-5",
            "display": "CD3-CD16+CD56+ (Natural killer) cells/100 cells in Blood"
          },
          {
            "code": "8122-4",
            "display": "CD3 cells [#/volume] in Blood"
          },
          {
            "code": "8130-7",
            "display": "CD45 (Lymphs) cells/100 cells in Blood"
          },
          {
            "code": "11282-1",
            "display": "Cells Counted Total [#] in Blood"
          },
          {
            "code": "38256-4",
            "display": "Cells Counted Total [#] in Body fluid"
          },
          {
            "code": "19075-1",
            "display": "Cells Counted Total [#] in Cerebral spinal fluid"
          },
          {
            "code": "2064-4",
            "display": "Ceruloplasmin [Mass/volume] in Serum or Plasma"
          },
          {
            "code": "6156-4",
            "display": "Goosefoot IgE Ab [Units/volume] in Serum"
          },
          {
            "code": "2075-0",
            "display": "Chloride [Moles/volume] in Serum or Plasma"
          },
          {
            "code": "2077-6",
            "display": "Chloride [Moles/volume] in Sweat"
          },
          {
            "code": "2078-4",
            "display": "Chloride [Moles/volume] in Urine"
          },
          {
            "code": "6073-1",
            "display": "Chocolate IgE Ab [Units/volume] in Serum"
          },
          {
            "code": "2085-9",
            "display": "Cholesterol in HDL [Mass/volume] in Serum or Plasma"
          },
          {
            "code": "13457-7",
            "display": "Cholesterol in LDL [Mass/volume] in Serum or Plasma by calculation"
          },
          {
            "code": "18262-6",
            "display": "Cholesterol in LDL [Mass/volume] in Serum or Plasma by Direct assay"
          },
          {
            "code": "2089-1",
            "display": "Cholesterol in LDL [Mass/volume] in Serum or Plasma"
          },
          {
            "code": "13458-5",
            "display": "Cholesterol in VLDL [Mass/volume] in Serum or Plasma by calculation"
          },
          {
            "code": "2093-3",
            "display": "Cholesterol [Mass/volume] in Serum or Plasma"
          },
          {
            "code": "43396-1",
            "display": "Cholesterol non HDL [Mass/volume] in Serum or Plasma"
          },
          {
            "code": "9830-1",
            "display": "Cholesterol.total/Cholesterol in HDL [Mass Ratio] in Serum or Plasma"
          },
          {
            "code": "19080-1",
            "display": "Choriogonadotropin [Units/volume] in Serum or Plasma"
          },
          {
            "code": "21198-7",
            "display": "Choriogonadotropin.beta subunit [Units/volume] in Serum or Plasma"
          },
          {
            "code": "20465-1",
            "display": "Choriogonadotropin [Multiple of the median] in Serum or Plasma"
          },
          {
            "code": "9811-1",
            "display": "Chromogranin A [Mass/volume] in Serum or Plasma"
          },
          {
            "code": "6687-8",
            "display": "Citrate [Mass/time] in 24 hour Urine"
          },
          {
            "code": "20640-9",
            "display": "Citrulline [Moles/volume] in Serum or Plasma"
          },
          {
            "code": "6194-5",
            "display": "Orange IgE Ab [Units/volume] in Serum"
          },
          {
            "code": "7415-3",
            "display": "Cladosporium sphaerospermum IgE Ab [Units/volume] in Serum"
          },
          {
            "code": "22203-4",
            "display": "Clostridium tetani IgG Ab [Units/volume] in Serum"
          },
          {
            "code": "3184-9",
            "display": "Activated clotting time in Blood by Coagulation assay"
          },
          {
            "code": "15359-3",
            "display": "Dilute Russell viper venom time (dRVVT) actual/normal in Platelet poor plasma by Coagulation assay"
          },
          {
            "code": "43397-9",
            "display": "Dilute Russell viper venom time (dRVVT) factor substitution in Platelet poor plasma by Coagulation assay --immediately after addition of normal plasma"
          },
          {
            "code": "6303-2",
            "display": "Dilute Russell viper venom time (dRVVT) in Platelet poor plasma by Coagulation assay"
          },
          {
            "code": "3187-2",
            "display": "Coagulation factor IX activity actual/normal in Platelet poor plasma by Coagulation assay"
          },
          {
            "code": "3193-0",
            "display": "Coagulation factor V activity actual/normal in Platelet poor plasma by Coagulation assay"
          },
          {
            "code": "3198-9",
            "display": "Coagulation factor VII activity actual/normal in Platelet poor plasma by Coagulation assay"
          },
          {
            "code": "3209-4",
            "display": "Coagulation factor VIII activity actual/normal in Platelet poor plasma by Coagulation assay"
          },
          {
            "code": "3218-5",
            "display": "Coagulation factor X activity actual/normal in Platelet poor plasma by Coagulation assay"
          },
          {
            "code": "5946-9",
            "display": "Activated partial thromboplastin time (aPTT).factor substitution in Platelet poor plasma by Coagulation assay --immediately after addition of normal plasma"
          },
          {
            "code": "14979-9",
            "display": "Activated partial thromboplastin time (aPTT) in Platelet poor plasma by Coagulation assay"
          },
          {
            "code": "3243-3",
            "display": "Thrombin time in Platelet poor plasma by Coagulation assay"
          },
          {
            "code": "5959-2",
            "display": "Prothrombin time (PT) factor substitution in Platelet poor plasma by Coagulation assay --immediately after addition of normal plasma"
          },
          {
            "code": "29893-5",
            "display": "HIV 1 Ab [Presence] in Serum by Immunoassay"
          },
          {
            "code": "5902-2",
            "display": "Prothrombin time (PT) in Platelet poor plasma by Coagulation assay"
          },
          {
            "code": "2132-9",
            "display": "Cobalamin (Vitamin B12) [Mass/volume] in Serum or Plasma"
          },
          {
            "code": "6081-4",
            "display": "Coconut IgE Ab [Units/volume] in Serum"
          },
          {
            "code": "14115-0",
            "display": "Collagen crosslinked N-telopeptide/Creatinine [Molar ratio] in Urine"
          },
          {
            "code": "13362-9",
            "display": "Collection duration of Urine"
          },
          {
            "code": "19087-6",
            "display": "Collection of urine specimen end time"
          },
          {
            "code": "19089-2",
            "display": "Collection of urine specimen start time"
          },
          {
            "code": "13358-7",
            "display": "Collection time of Semen"
          },
          {
            "code": "49049-0",
            "display": "Collection time of Unspecified specimen"
          },
          {
            "code": "4477-6",
            "display": "Complement C1 esterase inhibitor [Mass/volume] in Serum or Plasma"
          },
          {
            "code": "4485-9",
            "display": "Complement C3 [Mass/volume] in Serum or Plasma"
          },
          {
            "code": "4498-2",
            "display": "Complement C4 [Mass/volume] in Serum or Plasma"
          },
          {
            "code": "4532-8",
            "display": "Complement total hemolytic CH50 [Units/volume] in Serum or Plasma"
          },
          {
            "code": "5631-7",
            "display": "Copper [Mass/volume] in Serum or Plasma"
          },
          {
            "code": "2141-0",
            "display": "Corticotropin [Mass/volume] in Plasma"
          },
          {
            "code": "9812-9",
            "display": "Cortisol [Mass/volume] in Serum or Plasma --PM trough specimen"
          },
          {
            "code": "2147-7",
            "display": "Cortisol Free [Mass/time] in 24 hour Urine"
          },
          {
            "code": "2142-8",
            "display": "Cortisol [Mass/volume] in Saliva (oral fluid)"
          },
          {
            "code": "2143-6",
            "display": "Cortisol [Mass/volume] in Serum or Plasma"
          },
          {
            "code": "9813-7",
            "display": "Cortisol [Mass/volume] in Serum or Plasma --AM peak specimen"
          },
          {
            "code": "6136-6",
            "display": "Hazelnut IgE Ab [Units/volume] in Serum"
          },
          {
            "code": "13227-4",
            "display": "Corynebacterium diphtheriae IgG Ab [Units/volume] in Serum"
          },
          {
            "code": "10366-3",
            "display": "Cotinine [Mass/volume] in Urine"
          },
          {
            "code": "7774-3",
            "display": "Cow whey IgE Ab [Units/volume] in Serum"
          },
          {
            "code": "1986-9",
            "display": "C peptide [Mass/volume] in Serum or Plasma"
          },
          {
            "code": "30522-7",
            "display": "C reactive protein [Mass/volume] in Serum or Plasma by High sensitivity method"
          },
          {
            "code": "1988-5",
            "display": "C reactive protein [Mass/volume] in Serum or Plasma"
          },
          {
            "code": "15048-2",
            "display": "Creatine kinase.BB/Creatine kinase.total in Serum or Plasma by Electrophoresis"
          },
          {
            "code": "2157-6",
            "display": "Creatine kinase [Enzymatic activity/volume] in Serum or Plasma"
          },
          {
            "code": "26019-0",
            "display": "Creatine Kinase.macromolecular type 1/Creatine kinase.total in Serum or Plasma"
          },
          {
            "code": "26020-8",
            "display": "Creatine Kinase.macromolecular type 2/Creatine kinase.total in Serum or Plasma"
          },
          {
            "code": "32673-6",
            "display": "Creatine kinase.MB [Enzymatic activity/volume] in Serum or Plasma"
          },
          {
            "code": "12187-1",
            "display": "Creatine kinase.MB/Creatine kinase.total in Serum or Plasma by Electrophoresis"
          },
          {
            "code": "20569-0",
            "display": "Creatine kinase.MB/Creatine kinase.total in Serum or Plasma"
          },
          {
            "code": "15049-0",
            "display": "Creatine kinase.MM/Creatine kinase.total in Serum or Plasma by Electrophoresis"
          },
          {
            "code": "12190-5",
            "display": "Creatinine [Mass/volume] in Body fluid"
          },
          {
            "code": "2160-0",
            "display": "Creatinine [Mass/volume] in Serum or Plasma"
          },
          {
            "code": "2161-8",
            "display": "Creatinine [Mass/volume] in Urine"
          },
          {
            "code": "2162-6",
            "display": "Creatinine [Mass/time] in 24 hour Urine"
          },
          {
            "code": "33935-8",
            "display": "Cyclic citrullinated peptide IgG Ab [Units/volume] in Serum"
          },
          {
            "code": "3520-4",
            "display": "Cyclosporine [Mass/volume] in Blood"
          },
          {
            "code": "6041-8",
            "display": "Bermuda grass IgE Ab [Units/volume] in Serum"
          },
          {
            "code": "5124-3",
            "display": "Cytomegalovirus IgG Ab [Units/volume] in Serum by Immunoassay"
          },
          {
            "code": "5126-8",
            "display": "Cytomegalovirus IgM Ab [Units/volume] in Serum by Immunoassay"
          },
          {
            "code": "33006-8",
            "display": "Cytomegalovirus DNA [#/volume] (viral load) in Unspecified specimen by Probe and target amplification method"
          },
          {
            "code": "6195-2",
            "display": "Cocksfoot IgE Ab [Units/volume] in Serum"
          },
          {
            "code": "35789-7",
            "display": "Daptomycin [Susceptibility]"
          },
          {
            "code": "6061-6",
            "display": "Carrot IgE Ab [Units/volume] in Serum"
          },
          {
            "code": "2193-1",
            "display": "Dehydroepiandrosterone (DHEA) [Mass/volume] in Serum or Plasma"
          },
          {
            "code": "2191-5",
            "display": "Dehydroepiandrosterone sulfate (DHEA-S) [Mass/volume] in Serum or Plasma"
          },
          {
            "code": "11778-8",
            "display": "Delivery date Estimated"
          },
          {
            "code": "6095-4",
            "display": "American house dust mite IgE Ab [Units/volume] in Serum"
          },
          {
            "code": "6096-2",
            "display": "European house dust mite IgE Ab [Units/volume] in Serum"
          },
          {
            "code": "10535-3",
            "display": "Digoxin [Mass/volume] in Serum or Plasma"
          },
          {
            "code": "14207-5",
            "display": "Streptococcal DNAse B [Titer] in Serum"
          },
          {
            "code": "6098-8",
            "display": "Dog dander IgE Ab [Units/volume] in Serum"
          },
          {
            "code": "6099-6",
            "display": "Dog epithelium IgE Ab [Units/volume] in Serum"
          },
          {
            "code": "2216-0",
            "display": "Dopamine [Mass/volume] in Serum or Plasma"
          },
          {
            "code": "2218-6",
            "display": "Dopamine [Mass/time] in 24 hour Urine"
          },
          {
            "code": "6106-9",
            "display": "Egg white IgE Ab [Units/volume] in Serum"
          },
          {
            "code": "6107-7",
            "display": "Egg yolk IgE Ab [Units/volume] in Serum"
          },
          {
            "code": "9784-0",
            "display": "Ehrlichia chaffeensis IgM Ab [Titer] in Serum"
          },
          {
            "code": "10863-9",
            "display": "Endomysium IgA Ab [Titer] in Serum"
          },
          {
            "code": "713-8",
            "display": "Eosinophils/100 leukocytes in Blood by Automated count"
          },
          {
            "code": "714-6",
            "display": "Eosinophils/100 leukocytes in Blood by Manual count"
          },
          {
            "code": "12209-3",
            "display": "Eosinophils/100 leukocytes in Body fluid by Manual count"
          },
          {
            "code": "12208-5",
            "display": "Eosinophils/100 leukocytes in Cerebral spinal fluid by Manual count"
          },
          {
            "code": "711-2",
            "display": "Eosinophils [#/volume] in Blood by Automated count"
          },
          {
            "code": "2232-7",
            "display": "Epinephrine [Mass/time] in 24 hour Urine"
          },
          {
            "code": "5787-7",
            "display": "Epithelial cells [#/area] in Urine sediment by Microscopy high power field"
          },
          {
            "code": "5157-3",
            "display": "Epstein Barr virus capsid IgG Ab [Units/volume] in Serum by Immunoassay"
          },
          {
            "code": "7885-7",
            "display": "Epstein Barr virus capsid IgG Ab [Units/volume] in Serum"
          },
          {
            "code": "5159-9",
            "display": "Epstein Barr virus capsid IgM Ab [Units/volume] in Serum by Immunoassay"
          },
          {
            "code": "32585-2",
            "display": "Epstein Barr virus DNA [#/volume] (viral load) in Unspecified specimen by Probe and target amplification method"
          },
          {
            "code": "30083-0",
            "display": "Epstein Barr virus nuclear IgG Ab [Units/volume] in Serum by Immunoassay"
          },
          {
            "code": "31374-2",
            "display": "Epstein Barr virus nuclear IgG Ab [Units/volume] in Serum"
          },
          {
            "code": "788-0",
            "display": "Erythrocyte distribution width [Ratio] by Automated count"
          },
          {
            "code": "786-4",
            "display": "Erythrocyte mean corpuscular hemoglobin concentration [Mass/volume] by Automated count"
          },
          {
            "code": "785-6",
            "display": "Erythrocyte mean corpuscular hemoglobin [Entitic mass] by Automated count"
          },
          {
            "code": "30341-2",
            "display": "Erythrocyte sedimentation rate"
          },
          {
            "code": "4537-7",
            "display": "Erythrocyte sedimentation rate by Westergren method"
          },
          {
            "code": "13945-1",
            "display": "Erythrocytes [#/area] in Urine sediment by Microscopy high power field"
          },
          {
            "code": "789-8",
            "display": "Erythrocytes [#/volume] in Blood by Automated count"
          },
          {
            "code": "6741-3",
            "display": "Erythrocytes [#/volume] in Body fluid by Manual count"
          },
          {
            "code": "26454-9",
            "display": "Erythrocytes [#/volume] in Cerebral spinal fluid"
          },
          {
            "code": "20409-9",
            "display": "Erythrocytes [#/volume] in Urine by Test strip"
          },
          {
            "code": "58413-6",
            "display": "Nucleated erythrocytes/100 leukocytes [Ratio] in Blood by Automated count"
          },
          {
            "code": "18309-5",
            "display": "Nucleated erythrocytes/100 leukocytes [Ratio] in Blood by Manual count"
          },
          {
            "code": "15061-5",
            "display": "Erythropoietin (EPO) [Units/volume] in Serum or Plasma"
          },
          {
            "code": "27353-2",
            "display": "Glucose mean value [Mass/volume] in Blood Estimated from glycated hemoglobin"
          },
          {
            "code": "2243-4",
            "display": "Estradiol (E2) [Mass/volume] in Serum or Plasma"
          },
          {
            "code": "2251-7",
            "display": "Estriol (E3) [Mass/volume] in Serum or Plasma"
          },
          {
            "code": "2250-9",
            "display": "Estriol (E3).unconjugated [Mass/volume] in Serum or Plasma"
          },
          {
            "code": "20466-9",
            "display": "Estriol (E3).unconjugated [Multiple of the median] in Serum or Plasma"
          },
          {
            "code": "2254-1",
            "display": "Estrogen [Mass/volume] in Serum or Plasma"
          },
          {
            "code": "5643-2",
            "display": "Ethanol [Mass/volume] in Serum or Plasma"
          },
          {
            "code": "5646-5",
            "display": "Ethylene glycol [Mass/volume] in Serum or Plasma"
          },
          {
            "code": "6113-5",
            "display": "Gum-Tree IgE Ab [Units/volume] in Serum"
          },
          {
            "code": "2276-4",
            "display": "Ferritin [Mass/volume] in Serum or Plasma"
          },
          {
            "code": "11878-6",
            "display": "Number of fetuses by US"
          },
          {
            "code": "48065-7",
            "display": "Fibrin D-dimer FEU [Mass/volume] in Platelet poor plasma"
          },
          {
            "code": "3255-7",
            "display": "Fibrinogen [Mass/volume] in Platelet poor plasma by Coagulation assay"
          },
          {
            "code": "2283-0",
            "display": "Folate [Mass/volume] in Red Blood Cells"
          },
          {
            "code": "2284-8",
            "display": "Folate [Mass/volume] in Serum or Plasma"
          },
          {
            "code": "15067-2",
            "display": "Follitropin [Units/volume] in Serum or Plasma"
          },
          {
            "code": "6257-0",
            "display": "Strawberry IgE Ab [Units/volume] in Serum"
          },
          {
            "code": "6278-6",
            "display": "White Ash IgE Ab [Units/volume] in Serum"
          },
          {
            "code": "15069-8",
            "display": "Fructosamine [Moles/volume] in Serum or Plasma"
          },
          {
            "code": "6121-8",
            "display": "Fusarium moniliforme IgE Ab [Units/volume] in Serum"
          },
          {
            "code": "6082-2",
            "display": "Codfish IgE Ab [Units/volume] in Serum"
          },
          {
            "code": "44357-2",
            "display": "Galactomannan Ag [Units/volume] in Serum or Plasma by Immunoassay"
          },
          {
            "code": "2873-8",
            "display": "Gamma globulin [Mass/volume] in Cerebral spinal fluid by Electrophoresis"
          },
          {
            "code": "2874-6",
            "display": "Gamma globulin [Mass/volume] in Serum or Plasma by Electrophoresis"
          },
          {
            "code": "13995-6",
            "display": "Gamma globulin/Protein.total in Urine by Electrophoresis"
          },
          {
            "code": "2324-2",
            "display": "Gamma glutamyl transferase [Enzymatic activity/volume] in Serum or Plasma"
          },
          {
            "code": "19941-4",
            "display": "Oxygen gas flow Oxygen delivery system"
          },
          {
            "code": "2333-3",
            "display": "Gastrin [Mass/volume] in Serum or Plasma"
          },
          {
            "code": "35668-3",
            "display": "Gentamicin [Mass/volume] in Serum or Plasma"
          },
          {
            "code": "3663-2",
            "display": "Gentamicin [Mass/volume] in Serum or Plasma --peak"
          },
          {
            "code": "3665-7",
            "display": "Gentamicin [Mass/volume] in Serum or Plasma --trough"
          },
          {
            "code": "18185-9",
            "display": "Gestational age"
          },
          {
            "code": "33914-3",
            "display": "Glomerular filtration rate/1.73 sq M.predicted by Creatinine-based formula (MDRD)"
          },
          {
            "code": "1501-6",
            "display": "Glucose [Mass/volume] in Serum or Plasma --1 hour post 100 g glucose PO"
          },
          {
            "code": "1504-0",
            "display": "Glucose [Mass/volume] in Serum or Plasma --1 hour post 50 g glucose PO"
          },
          {
            "code": "1514-9",
            "display": "Glucose [Mass/volume] in Serum or Plasma --2 hours post 100 g glucose PO"
          },
          {
            "code": "1530-5",
            "display": "Glucose [Mass/volume] in Serum or Plasma --3 hours post 100 g glucose PO"
          },
          {
            "code": "2344-0",
            "display": "Glucose [Mass/volume] in Body fluid"
          },
          {
            "code": "2342-4",
            "display": "Glucose [Mass/volume] in Cerebral spinal fluid"
          },
          {
            "code": "2350-7",
            "display": "Glucose [Mass/volume] in Urine"
          },
          {
            "code": "5792-7",
            "display": "Glucose [Mass/volume] in Urine by Test strip"
          },
          {
            "code": "32546-4",
            "display": "Glucose-6-Phosphate dehydrogenase [Enzymatic activity/mass] in Red Blood Cells"
          },
          {
            "code": "1558-6",
            "display": "Fasting glucose [Mass/volume] in Serum or Plasma"
          },
          {
            "code": "20642-5",
            "display": "Glutamate [Moles/volume] in Serum or Plasma"
          },
          {
            "code": "20643-3",
            "display": "Glutamine [Moles/volume] in Serum or Plasma"
          },
          {
            "code": "6125-9",
            "display": "Gluten IgE Ab [Units/volume] in Serum"
          },
          {
            "code": "6248-9",
            "display": "Soybean IgE Ab [Units/volume] in Serum"
          },
          {
            "code": "20644-1",
            "display": "Glycine [Moles/volume] in Serum or Plasma"
          },
          {
            "code": "6420-4",
            "display": "Helicobacter pylori IgA Ab [Units/volume] in Serum by Immunoassay"
          },
          {
            "code": "5176-3",
            "display": "Helicobacter pylori IgG Ab [Units/volume] in Serum by Immunoassay"
          },
          {
            "code": "5177-1",
            "display": "Helicobacter pylori IgM Ab [Units/volume] in Serum by Immunoassay"
          },
          {
            "code": "31100-1",
            "display": "Hematocrit [Volume Fraction] of Blood by Impedance"
          },
          {
            "code": "20570-8",
            "display": "Hematocrit [Volume Fraction] of Blood"
          },
          {
            "code": "4545-0",
            "display": "Hematocrit [Volume Fraction] of Blood by Centrifugation"
          },
          {
            "code": "11153-4",
            "display": "Hematocrit [Volume Fraction] of Body fluid"
          },
          {
            "code": "17856-6",
            "display": "Hemoglobin A1c/Hemoglobin.total in Blood by HPLC"
          },
          {
            "code": "4548-4",
            "display": "Hemoglobin A1c/Hemoglobin.total in Blood"
          },
          {
            "code": "4547-6",
            "display": "Hemoglobin A1/Hemoglobin.total in Blood"
          },
          {
            "code": "4551-8",
            "display": "Hemoglobin A2/Hemoglobin.total in Blood"
          },
          {
            "code": "4563-3",
            "display": "Hemoglobin C/Hemoglobin.total in Blood"
          },
          {
            "code": "4575-7",
            "display": "Hemoglobin E/Hemoglobin.total in Blood"
          },
          {
            "code": "42810-2",
            "display": "Hemoglobin [Entitic mass] in Reticulocytes"
          },
          {
            "code": "4633-4",
            "display": "Hemoglobin F/Hemoglobin.total in Blood by Kleihauer-Betke method"
          },
          {
            "code": "4576-5",
            "display": "Hemoglobin F/Hemoglobin.total in Blood"
          },
          {
            "code": "721-1",
            "display": "Free Hemoglobin [Mass/volume] in Plasma"
          },
          {
            "code": "4635-9",
            "display": "Free Hemoglobin [Mass/volume] in Serum"
          },
          {
            "code": "30313-1",
            "display": "Hemoglobin [Mass/volume] in Arterial blood"
          },
          {
            "code": "718-7",
            "display": "Hemoglobin [Mass/volume] in Blood"
          },
          {
            "code": "30350-3",
            "display": "Hemoglobin [Mass/volume] in Venous blood"
          },
          {
            "code": "4625-0",
            "display": "Hemoglobin S/Hemoglobin.total in Blood"
          },
          {
            "code": "29615-2",
            "display": "Hepatitis B virus DNA [#/volume] (viral load) in Serum or Plasma by Probe and target amplification method"
          },
          {
            "code": "5193-8",
            "display": "Hepatitis B virus surface Ab [Units/volume] in Serum by Immunoassay"
          },
          {
            "code": "38180-6",
            "display": "Hepatitis C virus RNA [log units/volume] (viral load) in Serum or Plasma by Probe and target amplification method"
          },
          {
            "code": "27948-9",
            "display": "Herpes simplex virus 1+2 IgG Ab [Units/volume] in Serum by Immunoassay"
          },
          {
            "code": "20645-8",
            "display": "Histidine [Moles/volume] in Serum or Plasma"
          },
          {
            "code": "20573-2",
            "display": "Histoplasma capsulatum mycelial phase Ab [Titer] in Serum by Complement fixation"
          },
          {
            "code": "20574-0",
            "display": "Histoplasma capsulatum yeast phase Ab [Titer] in Serum by Complement fixation"
          },
          {
            "code": "29539-4",
            "display": "HIV 1 RNA [Log #/volume] (viral load) in Plasma by Probe and signal amplification method"
          },
          {
            "code": "20447-9",
            "display": "HIV 1 RNA [#/volume] (viral load) in Serum or Plasma by Probe and target amplification method"
          },
          {
            "code": "6165-5",
            "display": "Lobster IgE Ab [Units/volume] in Serum"
          },
          {
            "code": "13965-9",
            "display": "Homocysteine [Moles/volume] in Serum or Plasma"
          },
          {
            "code": "6037-6",
            "display": "Barley IgE Ab [Units/volume] in Serum"
          },
          {
            "code": "5796-8",
            "display": "Hyaline casts [#/area] in Urine sediment by Microscopy low power field"
          },
          {
            "code": "2458-8",
            "display": "IgA [Mass/volume] in Serum or Plasma"
          },
          {
            "code": "19113-0",
            "display": "IgE [Units/volume] in Serum or Plasma"
          },
          {
            "code": "14117-6",
            "display": "IgG index in Serum and CSF"
          },
          {
            "code": "2464-6",
            "display": "IgG [Mass/volume] in Cerebral spinal fluid"
          },
          {
            "code": "2465-3",
            "display": "IgG [Mass/volume] in Serum or Plasma"
          },
          {
            "code": "2466-1",
            "display": "IgG subclass 1 [Mass/volume] in Serum"
          },
          {
            "code": "2467-9",
            "display": "IgG subclass 2 [Mass/volume] in Serum"
          },
          {
            "code": "2468-7",
            "display": "IgG subclass 3 [Mass/volume] in Serum"
          },
          {
            "code": "2469-5",
            "display": "IgG subclass 4 [Mass/volume] in Serum"
          },
          {
            "code": "14116-8",
            "display": "IgG synthesis rate [Mass/time] in Serum and CSF by calculation"
          },
          {
            "code": "2472-9",
            "display": "IgM [Mass/volume] in Serum or Plasma"
          },
          {
            "code": "36916-5",
            "display": "Immunoglobulin light chains.kappa.free [Mass/volume] in Serum"
          },
          {
            "code": "15189-4",
            "display": "Immunoglobulin light chains.kappa/Immunoglobulin light chains.lambda [Mass Ratio] in Serum"
          },
          {
            "code": "11050-2",
            "display": "Immunoglobulin light chains.kappa [Mass/volume] in Serum"
          },
          {
            "code": "33944-0",
            "display": "Immunoglobulin light chains.lambda.free [Mass/volume] in Serum or Plasma"
          },
          {
            "code": "11051-0",
            "display": "Immunoglobulin light chains.lambda [Mass/volume] in Serum"
          },
          {
            "code": "23883-2",
            "display": "Inhibin A [Mass/volume] in Serum or Plasma"
          },
          {
            "code": "20448-7",
            "display": "Insulin [Units/volume] in Serum or Plasma"
          },
          {
            "code": "6901-3",
            "display": "Insulin Free [Units/volume] in Serum or Plasma"
          },
          {
            "code": "2483-6",
            "display": "Insulin-like growth factor binding protein 3 [Mass/volume] in Serum or Plasma"
          },
          {
            "code": "2484-4",
            "display": "Insulin-like growth factor-I [Mass/volume] in Serum or Plasma"
          },
          {
            "code": "2500-7",
            "display": "Iron binding capacity [Mass/volume] in Serum or Plasma"
          },
          {
            "code": "2498-4",
            "display": "Iron [Mass/volume] in Serum or Plasma"
          },
          {
            "code": "2502-3",
            "display": "Iron saturation [Mass Fraction] in Serum or Plasma"
          },
          {
            "code": "31209-0",
            "display": "Islet cell 512 Ab [Units/volume] in Serum"
          },
          {
            "code": "20648-2",
            "display": "Isoleucine [Moles/volume] in Serum or Plasma"
          },
          {
            "code": "5669-7",
            "display": "Isopropanol [Mass/volume] in Serum or Plasma"
          },
          {
            "code": "6273-7",
            "display": "Walnut IgE Ab [Units/volume] in Serum"
          },
          {
            "code": "6178-8",
            "display": "Mountain Juniper IgE Ab [Units/volume] in Serum"
          },
          {
            "code": "5797-6",
            "display": "Ketones [Mass/volume] in Urine by Test strip"
          },
          {
            "code": "2529-6",
            "display": "Lactate dehydrogenase [Enzymatic activity/volume] in Body fluid"
          },
          {
            "code": "2518-9",
            "display": "Lactate [Moles/volume] in Arterial blood"
          },
          {
            "code": "32133-1",
            "display": "Lactate [Moles/volume] in Plasma venous"
          },
          {
            "code": "2524-7",
            "display": "Lactate [Moles/volume] in Serum or Plasma"
          },
          {
            "code": "6948-4",
            "display": "Lamotrigine [Mass/volume] in Serum or Plasma"
          },
          {
            "code": "6158-0",
            "display": "Latex IgE Ab [Units/volume] in Serum"
          },
          {
            "code": "5671-3",
            "display": "Lead [Mass/volume] in Blood"
          },
          {
            "code": "14976-5",
            "display": "Lecithin/Sphingomyelin [Ratio] in Amniotic fluid"
          },
          {
            "code": "20649-0",
            "display": "Leucine [Moles/volume] in Serum or Plasma"
          },
          {
            "code": "5821-4",
            "display": "Leukocytes [#/area] in Urine sediment by Microscopy high power field"
          },
          {
            "code": "6690-2",
            "display": "Leukocytes [#/volume] in Blood by Automated count"
          },
          {
            "code": "30471-7",
            "display": "Levetiracetam [Mass/volume] in Serum or Plasma"
          },
          {
            "code": "3714-3",
            "display": "Lidocaine [Mass/volume] in Serum or Plasma"
          },
          {
            "code": "7632-3",
            "display": "Privet IgE Ab [Units/volume] in Serum"
          },
          {
            "code": "10835-7",
            "display": "Lipoprotein a [Mass/volume] in Serum or Plasma"
          },
          {
            "code": "3719-2",
            "display": "Lithium [Mass/volume] in Serum or Plasma"
          },
          {
            "code": "7369-2",
            "display": "Perennial rye grass IgE Ab [Units/volume] in Serum"
          },
          {
            "code": "3284-7",
            "display": "Lupus anticoagulant neutralization platelet [Time] in Platelet poor plasma by Coagulation assay"
          },
          {
            "code": "10501-5",
            "display": "Lutropin [Units/volume] in Serum or Plasma"
          },
          {
            "code": "6266-1",
            "display": "Tomato IgE Ab [Units/volume] in Serum"
          },
          {
            "code": "736-9",
            "display": "Lymphocytes/100 leukocytes in Blood by Automated count"
          },
          {
            "code": "737-7",
            "display": "Lymphocytes/100 leukocytes in Blood by Manual count"
          },
          {
            "code": "11031-2",
            "display": "Lymphocytes/100 leukocytes in Body fluid"
          },
          {
            "code": "10328-3",
            "display": "Lymphocytes/100 leukocytes in Cerebral spinal fluid by Manual count"
          },
          {
            "code": "731-0",
            "display": "Lymphocytes [#/volume] in Blood by Automated count"
          },
          {
            "code": "20650-8",
            "display": "Lysine [Moles/volume] in Serum or Plasma"
          },
          {
            "code": "12230-9",
            "display": "Macrophages/100 leukocytes in Body fluid by Manual count"
          },
          {
            "code": "12229-1",
            "display": "Macrophages/100 leukocytes in Cerebral spinal fluid by Manual count"
          },
          {
            "code": "19123-9",
            "display": "Magnesium [Mass/volume] in Serum or Plasma"
          },
          {
            "code": "2597-3",
            "display": "Magnesium [Moles/volume] in Red Blood Cells"
          },
          {
            "code": "6021-0",
            "display": "Apple IgE Ab [Units/volume] in Serum"
          },
          {
            "code": "787-2",
            "display": "Erythrocyte mean corpuscular volume [Entitic volume] by Automated count"
          },
          {
            "code": "5244-9",
            "display": "Measles virus IgG Ab [Units/volume] in Serum by Immunoassay"
          },
          {
            "code": "5685-3",
            "display": "Mercury [Mass/volume] in Blood"
          },
          {
            "code": "12234-1",
            "display": "Mesothelial cells/100 leukocytes in Body fluid by Manual count"
          },
          {
            "code": "740-1",
            "display": "Metamyelocytes/100 leukocytes in Blood by Manual count"
          },
          {
            "code": "739-3",
            "display": "Metamyelocytes [#/volume] in Blood by Manual count"
          },
          {
            "code": "19049-6",
            "display": "Metanephrine [Mass/time] in 24 hour Urine"
          },
          {
            "code": "25473-0",
            "display": "Metanephrine [Moles/volume] in Serum or Plasma"
          },
          {
            "code": "5693-7",
            "display": "Methanol [Mass/volume] in Serum or Plasma"
          },
          {
            "code": "2615-3",
            "display": "Methemoglobin/Hemoglobin.total in Arterial blood"
          },
          {
            "code": "2614-6",
            "display": "Methemoglobin/Hemoglobin.total in Blood"
          },
          {
            "code": "20651-6",
            "display": "Methionine [Moles/volume] in Serum or Plasma"
          },
          {
            "code": "14836-1",
            "display": "Methotrexate [Moles/volume] in Serum or Plasma"
          },
          {
            "code": "13964-2",
            "display": "Methylmalonate [Moles/volume] in Serum or Plasma"
          },
          {
            "code": "6174-7",
            "display": "Milk IgE Ab [Units/volume] in Serum"
          },
          {
            "code": "14251-3",
            "display": "Mitochondria M2 IgG Ab [Units/volume] in Serum"
          },
          {
            "code": "5905-5",
            "display": "Monocytes/100 leukocytes in Blood by Automated count"
          },
          {
            "code": "744-3",
            "display": "Monocytes/100 leukocytes in Blood by Manual count"
          },
          {
            "code": "10329-1",
            "display": "Monocytes/100 leukocytes in Cerebral spinal fluid by Manual count"
          },
          {
            "code": "742-7",
            "display": "Monocytes [#/volume] in Blood by Automated count"
          },
          {
            "code": "743-5",
            "display": "Monocytes [#/volume] in Blood by Manual count"
          },
          {
            "code": "6281-0",
            "display": "White mulberry IgE Ab [Units/volume] in Serum"
          },
          {
            "code": "6182-0",
            "display": "Mucor racemosus IgE Ab [Units/volume] in Serum"
          },
          {
            "code": "38476-8",
            "display": "Mullerian inhibiting substance [Mass/volume] in Serum or Plasma"
          },
          {
            "code": "25418-5",
            "display": "Mumps virus IgG Ab [Units/volume] in Serum by Immunoassay"
          },
          {
            "code": "7966-5",
            "display": "Mumps virus IgG Ab [Units/volume] in Serum"
          },
          {
            "code": "6035-0",
            "display": "Banana IgE Ab [Units/volume] in Serum"
          },
          {
            "code": "23905-3",
            "display": "Mycophenolate [Mass/volume] in Serum or Plasma"
          },
          {
            "code": "5255-5",
            "display": "Mycoplasma pneumoniae IgG Ab [Units/volume] in Serum by Immunoassay"
          },
          {
            "code": "5256-3",
            "display": "Mycoplasma pneumoniae IgM Ab [Units/volume] in Serum by Immunoassay"
          },
          {
            "code": "2638-5",
            "display": "Myelin basic protein [Mass/volume] in Cerebral spinal fluid"
          },
          {
            "code": "749-2",
            "display": "Myelocytes/100 leukocytes in Blood by Manual count"
          },
          {
            "code": "748-4",
            "display": "Myelocytes [#/volume] in Blood by Manual count"
          },
          {
            "code": "6969-0",
            "display": "Myeloperoxidase Ab [Units/volume] in Serum"
          },
          {
            "code": "2639-3",
            "display": "Myoglobin [Mass/volume] in Serum or Plasma"
          },
          {
            "code": "30934-4",
            "display": "Natriuretic peptide B [Mass/volume] in Serum or Plasma"
          },
          {
            "code": "29967-7",
            "display": "Neutrophil cytoplasmic IgG Ab [Titer] in Serum by Immunofluorescence"
          },
          {
            "code": "14278-6",
            "display": "Neutrophil cytoplasmic Ab.perinuclear [Titer] in Serum by Immunofluorescence"
          },
          {
            "code": "770-8",
            "display": "Neutrophils/100 leukocytes in Blood by Automated count"
          },
          {
            "code": "12238-2",
            "display": "Neutrophils/100 leukocytes in Body fluid by Manual count"
          },
          {
            "code": "13516-0",
            "display": "Neutrophils/100 leukocytes in Cerebral spinal fluid by Manual count"
          },
          {
            "code": "764-1",
            "display": "Neutrophils.band form/100 leukocytes in Blood by Manual count"
          },
          {
            "code": "26510-8",
            "display": "Neutrophils.band form/100 leukocytes in Body fluid"
          },
          {
            "code": "12278-8",
            "display": "Neutrophils.band form/100 leukocytes in Cerebral spinal fluid by Manual count"
          },
          {
            "code": "751-8",
            "display": "Neutrophils [#/volume] in Blood by Automated count"
          },
          {
            "code": "769-0",
            "display": "Neutrophils.segmented/100 leukocytes in Blood by Manual count"
          },
          {
            "code": "3854-7",
            "display": "Nicotine [Mass/volume] in Urine"
          },
          {
            "code": "2668-2",
            "display": "Norepinephrine [Mass/time] in 24 hour Urine"
          },
          {
            "code": "2671-6",
            "display": "Normetanephrine [Mass/time] in 24 hour Urine"
          },
          {
            "code": "25489-6",
            "display": "Normetanephrine [Moles/volume] in Serum or Plasma"
          },
          {
            "code": "33917-6",
            "display": "Nornicotine [Mass/volume] in Urine"
          },
          {
            "code": "29953-7",
            "display": "Nuclear Ab [Titer] in Serum"
          },
          {
            "code": "31019-3",
            "display": "10-Hydroxycarbazepine [Mass/volume] in Serum or Plasma"
          },
          {
            "code": "1668-3",
            "display": "17-Hydroxyprogesterone [Mass/volume] in Serum or Plasma"
          },
          {
            "code": "1695-6",
            "display": "5-Hydroxyindoleacetate [Mass/time] in 24 hour Urine"
          },
          {
            "code": "42176-8",
            "display": "1,3 beta glucan [Mass/volume] in Serum"
          },
          {
            "code": "8220-6",
            "display": "Opiates [Mass/volume] in Urine"
          },
          {
            "code": "20652-4",
            "display": "Ornithine [Moles/volume] in Serum or Plasma"
          },
          {
            "code": "6230-7",
            "display": "Rice IgE Ab [Units/volume] in Serum"
          },
          {
            "code": "2692-2",
            "display": "Osmolality of Serum or Plasma"
          },
          {
            "code": "2695-5",
            "display": "Osmolality of Urine"
          },
          {
            "code": "5788-5",
            "display": "Oval fat bodies (globules) [#/area] in Urine sediment by Microscopy high power field"
          },
          {
            "code": "2701-1",
            "display": "Oxalate [Mass/time] in 24 hour Urine"
          },
          {
            "code": "2703-7",
            "display": "Oxygen [Partial pressure] in Arterial blood"
          },
          {
            "code": "28648-4",
            "display": "Oxygen [Partial pressure] in Arterial cord blood"
          },
          {
            "code": "28649-2",
            "display": "Oxygen [Partial pressure] in Venous cord blood"
          },
          {
            "code": "2705-2",
            "display": "Oxygen [Partial pressure] in Venous blood"
          },
          {
            "code": "2708-6",
            "display": "Oxygen saturation in Arterial blood"
          },
          {
            "code": "2711-0",
            "display": "Oxygen saturation in Venous blood"
          },
          {
            "code": "2714-4",
            "display": "Fractional oxyhemoglobin in Arterial blood"
          },
          {
            "code": "2716-9",
            "display": "Fractional oxyhemoglobin in Venous blood"
          },
          {
            "code": "6246-3",
            "display": "Shrimp IgE Ab [Units/volume] in Serum"
          },
          {
            "code": "2731-8",
            "display": "Parathyrin.intact [Mass/volume] in Serum or Plasma"
          },
          {
            "code": "7983-0",
            "display": "Parvovirus B19 IgG Ab [Units/volume] in Serum"
          },
          {
            "code": "7984-8",
            "display": "Parvovirus B19 IgM Ab [Units/volume] in Serum"
          },
          {
            "code": "6034-3",
            "display": "Bahia grass IgE Ab [Units/volume] in Serum"
          },
          {
            "code": "7691-9",
            "display": "Scallop IgE Ab [Units/volume] in Serum"
          },
          {
            "code": "6212-5",
            "display": "Penicillium notatum IgE Ab [Units/volume] in Serum"
          },
          {
            "code": "33254-4",
            "display": "pH of Arterial blood adjusted to patients actual temperature"
          },
          {
            "code": "3948-7",
            "display": "Phenobarbital [Mass/volume] in Serum or Plasma"
          },
          {
            "code": "14875-9",
            "display": "Phenylalanine [Moles/volume] in Serum or Plasma"
          },
          {
            "code": "3969-3",
            "display": "Phenytoin Free [Mass/volume] in Serum or Plasma"
          },
          {
            "code": "3968-5",
            "display": "Phenytoin [Mass/volume] in Serum or Plasma"
          },
          {
            "code": "6265-3",
            "display": "Timothy IgE Ab [Units/volume] in Serum"
          },
          {
            "code": "2744-1",
            "display": "pH of Arterial blood"
          },
          {
            "code": "28646-8",
            "display": "pH of Arterial cord blood"
          },
          {
            "code": "28647-6",
            "display": "pH of Venous cord blood"
          },
          {
            "code": "2745-8",
            "display": "pH of Capillary blood"
          },
          {
            "code": "11558-4",
            "display": "pH of Blood"
          },
          {
            "code": "2746-6",
            "display": "pH of Venous blood"
          },
          {
            "code": "2748-2",
            "display": "pH of Body fluid"
          },
          {
            "code": "2749-0",
            "display": "pH of Gastric fluid"
          },
          {
            "code": "2753-2",
            "display": "pH of Serum or Plasma"
          },
          {
            "code": "2756-5",
            "display": "pH of Urine"
          },
          {
            "code": "5803-2",
            "display": "pH of Urine by Test strip"
          },
          {
            "code": "2777-1",
            "display": "Phosphate [Mass/volume] in Serum or Plasma"
          },
          {
            "code": "2778-9",
            "display": "Phosphate [Mass/volume] in Urine"
          },
          {
            "code": "2779-7",
            "display": "Phosphate [Mass/time] in 24 hour Urine"
          },
          {
            "code": "14246-3",
            "display": "Phosphatidylserine IgM Ab [Units/volume] in Serum"
          },
          {
            "code": "7613-3",
            "display": "Pistachio IgE Ab [Units/volume] in Serum"
          },
          {
            "code": "6110-1",
            "display": "English Plantain IgE Ab [Units/volume] in Serum"
          },
          {
            "code": "13047-6",
            "display": "Plasma cells/100 leukocytes in Blood"
          },
          {
            "code": "6263-8",
            "display": "American Sycamore IgE Ab [Units/volume] in Serum"
          },
          {
            "code": "32623-1",
            "display": "Platelet mean volume [Entitic volume] in Blood by Automated count"
          },
          {
            "code": "777-3",
            "display": "Platelets [#/volume] in Blood by Automated count"
          },
          {
            "code": "6153-1",
            "display": "Kentucky blue grass IgE Ab [Units/volume] in Serum"
          },
          {
            "code": "6090-5",
            "display": "Cottonwood IgE Ab [Units/volume] in Serum"
          },
          {
            "code": "6219-0",
            "display": "Pork IgE Ab [Units/volume] in Serum"
          },
          {
            "code": "2823-3",
            "display": "Potassium [Moles/volume] in Serum or Plasma"
          },
          {
            "code": "2828-2",
            "display": "Potassium [Moles/volume] in Urine"
          },
          {
            "code": "14338-8",
            "display": "Prealbumin [Mass/volume] in Serum or Plasma"
          },
          {
            "code": "32046-5",
            "display": "Pregnancy associated plasma protein A [Units/volume] in Serum or Plasma"
          },
          {
            "code": "2837-3",
            "display": "Pregnenolone [Mass/volume] in Serum or Plasma"
          },
          {
            "code": "2839-9",
            "display": "Progesterone [Mass/volume] in Serum or Plasma"
          },
          {
            "code": "2842-3",
            "display": "Prolactin [Mass/volume] in Serum or Plasma"
          },
          {
            "code": "20655-7",
            "display": "Proline [Moles/volume] in Serum or Plasma"
          },
          {
            "code": "783-1",
            "display": "Promyelocytes/100 leukocytes in Blood by Manual count"
          },
          {
            "code": "26523-1",
            "display": "Promyelocytes [#/volume] in Blood"
          },
          {
            "code": "3545-1",
            "display": "Propoxyphene [Mass/volume] in Urine"
          },
          {
            "code": "10886-0",
            "display": "Prostate Specific Ag Free [Mass/volume] in Serum or Plasma"
          },
          {
            "code": "12841-3",
            "display": "Prostate Specific Ag Free/Prostate specific Ag.total in Serum or Plasma"
          },
          {
            "code": "2857-1",
            "display": "Prostate specific Ag [Mass/volume] in Serum or Plasma"
          },
          {
            "code": "6968-2",
            "display": "Proteinase 3 Ab [Units/volume] in Serum"
          },
          {
            "code": "27819-2",
            "display": "Protein C actual/normal in Platelet poor plasma by Coagulation assay"
          },
          {
            "code": "27820-0",
            "display": "Protein C Ag actual/normal in Platelet poor plasma by Immunologic method"
          },
          {
            "code": "2890-2",
            "display": "Protein/Creatinine [Mass Ratio] in Urine"
          },
          {
            "code": "2881-1",
            "display": "Protein [Mass/volume] in Body fluid"
          },
          {
            "code": "2880-3",
            "display": "Protein [Mass/volume] in Cerebral spinal fluid"
          },
          {
            "code": "2885-2",
            "display": "Protein [Mass/volume] in Serum or Plasma"
          },
          {
            "code": "2888-6",
            "display": "Protein [Mass/volume] in Urine"
          },
          {
            "code": "2889-4",
            "display": "Protein [Mass/time] in 24 hour Urine"
          },
          {
            "code": "27822-6",
            "display": "Protein S actual/normal in Platelet poor plasma by Coagulation assay"
          },
          {
            "code": "27823-4",
            "display": "Protein S Ag actual/normal in Platelet poor plasma by Immunologic method"
          },
          {
            "code": "2892-8",
            "display": "Protoporphyrin Free [Mass/volume] in Blood"
          },
          {
            "code": "2895-1",
            "display": "Protoporphyrin.zinc [Mass/volume] in Red Blood Cells"
          },
          {
            "code": "6019-4",
            "display": "Almond IgE Ab [Units/volume] in Serum"
          },
          {
            "code": "2900-9",
            "display": "Pyridoxine [Mass/volume] in Serum or Plasma"
          },
          {
            "code": "14121-8",
            "display": "Pyruvate [Moles/volume] in Blood"
          },
          {
            "code": "6189-5",
            "display": "White Oak IgE Ab [Units/volume] in Serum"
          },
          {
            "code": "6164-8",
            "display": "Virginia Live Oak IgE Ab [Units/volume] in Serum"
          },
          {
            "code": "31147-2",
            "display": "Reagin Ab [Titer] in Serum by RPR"
          },
          {
            "code": "2915-7",
            "display": "Renin [Enzymatic activity/volume] in Plasma"
          },
          {
            "code": "31112-6",
            "display": "Reticulocytes/100 erythrocytes in Blood by Manual"
          },
          {
            "code": "14196-0",
            "display": "Reticulocytes [#/volume] in Blood"
          },
          {
            "code": "2923-1",
            "display": "Retinol [Mass/volume] in Serum or Plasma"
          },
          {
            "code": "38496-6",
            "display": "Retinyl palmitate [Mass/volume] in Serum or Plasma"
          },
          {
            "code": "11572-5",
            "display": "Rheumatoid factor [Units/volume] in Serum or Plasma"
          },
          {
            "code": "8014-3",
            "display": "Rubella virus IgG Ab [Units/volume] in Serum"
          },
          {
            "code": "5335-5",
            "display": "Rubella virus IgM Ab [Units/volume] in Serum by Immunoassay"
          },
          {
            "code": "6076-4",
            "display": "Clam IgE Ab [Units/volume] in Serum"
          },
          {
            "code": "31032-6",
            "display": "Baker's yeast IgA Ab [Units/volume] in Serum"
          },
          {
            "code": "35538-8",
            "display": "Baker's yeast IgG Ab [Mass/volume] in Serum"
          },
          {
            "code": "4024-6",
            "display": "Salicylates [Mass/volume] in Serum or Plasma"
          },
          {
            "code": "6237-2",
            "display": "Salmon IgE Ab [Units/volume] in Serum"
          },
          {
            "code": "6234-9",
            "display": "Saltwort IgE Ab [Units/volume] in Serum"
          },
          {
            "code": "27416-7",
            "display": "SCL-70 extractable nuclear Ab [Units/volume] in Serum"
          },
          {
            "code": "5724-0",
            "display": "Selenium [Mass/volume] in Serum or Plasma"
          },
          {
            "code": "20656-5",
            "display": "Serine [Moles/volume] in Serum or Plasma"
          },
          {
            "code": "6242-2",
            "display": "Sesame Seed IgE Ab [Units/volume] in Serum"
          },
          {
            "code": "13967-5",
            "display": "Sex hormone binding globulin [Moles/volume] in Serum or Plasma"
          },
          {
            "code": "10587-4",
            "display": "Sexual abstinence duration"
          },
          {
            "code": "29247-4",
            "display": "Sirolimus [Mass/volume] in Blood"
          },
          {
            "code": "17791-5",
            "display": "Sjogrens syndrome-B extractable nuclear Ab [Units/volume] in Serum"
          },
          {
            "code": "5358-7",
            "display": "Smooth muscle Ab [Titer] in Serum by Immunofluorescence"
          },
          {
            "code": "2951-2",
            "display": "Sodium [Moles/volume] in Serum or Plasma"
          },
          {
            "code": "2955-3",
            "display": "Sodium [Moles/volume] in Urine"
          },
          {
            "code": "2956-1",
            "display": "Sodium [Moles/time] in 24 hour Urine"
          },
          {
            "code": "6220-8",
            "display": "Potato IgE Ab [Units/volume] in Serum"
          },
          {
            "code": "2963-7",
            "display": "Somatotropin [Mass/volume] in Serum or Plasma"
          },
          {
            "code": "6152-3",
            "display": "Johnson grass IgE Ab [Units/volume] in Serum"
          },
          {
            "code": "2965-2",
            "display": "Specific gravity of Urine"
          },
          {
            "code": "3167-4",
            "display": "Volume of 24 hour Urine"
          },
          {
            "code": "3160-9",
            "display": "Volume of Semen"
          },
          {
            "code": "28009-9",
            "display": "Volume of Urine"
          },
          {
            "code": "19153-6",
            "display": "Volume of unspecified time Urine"
          },
          {
            "code": "33247-8",
            "display": "Weight of Sweat"
          },
          {
            "code": "6800-7",
            "display": "Spermatozoa Motile/100 spermatozoa in Semen"
          },
          {
            "code": "9780-8",
            "display": "Spermatozoa [#/volume] in Semen"
          },
          {
            "code": "10622-9",
            "display": "Spermatozoa Normal/100 spermatozoa in Semen"
          },
          {
            "code": "27374-8",
            "display": "Streptococcus pneumoniae 12 IgG Ab [Mass/volume] in Serum"
          },
          {
            "code": "27387-0",
            "display": "Streptococcus pneumoniae 14 IgG Ab [Mass/volume] in Serum"
          },
          {
            "code": "27390-4",
            "display": "Streptococcus pneumoniae 19 IgG Ab [Mass/volume] in Serum"
          },
          {
            "code": "27092-6",
            "display": "Streptococcus pneumoniae 1 IgG Ab [Mass/volume] in Serum"
          },
          {
            "code": "27389-6",
            "display": "Streptococcus pneumoniae 23 IgG Ab [Mass/volume] in Serum"
          },
          {
            "code": "27118-9",
            "display": "Streptococcus pneumoniae 26 IgG Ab [Mass/volume] in Serum"
          },
          {
            "code": "27096-7",
            "display": "Streptococcus pneumoniae 3 IgG Ab [Mass/volume] in Serum"
          },
          {
            "code": "27094-2",
            "display": "Streptococcus pneumoniae 4 IgG Ab [Mass/volume] in Serum"
          },
          {
            "code": "25296-5",
            "display": "Streptococcus pneumoniae 51 IgG Ab [Mass/volume] in Serum"
          },
          {
            "code": "30153-1",
            "display": "Streptococcus pneumoniae 68 IgG Ab [Mass/volume] in Serum"
          },
          {
            "code": "27113-0",
            "display": "Streptococcus pneumoniae 8 IgG Ab [Mass/volume] in Serum"
          },
          {
            "code": "27392-0",
            "display": "Streptococcus pneumoniae 9 IgG Ab [Mass/volume] in Serum"
          },
          {
            "code": "22568-0",
            "display": "Streptolysin O Ab [Titer] in Serum"
          },
          {
            "code": "11253-2",
            "display": "Tacrolimus [Mass/volume] in Blood"
          },
          {
            "code": "20657-3",
            "display": "Taurine [Moles/volume] in Serum or Plasma"
          },
          {
            "code": "2991-8",
            "display": "Testosterone Free [Mass/volume] in Serum or Plasma"
          },
          {
            "code": "15432-8",
            "display": "Testosterone Free/Testosterone.total in Serum or Plasma"
          },
          {
            "code": "49041-7",
            "display": "Testosterone [Mass/volume] in Serum or Plasma by Detection limit <= 1.0 ng/dL"
          },
          {
            "code": "2986-8",
            "display": "Testosterone [Mass/volume] in Serum or Plasma"
          },
          {
            "code": "4049-3",
            "display": "Theophylline [Mass/volume] in Serum or Plasma"
          },
          {
            "code": "2998-3",
            "display": "Thiamine [Mass/volume] in Blood"
          },
          {
            "code": "2999-1",
            "display": "Thiamine [Mass/volume] in Serum or Plasma"
          },
          {
            "code": "20658-1",
            "display": "Threonine [Moles/volume] in Serum or Plasma"
          },
          {
            "code": "6270-3",
            "display": "Tuna IgE Ab [Units/volume] in Serum"
          },
          {
            "code": "8098-6",
            "display": "Thyroglobulin Ab [Units/volume] in Serum or Plasma"
          },
          {
            "code": "3013-0",
            "display": "Thyroglobulin [Mass/volume] in Serum or Plasma"
          },
          {
            "code": "38505-4",
            "display": "Thyroglobulin recovery in Serum or Plasma"
          },
          {
            "code": "8099-4",
            "display": "Thyroperoxidase Ab [Units/volume] in Serum or Plasma"
          },
          {
            "code": "3016-3",
            "display": "Thyrotropin [Units/volume] in Serum or Plasma"
          },
          {
            "code": "3024-7",
            "display": "Thyroxine (T4) free [Mass/volume] in Serum or Plasma"
          },
          {
            "code": "31144-9",
            "display": "Thyroxine (T4) [Mass/volume] in Dried blood spot"
          },
          {
            "code": "3026-2",
            "display": "Thyroxine (T4) [Mass/volume] in Serum or Plasma"
          },
          {
            "code": "31017-7",
            "display": "Tissue transglutaminase IgA Ab [Units/volume] in Serum"
          },
          {
            "code": "32998-7",
            "display": "Tissue transglutaminase IgG Ab [Units/volume] in Serum"
          },
          {
            "code": "35670-9",
            "display": "Tobramycin [Mass/volume] in Serum or Plasma"
          },
          {
            "code": "4057-6",
            "display": "Tobramycin [Mass/volume] in Serum or Plasma --peak"
          },
          {
            "code": "4059-2",
            "display": "Tobramycin [Mass/volume] in Serum or Plasma --trough"
          },
          {
            "code": "17713-9",
            "display": "Topiramate [Mass/volume] in Serum or Plasma"
          },
          {
            "code": "3034-6",
            "display": "Transferrin [Mass/volume] in Serum or Plasma"
          },
          {
            "code": "15212-4",
            "display": "Lipase [Enzymatic activity/volume] in Body fluid"
          },
          {
            "code": "3040-3",
            "display": "Lipase [Enzymatic activity/volume] in Serum or Plasma"
          },
          {
            "code": "2571-8",
            "display": "Triglyceride [Mass/volume] in Serum or Plasma"
          },
          {
            "code": "3051-0",
            "display": "Triiodothyronine (T3) Free [Mass/volume] in Serum or Plasma"
          },
          {
            "code": "3053-6",
            "display": "Triiodothyronine (T3) [Mass/volume] in Serum or Plasma"
          },
          {
            "code": "3050-2",
            "display": "Triiodothyronine resin uptake (T3RU) in Serum or Plasma"
          },
          {
            "code": "3052-8",
            "display": "Triiodothyronine (T3).reverse [Mass/volume] in Serum or Plasma"
          },
          {
            "code": "6276-0",
            "display": "Wheat IgE Ab [Units/volume] in Serum"
          },
          {
            "code": "10839-9",
            "display": "Troponin I.cardiac [Mass/volume] in Serum or Plasma"
          },
          {
            "code": "21582-2",
            "display": "Tryptase [Mass/volume] in Serum or Plasma"
          },
          {
            "code": "20660-7",
            "display": "Tyrosine [Moles/volume] in Serum or Plasma"
          },
          {
            "code": "6109-3",
            "display": "White Elm IgE Ab [Units/volume] in Serum"
          },
          {
            "code": "3084-1",
            "display": "Urate [Mass/volume] in Serum or Plasma"
          },
          {
            "code": "3086-6",
            "display": "Urate [Mass/volume] in Urine"
          },
          {
            "code": "3087-4",
            "display": "Urate [Mass/time] in 24 hour Urine"
          },
          {
            "code": "3094-0",
            "display": "Urea nitrogen [Mass/volume] in Serum or Plasma"
          },
          {
            "code": "3095-7",
            "display": "Urea nitrogen [Mass/volume] in Urine"
          },
          {
            "code": "3096-5",
            "display": "Urea nitrogen [Mass/time] in 24 hour Urine"
          },
          {
            "code": "3107-0",
            "display": "Urobilinogen [Mass/volume] in Urine"
          },
          {
            "code": "6186-1",
            "display": "Nettle IgE Ab [Units/volume] in Serum"
          },
          {
            "code": "20661-5",
            "display": "Valine [Moles/volume] in Serum or Plasma"
          },
          {
            "code": "4086-5",
            "display": "Valproate [Mass/volume] in Serum or Plasma"
          },
          {
            "code": "20578-1",
            "display": "Vancomycin [Mass/volume] in Serum or Plasma"
          },
          {
            "code": "4090-7",
            "display": "Vancomycin [Mass/volume] in Serum or Plasma --peak"
          },
          {
            "code": "4092-3",
            "display": "Vancomycin [Mass/volume] in Serum or Plasma --trough"
          },
          {
            "code": "9624-8",
            "display": "Vanillylmandelate [Mass/volume] in Urine"
          },
          {
            "code": "3122-9",
            "display": "Vanillylmandelate [Mass/time] in 24 hour Urine"
          },
          {
            "code": "5403-1",
            "display": "Varicella zoster virus IgG Ab [Units/volume] in Serum by Immunoassay"
          },
          {
            "code": "5404-9",
            "display": "Varicella zoster virus IgM Ab [Units/volume] in Serum by Immunoassay"
          },
          {
            "code": "6012-9",
            "display": "von Willebrand factor (vWf) Ag [Units/volume] in Platelet poor plasma by Immunologic method"
          },
          {
            "code": "6014-5",
            "display": "von Willebrand factor (vWf) ristocetin cofactor actual/normal in Platelet poor plasma by Aggregation"
          },
          {
            "code": "9804-6",
            "display": "Weight of Stone"
          },
          {
            "code": "6087-1",
            "display": "Corn IgE Ab [Units/volume] in Serum"
          },
          {
            "code": "5763-8",
            "display": "Zinc [Mass/volume] in Serum or Plasma"
          }
        ]
      }
    ]
  }
}