{
  "resourceType": "ValueSet",
  "id": "practitioner-providerClassification",
  "meta": {
    "profile": [
      "http://hl7.org/fhir/StructureDefinition/valueset-shareable-definition"
    ]
  },
  "url": "http://fhir.org/guides/hspc/ValueSet/practitioner-providerClassification",
  "name": "HSPC ProviderPractitioner Classification",
  "status": "draft",
  "publisher": "HSPC",
  "contact": [
    {
      "telecom": [
        {
          "system": "other",
          "value": "http://healthcaresoa.org"
        }
      ]
    }
  ],
  "description": "A set of codes that describe the class of health care a practitioner provides.",
  "compose": {
    "include": [
      {
        "system": "http://www.nucc.org",
        "concept": [
          {
            "code": "207K00000X",
            "display": "Allopathic and Osteopathic Physicians Allergy and Immunology"
          },
          {
            "code": "207L00000X",
            "display": "Allopathic and Osteopathic Physicians Anesthesiology"
          },
          {
            "code": "208U00000X",
            "display": "Allopathic and Osteopathic Physicians Clinical Pharmacology"
          },
          {
            "code": "208C00000X",
            "display": "Allopathic and Osteopathic Physicians Colon and Rectal Surgery"
          },
          {
            "code": "207N00000X",
            "display": "Allopathic and Osteopathic Physicians Dermatology"
          },
          {
            "code": "204R00000X",
            "display": "Allopathic and Osteopathic Physicians Electrodiagnostic Medicine"
          },
          {
            "code": "207P00000X",
            "display": "Allopathic and Osteopathic Physicians Emergency Medicine"
          },
          {
            "code": "207Q00000X",
            "display": "Allopathic and Osteopathic Physicians Family Medicine"
          },
          {
            "code": "208D00000X",
            "display": "Allopathic and Osteopathic Physicians General Practice"
          },
          {
            "code": "208M00000X",
            "display": "Allopathic and Osteopathic Physicians Hospitalist"
          },
          {
            "code": "202C00000X",
            "display": "Allopathic and Osteopathic Physicians Independent Medical Examiner"
          },
          {
            "code": "207R00000X",
            "display": "Allopathic and Osteopathic Physicians Internal Medicine"
          },
          {
            "code": "209800000X",
            "display": "Allopathic and Osteopathic Physicians Legal Medicine"
          },
          {
            "code": "207T00000X",
            "display": "Allopathic and Osteopathic Physicians Neurological Surgery"
          },
          {
            "code": "204D00000X",
            "display": "Allopathic and Osteopathic Physicians Neuromusculoskeletal Medicine and OMM"
          },
          {
            "code": "204C00000X",
            "display": "Allopathic and Osteopathic Physicians Neuromusculoskeletal Medicine, Sports Medicine"
          },
          {
            "code": "207U00000X",
            "display": "Allopathic and Osteopathic Physicians Nuclear Medicine"
          },
          {
            "code": "207V00000X",
            "display": "Allopathic and Osteopathic Physicians Obstetrics and Gynecology"
          },
          {
            "code": "207W00000X",
            "display": "Allopathic and Osteopathic Physicians Ophthalmology"
          },
          {
            "code": "204E00000X",
            "display": "Allopathic and Osteopathic Physicians Oral and Maxillofacial Surgery"
          },
          {
            "code": "207X00000X",
            "display": "Allopathic and Osteopathic Physicians Orthopaedic Surgery"
          },
          {
            "code": "207Y00000X",
            "display": "Allopathic and Osteopathic Physicians Otolaryngology"
          },
          {
            "code": "208000000X",
            "display": "Allopathic and Osteopathic Physicians Pediatrics"
          },
          {
            "code": "202K00000X",
            "display": "Allopathic and Osteopathic Physicians Phlebology"
          },
          {
            "code": "208100000X",
            "display": "Allopathic and Osteopathic Physicians Physical Medicine and Rehabilitation"
          },
          {
            "code": "208200000X",
            "display": "Allopathic and Osteopathic Physicians Plastic Surgery"
          },
          {
            "code": "208600000X",
            "display": "Allopathic and Osteopathic Physicians Surgery"
          },
          {
            "code": "208G00000X",
            "display": "Allopathic and Osteopathic Physicians Thoracic Surgery (Cardiothoracic Vascular Surgery)"
          },
          {
            "code": "204F00000X",
            "display": "Allopathic and Osteopathic Physicians Transplant Surgery"
          },
          {
            "code": "208800000X",
            "display": "Allopathic and Osteopathic Physicians Urology"
          },
          {
            "code": "103K00000X",
            "display": "Behavioral Health and Social Service Providers Behavioral Analyst"
          },
          {
            "code": "103G00000X",
            "display": "Behavioral Health and Social Service Providers Clinical Neuropsychologist"
          },
          {
            "code": "101Y00000X",
            "display": "Behavioral Health and Social Service Providers Counselor"
          },
          {
            "code": "106H00000X",
            "display": "Behavioral Health and Social Service Providers Marriage and Family Therapist"
          },
          {
            "code": "102X00000X",
            "display": "Behavioral Health and Social Service Providers Poetry Therapist"
          },
          {
            "code": "102L00000X",
            "display": "Behavioral Health and Social Service Providers Psychoanalyst"
          },
          {
            "code": "103T00000X",
            "display": "Behavioral Health and Social Service Providers Psychologist"
          },
          {
            "code": "104100000X",
            "display": "Behavioral Health and Social Service Providers Social Worker"
          },
          {
            "code": "111N00000X",
            "display": "Chiropractic Providers Chiropractor"
          },
          {
            "code": "125K00000X",
            "display": "Dental Providers Advanced Practice Dental Therapist"
          },
          {
            "code": "126800000X",
            "display": "Dental Providers Dental Assistant"
          },
          {
            "code": "124Q00000X",
            "display": "Dental Providers Dental Hygienist"
          },
          {
            "code": "126900000X",
            "display": "Dental Providers Dental Laboratory Technician"
          },
          {
            "code": "125J00000X",
            "display": "Dental Providers Dental Therapist"
          },
          {
            "code": "122300000X",
            "display": "Dental Providers Dentist"
          },
          {
            "code": "122400000X",
            "display": "Dental Providers Denturist"
          },
          {
            "code": "132700000X",
            "display": "Dietary and Nutritional Service Providers Dietary Manager"
          },
          {
            "code": "136A00000X",
            "display": "Dietary and Nutritional Service Providers Dietetic Technician, Registered"
          },
          {
            "code": "133V00000X",
            "display": "Dietary and Nutritional Service Providers Dietitian, Registered"
          },
          {
            "code": "133N00000X",
            "display": "Dietary and Nutritional Service Providers Nutritionist"
          },
          {
            "code": "146N00000X",
            "display": "Emergency Medical Service Providers Emergency Medical Technician, Basic"
          },
          {
            "code": "146M00000X",
            "display": "Emergency Medical Service Providers Emergency Medical Technician, Intermediate"
          },
          {
            "code": "146L00000X",
            "display": "Emergency Medical Service Providers Emergency Medical Technician, Paramedic"
          },
          {
            "code": "146D00000X",
            "display": "Emergency Medical Service Providers Personal Emergency Response Attendant"
          },
          {
            "code": "152W00000X",
            "display": "Eye and Vision Services Providers Optometrist"
          },
          {
            "code": "156F00000X",
            "display": "Eye and Vision Services Providers Technician/Technologist"
          },
          {
            "code": "193200000X",
            "display": "Group Multi Specialty"
          },
          {
            "code": "193400000X",
            "display": "Group Single Specialty"
          },
          {
            "code": "164W00000X",
            "display": "Nursing Service Providers Licensed Practical Nurse"
          },
          {
            "code": "167G00000X",
            "display": "Nursing Service Providers Licensed Psychiatric Technician"
          },
          {
            "code": "164X00000X",
            "display": "Nursing Service Providers Licensed Vocational Nurse"
          },
          {
            "code": "163W00000X",
            "display": "Nursing Service Providers Registered Nurse"
          },
          {
            "code": "372600000X",
            "display": "Nursing Service Related Providers Adult Companion"
          },
          {
            "code": "372500000X",
            "display": "Nursing Service Related Providers Chore Provider"
          },
          {
            "code": "373H00000X",
            "display": "Nursing Service Related Providers Day Training/Habilitation Specialist"
          },
          {
            "code": "374J00000X",
            "display": "Nursing Service Related Providers Doula"
          },
          {
            "code": "374U00000X",
            "display": "Nursing Service Related Providers Home Health Aide"
          },
          {
            "code": "376J00000X",
            "display": "Nursing Service Related Providers Homemaker"
          },
          {
            "code": "376K00000X",
            "display": "Nursing Service Related Providers Nurse's Aide"
          },
          {
            "code": "376G00000X",
            "display": "Nursing Service Related Providers Nursing Home Administrator"
          },
          {
            "code": "374T00000X",
            "display": "Nursing Service Related Providers Religious Nonmedical Nursing Personnel"
          },
          {
            "code": "374K00000X",
            "display": "Nursing Service Related Providers Religious Nonmedical Practitioner"
          },
          {
            "code": "374700000X",
            "display": "Nursing Service Related Providers Technician"
          },
          {
            "code": "171100000X",
            "display": "Other Service Providers Acupuncturist"
          },
          {
            "code": "171M00000X",
            "display": "Other Service Providers Case Manager/Care Coordinator"
          },
          {
            "code": "174V00000X",
            "display": "Other Service Providers Clinical Ethicist"
          },
          {
            "code": "172V00000X",
            "display": "Other Service Providers Community Health Worker"
          },
          {
            "code": "171W00000X",
            "display": "Other Service Providers Contractor"
          },
          {
            "code": "172A00000X",
            "display": "Other Service Providers Driver"
          },
          {
            "code": "176P00000X",
            "display": "Other Service Providers Funeral Director"
          },
          {
            "code": "170300000X",
            "display": "Other Service Providers Genetic Counselor, MS"
          },
          {
            "code": "174H00000X",
            "display": "Other Service Providers Health Educator"
          },
          {
            "code": "175L00000X",
            "display": "Other Service Providers Homeopath"
          },
          {
            "code": "171R00000X",
            "display": "Other Service Providers Interpreter"
          },
          {
            "code": "174N00000X",
            "display": "Other Service Providers Lactation Consultant, Non RN"
          },
          {
            "code": "173000000X",
            "display": "Other Service Providers Legal Medicine"
          },
          {
            "code": "177F00000X",
            "display": "Other Service Providers Lodging"
          },
          {
            "code": "174200000X",
            "display": "Other Service Providers Meals"
          },
          {
            "code": "172M00000X",
            "display": "Other Service Providers Mechanotherapist"
          },
          {
            "code": "170100000X",
            "display": "Other Service Providers Medical Genetics, Ph.D. Medical Genetics"
          },
          {
            "code": "176B00000X",
            "display": "Other Service Providers Midwife"
          },
          {
            "code": "175M00000X",
            "display": "Other Service Providers Midwife, Lay"
          },
          {
            "code": "171000000X",
            "display": "Other Service Providers Military Health Care Provider"
          },
          {
            "code": "172P00000X",
            "display": "Other Service Providers Naprapath"
          },
          {
            "code": "175F00000X",
            "display": "Other Service Providers Naturopath"
          },
          {
            "code": "175T00000X",
            "display": "Other Service Providers Peer Specialist"
          },
          {
            "code": "173C00000X",
            "display": "Other Service Providers Reflexologist"
          },
          {
            "code": "173F00000X",
            "display": "Other Service Providers Sleep Specialist, PhD"
          },
          {
            "code": "174400000X",
            "display": "Other Service Providers Specialist"
          },
          {
            "code": "174M00000X",
            "display": "Other Service Providers Veterinarian"
          },
          {
            "code": "183500000X",
            "display": "Pharmacy Service Providers Pharmacist"
          },
          {
            "code": "183700000X",
            "display": "Pharmacy Service Providers Pharmacy Technician"
          },
          {
            "code": "367A00000X",
            "display": "Physician Assistants and Advanced Practice Nursing Providers Advanced Practice Midwife"
          },
          {
            "code": "367H00000X",
            "display": "Physician Assistants and Advanced Practice Nursing Providers Anesthesiologist Assistant"
          },
          {
            "code": "364S00000X",
            "display": "Physician Assistants and Advanced Practice Nursing Providers Clinical Nurse Specialist"
          },
          {
            "code": "367500000X",
            "display": "Physician Assistants and Advanced Practice Nursing Providers Nurse Anesthetist, Certified Registered"
          },
          {
            "code": "363L00000X",
            "display": "Physician Assistants and Advanced Practice Nursing Providers Nurse Practitioner"
          },
          {
            "code": "363A00000X",
            "display": "Physician Assistants and Advanced Practice Nursing Providers Physician Assistant"
          },
          {
            "code": "211D00000X",
            "display": "Podiatric Medicine and Surgery Service Providers Assistant, Podiatric"
          },
          {
            "code": "213E00000X",
            "display": "Podiatric Medicine and Surgery Service Providers Podiatrist"
          },
          {
            "code": "229N00000X",
            "display": "Respiratory, Developmental, Rehabilitative and Restorative Service Providers Anaplastologist"
          },
          {
            "code": "221700000X",
            "display": "Respiratory, Developmental, Rehabilitative and Restorative Service Providers Art Therapist"
          },
          {
            "code": "224Y00000X",
            "display": "Respiratory, Developmental, Rehabilitative and Restorative Service Providers Clinical Exercise Physiologist"
          },
          {
            "code": "225600000X",
            "display": "Respiratory, Developmental, Rehabilitative and Restorative Service Providers Dance Therapist"
          },
          {
            "code": "222Q00000X",
            "display": "Respiratory, Developmental, Rehabilitative and Restorative Service Providers Developmental Therapist"
          },
          {
            "code": "226300000X",
            "display": "Respiratory, Developmental, Rehabilitative and Restorative Service Providers Kinesiotherapist"
          },
          {
            "code": "225700000X",
            "display": "Respiratory, Developmental, Rehabilitative and Restorative Service Providers Massage Therapist"
          },
          {
            "code": "224900000X",
            "display": "Respiratory, Developmental, Rehabilitative and Restorative Service Providers Mastectomy Fitter"
          },
          {
            "code": "225A00000X",
            "display": "Respiratory, Developmental, Rehabilitative and Restorative Service Providers Music Therapist"
          },
          {
            "code": "225X00000X",
            "display": "Respiratory, Developmental, Rehabilitative and Restorative Service Providers Occupational Therapist"
          },
          {
            "code": "224Z00000X",
            "display": "Respiratory, Developmental, Rehabilitative and Restorative Service Providers Occupational Therapy Assistant"
          },
          {
            "code": "225000000X",
            "display": "Respiratory, Developmental, Rehabilitative and Restorative Service Providers Orthotic Fitter"
          },
          {
            "code": "222Z00000X",
            "display": "Respiratory, Developmental, Rehabilitative and Restorative Service Providers Orthotist"
          },
          {
            "code": "224L00000X",
            "display": "Respiratory, Developmental, Rehabilitative and Restorative Service Providers Pedorthist"
          },
          {
            "code": "225100000X",
            "display": "Respiratory, Developmental, Rehabilitative and Restorative Service Providers Physical Therapist"
          },
          {
            "code": "225200000X",
            "display": "Respiratory, Developmental, Rehabilitative and Restorative Service Providers Physical Therapy Assistant"
          },
          {
            "code": "224P00000X",
            "display": "Respiratory, Developmental, Rehabilitative and Restorative Service Providers Prosthetist"
          },
          {
            "code": "225B00000X",
            "display": "Respiratory, Developmental, Rehabilitative and Restorative Service Providers Pulmonary Function Technologist"
          },
          {
            "code": "225800000X",
            "display": "Respiratory, Developmental, Rehabilitative and Restorative Service Providers Recreation Therapist"
          },
          {
            "code": "225C00000X",
            "display": "Respiratory, Developmental, Rehabilitative and Restorative Service Providers Rehabilitation Counselor"
          },
          {
            "code": "225400000X",
            "display": "Respiratory, Developmental, Rehabilitative and Restorative Service Providers Rehabilitation Practitioner"
          },
          {
            "code": "227800000X",
            "display": "Respiratory, Developmental, Rehabilitative and Restorative Service Providers Respiratory Therapist, Certified"
          },
          {
            "code": "227900000X",
            "display": "Respiratory, Developmental, Rehabilitative and Restorative Service Providers Respiratory Therapist, Registered"
          },
          {
            "code": "225500000X",
            "display": "Respiratory, Developmental, Rehabilitative and Restorative Service Providers Specialist/Technologist"
          },
          {
            "code": "231H00000X",
            "display": "Speech, Language and Hearing Service Providers Audiologist"
          },
          {
            "code": "237600000X",
            "display": "Speech, Language and Hearing Service Providers Audiologist Hearing Aid Fitter"
          },
          {
            "code": "237700000X",
            "display": "Speech, Language and Hearing Service Providers Hearing Instrument Specialist"
          },
          {
            "code": "235500000X",
            "display": "Speech, Language and Hearing Service Providers Specialist/Technologist"
          },
          {
            "code": "235Z00000X",
            "display": "Speech, Language and Hearing Service Providers Speech Language Pathologist"
          },
          {
            "code": "390200000X",
            "display": "Student, Health Care Student in an Organized Health Care Education/Training Program"
          },
          {
            "code": "242T00000X",
            "display": "Technologists, Technicians and Other Technical Service Providers Perfusionist"
          },
          {
            "code": "247100000X",
            "display": "Technologists, Technicians and Other Technical Service Providers Radiologic Technologist"
          },
          {
            "code": "243U00000X",
            "display": "Technologists, Technicians and Other Technical Service Providers Radiology Practitioner Assistant"
          },
          {
            "code": "246X00000X",
            "display": "Technologists, Technicians and Other Technical Service Providers Spec/Tech, Cardiovascular"
          },
          {
            "code": "246Y00000X",
            "display": "Technologists, Technicians and Other Technical Service Providers Spec/Tech, Health Info"
          },
          {
            "code": "246Q00000X",
            "display": "Technologists, Technicians and Other Technical Service Providers Spec/Tech, Pathology"
          },
          {
            "code": "246Z00000X",
            "display": "Technologists, Technicians and Other Technical Service Providers Specialist/Technologist, Other"
          },
          {
            "code": "246W00000X",
            "display": "Technologists, Technicians and Other Technical Service Providers Technician, Cardiology"
          },
          {
            "code": "247000000X",
            "display": "Technologists, Technicians and Other Technical Service Providers Technician, Health Information"
          },
          {
            "code": "247200000X",
            "display": "Technologists, Technicians and Other Technical Service Providers Technician, Other"
          },
          {
            "code": "246R00000X",
            "display": "Technologists, Technicians and Other Technical Service Providers Technician, Pathology"
          }
        ]
      }
    ]
  }
}