{
  "resourceType": "ValueSet",
  "id": "transportPriority",
  "meta": {
    "profile": [
      "http://hl7.org/fhir/StructureDefinition/valueset-shareable-definition"
    ]
  },
  "url": "http://fhir.org/guides/hspc/ValueSet/transportPriority",
  "name": "HSPC Transport Priority value set",
  "status": "draft",
  "publisher": "HSPC",
  "contact": [
    {
      "telecom": [
        {
          "system": "other",
          "value": "http://healthcaresoa.org"
        }
      ]
    }
  ],
  "description": "A set of codes that describe the kind of documentation used to validate a date of birth.",
  "compose": {
    "include": [
      {
        "system": "http://hl7.org/fhir/v3/ActPriority",
        "concept": [
          {
            "code": "A",
            "display": "ASAP"
          },
          {
            "code": "S",
            "display": "stat"
          },
          {
            "code": "R",
            "display": "routine"
          },
          {
            "code": "UR",
            "display": "urgent"
          }
        ]
      }
    ]
  }
}