{
  "resourceType": "ValueSet",
  "id": "hspc-bdverifiedmethod",
  "meta": {
    "profile": [
      "http://hl7.org/fhir/StructureDefinition/valueset-shareable-definition"
    ]
  },
  "url": "http://fhir.org/guides/hspc/ValueSet/hspc-bdverifiedmethod",
  "name": "HSPC Verification Method Value Set",
  "status": "draft",
  "publisher": "HSPC",
  "contact": [
    {
      "telecom": [
        {
          "system": "other",
          "value": "http://healthcaresoa.org"
        }
      ]
    }
  ],
  "description": "A set of codes that describe the kind of documentation used to validate a date of birth.",
  "compose": {
    "include": [
      {
        "system": "http://hl7.org/fhir/v3/ObservationValue",
        "concept": [
          {
            "code": "BTHCERT",
            "display": "Birth Certificate"
          },
          {
            "code": "DRLIC",
            "display": "Driver's License"
          },
          {
            "code": "PASSPORT",
            "display": "Passport"
          }
        ]
      }
    ]
  }
}