{
  "resourceType": "ValueSet",
  "id": "observation-bodysite-precoordinated",
  "meta": {
    "profile": [
      "http://hl7.org/fhir/StructureDefinition/valueset-shareable-definition"
    ]
  },
  "url": "http://fhir.org/guides/hspc/ValueSet/observation-bodysite-precoordinated",
  "text": {
    "status": "additional",
    "div": "<div xmlns=\"http://www.w3.org/1999/xhtml\">\n      \n      <p>SNOMED CT code system values descending from: Anatomical Structure (91723000). \n            This indicates the anatomical site. In UMLS, SNOMED CT concepts with semantic types (SY) of: Acquired Abnormality \n            (TUI=T020), Anatomical Abnormality (TUI=T190), Anatomical Structure (TUI=T017), Body Location or Region (TUI=T029), \n            Body Part, Organ, or Organ Component (TUI=T023), Body Space or Junction(TUI=T030), and Body System(TUI=T022). \n            </p>\n            \n      \n      <p>This value set includes content from SNOMED CT, which is copyright © 2002+ International Health Terminology Standards Development Organisation (IHTSDO), and distributed by agreement between IHTSDO and HL7. Implementer use of SNOMED CT is not covered by this agreement.</p>\n        \n    \n    </div>"
  },
  "version": "0.01",
  "name": "HSPC Body Site Precoordinated Value Set Definition",
  "status": "draft",
  "publisher": "Health Services Platform Consortium (HSPC)",
  "date": "2015-02-09",
  "description": "SELECT SNOMED CT code system values representing precoordinated body sites.",
  "immutable": true,
  "copyright": "This value set includes content from SNOMED CT, which is copyright © 2002+ International Health Terminology Standards Development Organisation (IHTSDO), and distributed by agreement between IHTSDO and HL7. Implementer use of SNOMED CT is not covered by this agreement",
  "extensible": true,
  "compose": {
    "include": [
      {
        "system": "http://snomed.info/sct",
        "filter": [
          {
            "property": "concept",
            "op": "is-a",
            "value": "91723000"
          }
        ]
      }
    ]
  }
}