<?xml version="1.0" encoding="UTF-8"?>

<ImplementationGuide xmlns="http://hl7.org/fhir">
  <id value="fhir.argonaut.questionnaire-1.0.0"/>
  <text>
    <status value="generated"/><div xmlns="http://www.w3.org/1999/xhtml"><h2>Argonaut Questionnaire</h2><p>The official URL for this implementation guide is: </p><pre>http://fhir.org/guides/argonaut/questionnaire/ImplementationGuide/fhir.argonaut.questionnaire-1.0.0</pre></div>
  </text>
  <url value="http://fhir.org/guides/argonaut/questionnaire/ImplementationGuide/fhir.argonaut.questionnaire-1.0.0"/>
  <version value="1.0.0"/>
  <name value="Argonaut Questionnaire"/>
  <status value="draft"/>
  <experimental value="true"/>
  <publisher value="Argonaut Project"/>
  <contact>
    <telecom>
      <system value="url"/>
      <value value="http://argonautwiki.hl7.org"/>
    </telecom>
  </contact>
  <fhirVersion value="3.0.1"/>
  <package id="p1">
    <name value="base"/>
    <resource>
      <extension url="http://hl7.org/fhir/StructureDefinition/implementationguide-page">
        <valueUri value="QuestionnaireResponse-adaptive-questionnaireresponse-example-audit-c.html"/>
      </extension>
      <example value="true"/>
      <sourceReference>
        <reference value="QuestionnaireResponse/adaptive-questionnaireresponse-example-audit-c"/>
      </sourceReference>
    </resource>
    <resource>
      <extension url="http://hl7.org/fhir/StructureDefinition/implementationguide-page">
        <valueUri value="QuestionnaireResponse-questionnaireresponse-example-housing.html"/>
      </extension>
      <example value="true"/>
      <sourceReference>
        <reference value="QuestionnaireResponse/questionnaireresponse-example-housing"/>
      </sourceReference>
    </resource>
    <resource>
      <extension url="http://hl7.org/fhir/StructureDefinition/implementationguide-page">
        <valueUri value="Questionnaire-questionnaire-example-audit-c.html"/>
      </extension>
      <example value="true"/>
      <sourceReference>
        <reference value="Questionnaire/questionnaire-example-audit-c"/>
      </sourceReference>
    </resource>
    <resource>
      <extension url="http://hl7.org/fhir/StructureDefinition/implementationguide-page">
        <valueUri value="Encounter-encounter1.html"/>
      </extension>
      <example value="true"/>
      <sourceReference>
        <reference value="Encounter/encounter1"/>
      </sourceReference>
    </resource>
    <resource>
      <extension url="http://hl7.org/fhir/StructureDefinition/implementationguide-page">
        <valueUri value="QuestionnaireResponse-questionnaireresponse-example-audit-c.html"/>
      </extension>
      <example value="true"/>
      <sourceReference>
        <reference value="QuestionnaireResponse/questionnaireresponse-example-audit-c"/>
      </sourceReference>
    </resource>
    <resource>
      <extension url="http://hl7.org/fhir/StructureDefinition/implementationguide-page">
        <valueUri value="Questionnaire-questionnaire-example-housing.html"/>
      </extension>
      <example value="true"/>
      <sourceReference>
        <reference value="Questionnaire/questionnaire-example-housing"/>
      </sourceReference>
    </resource>
    <resource>
      <extension url="http://hl7.org/fhir/StructureDefinition/implementationguide-page">
        <valueUri value="QuestionnaireResponse-questionnaireresponse-example-sampler.html"/>
      </extension>
      <example value="true"/>
      <sourceReference>
        <reference value="QuestionnaireResponse/questionnaireresponse-example-sampler"/>
      </sourceReference>
    </resource>
    <resource>
      <extension url="http://hl7.org/fhir/StructureDefinition/implementationguide-page">
        <valueUri value="Practitioner-prov-admin1.html"/>
      </extension>
      <example value="true"/>
      <sourceReference>
        <reference value="Practitioner/prov-admin1"/>
      </sourceReference>
    </resource>
    <resource>
      <extension url="http://hl7.org/fhir/StructureDefinition/implementationguide-page">
        <valueUri value="QuestionnaireResponse-questionnaireresponse-example-dast.html"/>
      </extension>
      <example value="true"/>
      <sourceReference>
        <reference value="QuestionnaireResponse/questionnaireresponse-example-dast"/>
      </sourceReference>
    </resource>
    <resource>
      <extension url="http://hl7.org/fhir/StructureDefinition/implementationguide-page">
        <valueUri value="QuestionnaireResponse-adaptive-questionnaireresponse-example-dast.html"/>
      </extension>
      <example value="true"/>
      <sourceReference>
        <reference value="QuestionnaireResponse/adaptive-questionnaireresponse-example-dast"/>
      </sourceReference>
    </resource>
    <resource>
      <extension url="http://hl7.org/fhir/StructureDefinition/implementationguide-page">
        <valueUri value="QuestionnaireResponse-questionnaireresponse-example-phq9.html"/>
      </extension>
      <example value="true"/>
      <sourceReference>
        <reference value="QuestionnaireResponse/questionnaireresponse-example-phq9"/>
      </sourceReference>
    </resource>
    <resource>
      <extension url="http://hl7.org/fhir/StructureDefinition/implementationguide-page">
        <valueUri value="QuestionnaireResponse-questionnaireresponse-example-sampler-contained-patient.html"/>
      </extension>
      <example value="true"/>
      <sourceReference>
        <reference value="QuestionnaireResponse/questionnaireresponse-example-sampler-contained-patient"/>
      </sourceReference>
    </resource>
    <resource>
      <extension url="http://hl7.org/fhir/StructureDefinition/implementationguide-page">
        <valueUri value="QuestionnaireResponse-adaptive-questionnaireresponse-example-phq9.html"/>
      </extension>
      <example value="true"/>
      <sourceReference>
        <reference value="QuestionnaireResponse/adaptive-questionnaireresponse-example-phq9"/>
      </sourceReference>
    </resource>
    <resource>
      <extension url="http://hl7.org/fhir/StructureDefinition/implementationguide-page">
        <valueUri value="Patient-subject1.html"/>
      </extension>
      <example value="true"/>
      <sourceReference>
        <reference value="Patient/subject1"/>
      </sourceReference>
    </resource>
    <resource>
      <extension url="http://hl7.org/fhir/StructureDefinition/implementationguide-page">
        <valueUri value="Questionnaire-questionnaire-example-dast.html"/>
      </extension>
      <example value="true"/>
      <sourceReference>
        <reference value="Questionnaire/questionnaire-example-dast"/>
      </sourceReference>
    </resource>
    <resource>
      <extension url="http://hl7.org/fhir/StructureDefinition/implementationguide-page">
        <valueUri value="QuestionnaireResponse-adaptive-questionnaireresponse-example-sampler.html"/>
      </extension>
      <example value="true"/>
      <sourceReference>
        <reference value="QuestionnaireResponse/adaptive-questionnaireresponse-example-sampler"/>
      </sourceReference>
    </resource>
    <resource>
      <extension url="http://hl7.org/fhir/StructureDefinition/implementationguide-page">
        <valueUri value="Questionnaire-questionnaire-example-phq9.html"/>
      </extension>
      <example value="true"/>
      <sourceReference>
        <reference value="Questionnaire/questionnaire-example-phq9"/>
      </sourceReference>
    </resource>
    <resource>
      <extension url="http://hl7.org/fhir/StructureDefinition/implementationguide-page">
        <valueUri value="Questionnaire-questionnaire-example-sampler.html"/>
      </extension>
      <example value="true"/>
      <sourceReference>
        <reference value="Questionnaire/questionnaire-example-sampler"/>
      </sourceReference>
    </resource>
    <resource>
      <extension url="http://hl7.org/fhir/StructureDefinition/implementationguide-page">
        <valueUri value="SearchParameter-Questionnaire-publisher.html"/>
      </extension>
      <example value="false"/>
      <sourceReference>
        <reference value="SearchParameter/Questionnaire-publisher"/>
      </sourceReference>
    </resource>
    <resource>
      <extension url="http://hl7.org/fhir/StructureDefinition/implementationguide-page">
        <valueUri value="CapabilityStatement-assessmentbank.html"/>
      </extension>
      <example value="false"/>
      <sourceReference>
        <reference value="CapabilityStatement/assessmentbank"/>
      </sourceReference>
    </resource>
    <resource>
      <extension url="http://hl7.org/fhir/StructureDefinition/implementationguide-page">
        <valueUri value="StructureDefinition-extension-multipleAnd.html"/>
      </extension>
      <example value="false"/>
      <sourceReference>
        <reference value="StructureDefinition/extension-multipleAnd"/>
      </sourceReference>
    </resource>
    <resource>
      <extension url="http://hl7.org/fhir/StructureDefinition/implementationguide-page">
        <valueUri value="CapabilityStatement-adaptive-questionnaire-service.html"/>
      </extension>
      <example value="false"/>
      <sourceReference>
        <reference value="CapabilityStatement/adaptive-questionnaire-service"/>
      </sourceReference>
    </resource>
    <resource>
      <extension url="http://hl7.org/fhir/StructureDefinition/implementationguide-page">
        <valueUri value="StructureDefinition-extension-multipleOr.html"/>
      </extension>
      <example value="false"/>
      <sourceReference>
        <reference value="StructureDefinition/extension-multipleOr"/>
      </sourceReference>
    </resource>
    <resource>
      <extension url="http://hl7.org/fhir/StructureDefinition/implementationguide-page">
        <valueUri value="StructureDefinition-argo-adap-questionnaireresponse.html"/>
      </extension>
      <example value="false"/>
      <sourceReference>
        <reference value="StructureDefinition/argo-adap-questionnaireresponse"/>
      </sourceReference>
    </resource>
    <resource>
      <extension url="http://hl7.org/fhir/StructureDefinition/implementationguide-page">
        <valueUri value="SearchParameter-QuestionnaireResponse-status.html"/>
      </extension>
      <example value="false"/>
      <sourceReference>
        <reference value="SearchParameter/QuestionnaireResponse-status"/>
      </sourceReference>
    </resource>
    <resource>
      <extension url="http://hl7.org/fhir/StructureDefinition/implementationguide-page">
        <valueUri value="CapabilityStatement-argo-questionnaire-provider-ehr.html"/>
      </extension>
      <example value="false"/>
      <sourceReference>
        <reference value="CapabilityStatement/argo-questionnaire-provider-ehr"/>
      </sourceReference>
    </resource>
    <resource>
      <extension url="http://hl7.org/fhir/StructureDefinition/implementationguide-page">
        <valueUri value="SearchParameter-QuestionnaireResponse-questionnaire.html"/>
      </extension>
      <example value="false"/>
      <sourceReference>
        <reference value="SearchParameter/QuestionnaireResponse-questionnaire"/>
      </sourceReference>
    </resource>
    <resource>
      <extension url="http://hl7.org/fhir/StructureDefinition/implementationguide-page">
        <valueUri value="SearchParameter-QuestionnaireResponse-author.html"/>
      </extension>
      <example value="false"/>
      <sourceReference>
        <reference value="SearchParameter/QuestionnaireResponse-author"/>
      </sourceReference>
    </resource>
    <resource>
      <extension url="http://hl7.org/fhir/StructureDefinition/implementationguide-page">
        <valueUri value="StructureDefinition-extension-timeLimit.html"/>
      </extension>
      <example value="false"/>
      <sourceReference>
        <reference value="StructureDefinition/extension-timeLimit"/>
      </sourceReference>
    </resource>
    <resource>
      <extension url="http://hl7.org/fhir/StructureDefinition/implementationguide-page">
        <valueUri value="SearchParameter-Questionnaire-status.html"/>
      </extension>
      <example value="false"/>
      <sourceReference>
        <reference value="SearchParameter/Questionnaire-status"/>
      </sourceReference>
    </resource>
    <resource>
      <extension url="http://hl7.org/fhir/StructureDefinition/implementationguide-page">
        <valueUri value="SearchParameter-QuestionnaireResponse-patient.html"/>
      </extension>
      <example value="false"/>
      <sourceReference>
        <reference value="SearchParameter/QuestionnaireResponse-patient"/>
      </sourceReference>
    </resource>
    <resource>
      <extension url="http://hl7.org/fhir/StructureDefinition/implementationguide-page">
        <valueUri value="StructureDefinition-extension-itemOrder.html"/>
      </extension>
      <example value="false"/>
      <sourceReference>
        <reference value="StructureDefinition/extension-itemOrder"/>
      </sourceReference>
    </resource>
    <resource>
      <extension url="http://hl7.org/fhir/StructureDefinition/implementationguide-page">
        <valueUri value="StructureDefinition-argo-questionnaire.html"/>
      </extension>
      <example value="false"/>
      <sourceReference>
        <reference value="StructureDefinition/argo-questionnaire"/>
      </sourceReference>
    </resource>
    <resource>
      <extension url="http://hl7.org/fhir/StructureDefinition/implementationguide-page">
        <valueUri value="CapabilityStatement-answerbank.html"/>
      </extension>
      <example value="false"/>
      <sourceReference>
        <reference value="CapabilityStatement/answerbank"/>
      </sourceReference>
    </resource>
    <resource>
      <extension url="http://hl7.org/fhir/StructureDefinition/implementationguide-page">
        <valueUri value="SearchParameter-patient-birthdate.html"/>
      </extension>
      <example value="false"/>
      <sourceReference>
        <reference value="SearchParameter/patient-birthdate"/>
      </sourceReference>
    </resource>
    <resource>
      <extension url="http://hl7.org/fhir/StructureDefinition/implementationguide-page">
        <valueUri value="OperationDefinition-next-question.html"/>
      </extension>
      <example value="false"/>
      <sourceReference>
        <reference value="OperationDefinition/next-question"/>
      </sourceReference>
    </resource>
    <resource>
      <extension url="http://hl7.org/fhir/StructureDefinition/implementationguide-page">
        <valueUri value="SearchParameter-Questionnaire-context-type-value.html"/>
      </extension>
      <example value="false"/>
      <sourceReference>
        <reference value="SearchParameter/Questionnaire-context-type-value"/>
      </sourceReference>
    </resource>
    <resource>
      <extension url="http://hl7.org/fhir/StructureDefinition/implementationguide-page">
        <valueUri value="SearchParameter-Questionnaire-context.html"/>
      </extension>
      <example value="false"/>
      <sourceReference>
        <reference value="SearchParameter/Questionnaire-context"/>
      </sourceReference>
    </resource>
    <resource>
      <extension url="http://hl7.org/fhir/StructureDefinition/implementationguide-page">
        <valueUri value="SearchParameter-Questionnaire-title.html"/>
      </extension>
      <example value="false"/>
      <sourceReference>
        <reference value="SearchParameter/Questionnaire-title"/>
      </sourceReference>
    </resource>
    <resource>
      <extension url="http://hl7.org/fhir/StructureDefinition/implementationguide-page">
        <valueUri value="SearchParameter-Questionnaire-version.html"/>
      </extension>
      <example value="false"/>
      <sourceReference>
        <reference value="SearchParameter/Questionnaire-version"/>
      </sourceReference>
    </resource>
    <resource>
      <extension url="http://hl7.org/fhir/StructureDefinition/implementationguide-page">
        <valueUri value="StructureDefinition-extension-responsePeriod.html"/>
      </extension>
      <example value="false"/>
      <sourceReference>
        <reference value="StructureDefinition/extension-responsePeriod"/>
      </sourceReference>
    </resource>
    <resource>
      <extension url="http://hl7.org/fhir/StructureDefinition/implementationguide-page">
        <valueUri value="StructureDefinition-argo-questionnaire-valueset.html"/>
      </extension>
      <example value="false"/>
      <sourceReference>
        <reference value="StructureDefinition/argo-questionnaire-valueset"/>
      </sourceReference>
    </resource>
    <resource>
      <extension url="http://hl7.org/fhir/StructureDefinition/implementationguide-page">
        <valueUri value="SearchParameter-QuestionnaireResponse-context.html"/>
      </extension>
      <example value="false"/>
      <sourceReference>
        <reference value="SearchParameter/QuestionnaireResponse-context"/>
      </sourceReference>
    </resource>
    <resource>
      <extension url="http://hl7.org/fhir/StructureDefinition/implementationguide-page">
        <valueUri value="SearchParameter-Questionnaire-context-type.html"/>
      </extension>
      <example value="false"/>
      <sourceReference>
        <reference value="SearchParameter/Questionnaire-context-type"/>
      </sourceReference>
    </resource>
    <resource>
      <extension url="http://hl7.org/fhir/StructureDefinition/implementationguide-page">
        <valueUri value="SearchParameter-QuestionnaireResponse-source.html"/>
      </extension>
      <example value="false"/>
      <sourceReference>
        <reference value="SearchParameter/QuestionnaireResponse-source"/>
      </sourceReference>
    </resource>
    <resource>
      <extension url="http://hl7.org/fhir/StructureDefinition/implementationguide-page">
        <valueUri value="StructureDefinition-argo-questionnaireresponse.html"/>
      </extension>
      <example value="false"/>
      <sourceReference>
        <reference value="StructureDefinition/argo-questionnaireresponse"/>
      </sourceReference>
    </resource>
  </package>
  <package id="profile-base-qr-spreadsheet.xml">
    <name value="argo_questionnaireresponse"/>
    <resource>
      <extension url="http://hl7.org/fhir/StructureDefinition/implementationguide-page">
        <valueUri value="StructureDefinition-argo-questionnaireresponse.html"/>
      </extension>
      <example value="false"/>
      <name value="argo_questionnaireresponse"/>
      <sourceReference>
        <reference value="StructureDefinition/argo-questionnaireresponse"/>
      </sourceReference>
    </resource>
  </package>
  <package id="profile-base-qcvs-spreadsheet.xml">
    <name value="argo_questionnaire_valueset"/>
    <resource>
      <extension url="http://hl7.org/fhir/StructureDefinition/implementationguide-page">
        <valueUri value="StructureDefinition-argo-questionnaire-valueset.html"/>
      </extension>
      <example value="false"/>
      <name value="argo_questionnaire_valueset"/>
      <sourceReference>
        <reference value="StructureDefinition/argo-questionnaire-valueset"/>
      </sourceReference>
    </resource>
  </package>
  <package id="profile-base-q-spreadsheet.xml">
    <name value="argo_questionnaire"/>
    <resource>
      <extension url="http://hl7.org/fhir/StructureDefinition/implementationguide-page">
        <valueUri value="StructureDefinition-argo-questionnaire.html"/>
      </extension>
      <example value="false"/>
      <name value="argo_questionnaire"/>
      <sourceReference>
        <reference value="StructureDefinition/argo-questionnaire"/>
      </sourceReference>
    </resource>
  </package>
  <package id="profile-derived-qr-spreadsheet.xml">
    <name value="argo_adap_questionnaireresponse"/>
    <resource>
      <extension url="http://hl7.org/fhir/StructureDefinition/implementationguide-page">
        <valueUri value="StructureDefinition-argo-adap-questionnaireresponse.html"/>
      </extension>
      <example value="false"/>
      <name value="argo_adap_questionnaireresponse"/>
      <sourceReference>
        <reference value="StructureDefinition/argo-adap-questionnaireresponse"/>
      </sourceReference>
    </resource>
  </package>
  <page>
    <source value="index.html"/>
    <title value="Home"/>
    <kind value="page"/>
    <page>
      <source value="guidance.html"/>
      <title value="General Guidance"/>
      <kind value="page"/>
      <page>
        <source value="static.html"/>
        <title value="Static"/>
        <kind value="page"/>
      </page>
      <page>
        <source value="adaptive.html"/>
        <title value="Adaptive"/>
        <kind value="page"/>
      </page>
    </page>
    <page>
      <source value="profiles.html"/>
      <title value="Profiles and Extensions"/>
      <kind value="page"/>
      <page>
        <source value="StructureDefinition-argo-adap-questionnaireresponse.html"/>
        <title value="StructureDefinition Argo Adap QuestionnaireResponse"/>
        <kind value="resource"/>
      </page>
      <page>
        <source value="StructureDefinition-argo-questionnaire.html"/>
        <title value="StructureDefinition Argo Questionnaire"/>
        <kind value="resource"/>
      </page>
      <page>
        <source value="StructureDefinition-argo-questionnaire-valueset.html"/>
        <title value="StructureDefinition Argo Questionnaire ValueSet"/>
        <kind value="resource"/>
      </page>
      <page>
        <source value="StructureDefinition-argo-questionnaireresponse.html"/>
        <title value="StructureDefinition Argo QuestionnaireResponse"/>
        <kind value="resource"/>
      </page>
      <page>
        <source value="StructureDefinition-extension-multipleAnd.html"/>
        <title value="StructureDefinition Extension multipleAnd"/>
        <kind value="resource"/>
      </page>
      <page>
        <source value="StructureDefinition-extension-multipleOr.html"/>
        <title value="StructureDefinition Extension multipleOr"/>
        <kind value="resource"/>
      </page>
      <page>
        <source value="StructureDefinition-extension-timeLimit.html"/>
        <title value="StructureDefinition Extension timeLimit"/>
        <kind value="resource"/>
      </page>
      <page>
        <source value="StructureDefinition-extension-itemOrder.html"/>
        <title value="StructureDefinition Extension itemOrder"/>
        <kind value="resource"/>
      </page>
      <page>
        <source value="StructureDefinition-extension-responsePeriod.html"/>
        <title value="StructureDefinition Extension responsePeriod"/>
        <kind value="resource"/>
      </page>
    </page>
    <page>
      <source value="operations.html"/>
      <title value="Operations"/>
      <kind value="page"/>
      <page>
        <source value="OperationDefinition-next-question.html"/>
        <title value="OperationDefinition Next Question"/>
        <kind value="resource"/>
      </page>
    </page>
    <page>
      <source value="searchparameters.html"/>
      <title value="Search Parameters"/>
      <kind value="page"/>
      <page>
        <source value="SearchParameter-Questionnaire-publisher.html"/>
        <title value="SearchParameter Questionnaire Publisher"/>
        <kind value="resource"/>
      </page>
      <page>
        <source value="SearchParameter-QuestionnaireResponse-status.html"/>
        <title value="SearchParameter QuestionnaireResponse Status"/>
        <kind value="resource"/>
      </page>
      <page>
        <source value="SearchParameter-QuestionnaireResponse-questionnaire.html"/>
        <title value="SearchParameter QuestionnaireResponse Questionnaire"/>
        <kind value="resource"/>
      </page>
      <page>
        <source value="SearchParameter-QuestionnaireResponse-author.html"/>
        <title value="SearchParameter QuestionnaireResponse Author"/>
        <kind value="resource"/>
      </page>
      <page>
        <source value="SearchParameter-Questionnaire-status.html"/>
        <title value="SearchParameter Questionnaire Status"/>
        <kind value="resource"/>
      </page>
      <page>
        <source value="SearchParameter-QuestionnaireResponse-patient.html"/>
        <title value="SearchParameter QuestionnaireResponse Patient"/>
        <kind value="resource"/>
      </page>
      <page>
        <source value="SearchParameter-patient-birthdate.html"/>
        <title value="SearchParameter Patient Birthdate"/>
        <kind value="resource"/>
      </page>
      <page>
        <source value="SearchParameter-Questionnaire-context-type-value.html"/>
        <title value="SearchParameter Questionnaire Context Type Value"/>
        <kind value="resource"/>
      </page>
      <page>
        <source value="SearchParameter-Questionnaire-context.html"/>
        <title value="SearchParameter Questionnaire Context"/>
        <kind value="resource"/>
      </page>
      <page>
        <source value="SearchParameter-Questionnaire-title.html"/>
        <title value="SearchParameter Questionnaire Title"/>
        <kind value="resource"/>
      </page>
      <page>
        <source value="SearchParameter-Questionnaire-version.html"/>
        <title value="SearchParameter Questionnaire Version"/>
        <kind value="resource"/>
      </page>
      <page>
        <source value="SearchParameter-QuestionnaireResponse-context.html"/>
        <title value="SearchParameter QuestionnaireResponse Context"/>
        <kind value="resource"/>
      </page>
      <page>
        <source value="SearchParameter-Questionnaire-context-type.html"/>
        <title value="SearchParameter Questionnaire Context Type"/>
        <kind value="resource"/>
      </page>
      <page>
        <source value="SearchParameter-QuestionnaireResponse-source.html"/>
        <title value="SearchParameter QuestionnaireResponse Source"/>
        <kind value="resource"/>
      </page>
    </page>
    <page>
      <source value="capstatements.html"/>
      <title value="Capability Statements"/>
      <kind value="page"/>
      <page>
        <source value="CapabilityStatement-assessmentbank.html"/>
        <title value="CapabilityStatement Assessmentbank"/>
        <kind value="resource"/>
      </page>
      <page>
        <source value="CapabilityStatement-adaptive-questionnaire-service.html"/>
        <title value="CapabilityStatement Adaptive Questionnaire Service"/>
        <kind value="resource"/>
      </page>
      <page>
        <source value="CapabilityStatement-argo-questionnaire-provider-ehr.html"/>
        <title value="CapabilityStatement Argo Questionnaire Provider Ehr"/>
        <kind value="resource"/>
      </page>
      <page>
        <source value="CapabilityStatement-answerbank.html"/>
        <title value="CapabilityStatement Answerbank"/>
        <kind value="resource"/>
      </page>
    </page>
    <page>
      <source value="downloads.html"/>
      <title value="Downloads"/>
      <kind value="page"/>
    </page>
    <page>
      <source value="all-examples.html"/>
      <title value="All Examples"/>
      <kind value="page"/>
    </page>
    <page>
      <source value="toc.html"/>
      <title value="Table of Contents"/>
      <kind value="resource"/>
    </page>
  </page>
</ImplementationGuide>