<?xml version="1.0" encoding="UTF-8"?><Bundle xmlns="http://hl7.org/fhir"><type value="collection"/><entry/><entry><resource><OperationOutcome><extension url="http://hl7.org/fhir/StructureDefinition/operationoutcome-file"><valueString value="C:\work\org.hl7.fhir.publish\fhir.argonaut.questionnaire#1.0.0\source\examples\adaptive-questionnaireresponse-example-audit-c"/></extension><issue><extension url="http://hl7.org/fhir/StructureDefinition/operationoutcome-issue-source"><valueCode value="TerminologyEngine"/></extension><severity value="warning"/><code value="code-invalid"/><details><text value="The display &quot;How often do you have a drink containing alcohol&quot; is not a valid display for the code {http://loinc.org}68518-0 - should be one of [&quot;How often do you have a drink containing alcohol [SAMHSA]&quot;,]"/></details><location value="QuestionnaireResponse/adaptive-questionnaireresponse-example-audit-c: QuestionnaireResponse.contained.item[3].code (line 59, col20)"/></issue><issue><extension url="http://hl7.org/fhir/StructureDefinition/operationoutcome-issue-source"><valueCode value="TerminologyEngine"/></extension><severity value="warning"/><code value="code-invalid"/><details><text value="The display &quot;How many standard drinks containing alcohol do you have on a typical day&quot; is not a valid display for the code {http://loinc.org}68519-8 - should be one of [&quot;How many standard drinks containing alcohol do you have on a typical day [SAMHSA]&quot;,]"/></details><location value="QuestionnaireResponse/adaptive-questionnaireresponse-example-audit-c: QuestionnaireResponse.contained.item[4].code (line 168, col20)"/></issue><issue><extension url="http://hl7.org/fhir/StructureDefinition/operationoutcome-issue-source"><valueCode value="TerminologyEngine"/></extension><severity value="warning"/><code value="code-invalid"/><details><text value="The display &quot;How often do you have 6 or more drinks on 1 occasion&quot; is not a valid display for the code {http://loinc.org}68520-6 - should be one of [&quot;How often do you have 6 or more drinks on 1 occasion [SAMHSA]&quot;,]"/></details><location value="QuestionnaireResponse/adaptive-questionnaireresponse-example-audit-c: QuestionnaireResponse.contained.item[5].code (line 277, col20)"/></issue><issue><extension url="http://hl7.org/fhir/StructureDefinition/operationoutcome-issue-source"><valueCode value="TerminologyEngine"/></extension><severity value="warning"/><code value="code-invalid"/><details><text value="The display &quot;How often do you have a drink containing alcohol&quot; is not a valid display for the code {http://loinc.org}68518-0 - should be one of [&quot;How often do you have a drink containing alcohol [SAMHSA]&quot;,]"/></details><location value="QuestionnaireResponse/adaptive-questionnaireresponse-example-audit-c: QuestionnaireResponse.questionnaire.contained.item[3].code (line 59, col20)"/></issue><issue><extension url="http://hl7.org/fhir/StructureDefinition/operationoutcome-issue-source"><valueCode value="TerminologyEngine"/></extension><severity value="warning"/><code value="code-invalid"/><details><text value="The display &quot;How many standard drinks containing alcohol do you have on a typical day&quot; is not a valid display for the code {http://loinc.org}68519-8 - should be one of [&quot;How many standard drinks containing alcohol do you have on a typical day [SAMHSA]&quot;,]"/></details><location value="QuestionnaireResponse/adaptive-questionnaireresponse-example-audit-c: QuestionnaireResponse.questionnaire.contained.item[4].code (line 168, col20)"/></issue><issue><extension url="http://hl7.org/fhir/StructureDefinition/operationoutcome-issue-source"><valueCode value="TerminologyEngine"/></extension><severity value="warning"/><code value="code-invalid"/><details><text value="The display &quot;How often do you have 6 or more drinks on 1 occasion&quot; is not a valid display for the code {http://loinc.org}68520-6 - should be one of [&quot;How often do you have 6 or more drinks on 1 occasion [SAMHSA]&quot;,]"/></details><location value="QuestionnaireResponse/adaptive-questionnaireresponse-example-audit-c: QuestionnaireResponse.questionnaire.contained.item[5].code (line 277, col20)"/></issue></OperationOutcome></resource></entry><entry><resource><OperationOutcome><extension url="http://hl7.org/fhir/StructureDefinition/operationoutcome-file"><valueString value="C:\work\org.hl7.fhir.publish\fhir.argonaut.questionnaire#1.0.0\source\examples\questionnaire-example-audit-c"/></extension><issue><extension url="http://hl7.org/fhir/StructureDefinition/operationoutcome-issue-source"><valueCode value="TerminologyEngine"/></extension><severity value="warning"/><code value="code-invalid"/><details><text value="The display &quot;How often do you have a drink containing alcohol&quot; is not a valid display for the code {http://loinc.org}68518-0 - should be one of [&quot;How often do you have a drink containing alcohol [SAMHSA]&quot;,]"/></details><location value="Questionnaire/questionnaire-example-audit-c: Questionnaire.item[1].code (line 402, col18)"/></issue><issue><extension url="http://hl7.org/fhir/StructureDefinition/operationoutcome-issue-source"><valueCode value="TerminologyEngine"/></extension><severity value="warning"/><code value="code-invalid"/><details><text value="The display &quot;How many standard drinks containing alcohol do you have on a typical day&quot; is not a valid display for the code {http://loinc.org}68519-8 - should be one of [&quot;How many standard drinks containing alcohol do you have on a typical day [SAMHSA]&quot;,]"/></details><location value="Questionnaire/questionnaire-example-audit-c: Questionnaire.item[2].code (line 427, col18)"/></issue><issue><extension url="http://hl7.org/fhir/StructureDefinition/operationoutcome-issue-source"><valueCode value="TerminologyEngine"/></extension><severity value="warning"/><code value="code-invalid"/><details><text value="The display &quot;How often do you have 6 or more drinks on 1 occasion&quot; is not a valid display for the code {http://loinc.org}68520-6 - should be one of [&quot;How often do you have 6 or more drinks on 1 occasion [SAMHSA]&quot;,]"/></details><location value="Questionnaire/questionnaire-example-audit-c: Questionnaire.item[3].code (line 452, col18)"/></issue><issue><extension url="http://hl7.org/fhir/StructureDefinition/operationoutcome-issue-source"><valueCode value="InstanceValidator"/></extension><severity value="information"/><code value="informational"/><details><text value="This element does not match any known slice for the profile http://fhir.org/guides/argonaut/questionnaire/StructureDefinition/argo-questionnaire"/></details><location value="Questionnaire/questionnaire-example-audit-c: Questionnaire.item[4].extension[3] (line 479, col18)"/></issue><issue><extension url="http://hl7.org/fhir/StructureDefinition/operationoutcome-issue-source"><valueCode value="InstanceValidator"/></extension><severity value="error"/><code value="structure"/><details><text value="The extension http://hl7.org/fhir/StructureDefinition/designNote is unknown, and not allowed here"/></details><location value="Questionnaire/questionnaire-example-audit-c: Questionnaire.item[4].extension[3] (line 479, col18)"/></issue><issue><extension url="http://hl7.org/fhir/StructureDefinition/operationoutcome-issue-source"><valueCode value="InstanceValidator"/></extension><severity value="error"/><code value="structure"/><details><text value="URL value &#39;http://hl7.org/fhir/StructureDefinition/designNote&#39; does not resolve"/></details><location value="Questionnaire/questionnaire-example-audit-c: Questionnaire.item[4].extension[3].url (line 480, col81)"/></issue></OperationOutcome></resource></entry><entry><resource><OperationOutcome><extension url="http://hl7.org/fhir/StructureDefinition/operationoutcome-file"><valueString value="C:\work\org.hl7.fhir.publish\fhir.argonaut.questionnaire#1.0.0\source\examples\questionnaire-example-dast"/></extension><issue><extension url="http://hl7.org/fhir/StructureDefinition/operationoutcome-issue-source"><valueCode value="InstanceValidator"/></extension><severity value="information"/><code value="informational"/><details><text value="This element does not match any known slice for the profile http://fhir.org/guides/argonaut/questionnaire/StructureDefinition/argo-questionnaire"/></details><location value="Questionnaire/questionnaire-example-dast: Questionnaire.item[1].extension[3] (line 667, col26)"/></issue><issue><extension url="http://hl7.org/fhir/StructureDefinition/operationoutcome-issue-source"><valueCode value="InstanceValidator"/></extension><severity value="error"/><code value="structure"/><details><text value="The extension http://hl7.org/fhir/StructureDefinition/designNote is unknown, and not allowed here"/></details><location value="Questionnaire/questionnaire-example-dast: Questionnaire.item[1].extension[3] (line 667, col26)"/></issue><issue><extension url="http://hl7.org/fhir/StructureDefinition/operationoutcome-issue-source"><valueCode value="InstanceValidator"/></extension><severity value="error"/><code value="structure"/><details><text value="URL value &#39;http://hl7.org/fhir/StructureDefinition/designNote&#39; does not resolve"/></details><location value="Questionnaire/questionnaire-example-dast: Questionnaire.item[1].extension[3].url (line 668, col89)"/></issue><issue><extension url="http://hl7.org/fhir/StructureDefinition/operationoutcome-issue-source"><valueCode value="InstanceValidator"/></extension><severity value="information"/><code value="informational"/><details><text value="This element does not match any known slice for the profile http://fhir.org/guides/argonaut/questionnaire/StructureDefinition/argo-questionnaire"/></details><location value="Questionnaire/questionnaire-example-dast: Questionnaire.item[2].extension[3] (line 667, col26)"/></issue><issue><extension url="http://hl7.org/fhir/StructureDefinition/operationoutcome-issue-source"><valueCode value="InstanceValidator"/></extension><severity value="error"/><code value="structure"/><details><text value="The extension http://hl7.org/fhir/StructureDefinition/designNote is unknown, and not allowed here"/></details><location value="Questionnaire/questionnaire-example-dast: Questionnaire.item[2].extension[3] (line 667, col26)"/></issue><issue><extension url="http://hl7.org/fhir/StructureDefinition/operationoutcome-issue-source"><valueCode value="InstanceValidator"/></extension><severity value="error"/><code value="structure"/><details><text value="URL value &#39;http://hl7.org/fhir/StructureDefinition/designNote&#39; does not resolve"/></details><location value="Questionnaire/questionnaire-example-dast: Questionnaire.item[2].extension[3].url (line 668, col89)"/></issue><issue><extension url="http://hl7.org/fhir/StructureDefinition/operationoutcome-issue-source"><valueCode value="InstanceValidator"/></extension><severity value="information"/><code value="informational"/><details><text value="This element does not match any known slice for the profile http://fhir.org/guides/argonaut/questionnaire/StructureDefinition/argo-questionnaire"/></details><location value="Questionnaire/questionnaire-example-dast: Questionnaire.item[2].item.extension[3] (line 667, col26)"/></issue><issue><extension url="http://hl7.org/fhir/StructureDefinition/operationoutcome-issue-source"><valueCode value="InstanceValidator"/></extension><severity value="error"/><code value="structure"/><details><text value="The extension http://hl7.org/fhir/StructureDefinition/designNote is unknown, and not allowed here"/></details><location value="Questionnaire/questionnaire-example-dast: Questionnaire.item[2].item.extension[3] (line 667, col26)"/></issue><issue><extension url="http://hl7.org/fhir/StructureDefinition/operationoutcome-issue-source"><valueCode value="InstanceValidator"/></extension><severity value="error"/><code value="structure"/><details><text value="URL value &#39;http://hl7.org/fhir/StructureDefinition/designNote&#39; does not resolve"/></details><location value="Questionnaire/questionnaire-example-dast: Questionnaire.item[2].item.extension[3].url (line 668, col89)"/></issue></OperationOutcome></resource></entry><entry><resource><OperationOutcome><extension url="http://hl7.org/fhir/StructureDefinition/operationoutcome-file"><valueString value="C:\work\org.hl7.fhir.publish\fhir.argonaut.questionnaire#1.0.0\source\examples\questionnaire-example-phq9"/></extension><issue><extension url="http://hl7.org/fhir/StructureDefinition/operationoutcome-issue-source"><valueCode value="TerminologyEngine"/></extension><severity value="warning"/><code value="code-invalid"/><details><text value="The display &quot;PHQ-9 quick depression assessment panel&quot; is not a valid display for the code {http://loinc.org}44249-1 - should be one of [&quot;PHQ-9 quick depression assessment panel [Reported.PHQ]&quot;,]"/></details><location value="Questionnaire/questionnaire-example-phq9: Questionnaire.code (line 192, col10)"/></issue><issue><extension url="http://hl7.org/fhir/StructureDefinition/operationoutcome-issue-source"><valueCode value="InstanceValidator"/></extension><severity value="information"/><code value="informational"/><details><text value="This element does not match any known slice for the profile http://fhir.org/guides/argonaut/questionnaire/StructureDefinition/argo-questionnaire"/></details><location value="Questionnaire/questionnaire-example-phq9: Questionnaire.item[1].item[11].extension[3] (line 468, col26)"/></issue><issue><extension url="http://hl7.org/fhir/StructureDefinition/operationoutcome-issue-source"><valueCode value="InstanceValidator"/></extension><severity value="error"/><code value="structure"/><details><text value="The extension http://hl7.org/fhir/StructureDefinition/designNote is unknown, and not allowed here"/></details><location value="Questionnaire/questionnaire-example-phq9: Questionnaire.item[1].item[11].extension[3] (line 468, col26)"/></issue><issue><extension url="http://hl7.org/fhir/StructureDefinition/operationoutcome-issue-source"><valueCode value="InstanceValidator"/></extension><severity value="error"/><code value="structure"/><details><text value="URL value &#39;http://hl7.org/fhir/StructureDefinition/designNote&#39; does not resolve"/></details><location value="Questionnaire/questionnaire-example-phq9: Questionnaire.item[1].item[11].extension[3].url (line 469, col89)"/></issue></OperationOutcome></resource></entry><entry><resource><OperationOutcome><extension url="http://hl7.org/fhir/StructureDefinition/operationoutcome-file"><valueString value="C:\work\org.hl7.fhir.publish\fhir.argonaut.questionnaire#1.0.0\source\examples\questionnaireresponse-example-audit-c"/></extension><issue><extension url="http://hl7.org/fhir/StructureDefinition/operationoutcome-issue-source"><valueCode value="InstanceValidator"/></extension><severity value="warning"/><code value="code-invalid"/><details><text value="Error null validating Coding against Questionnaire Options"/></details><location value="QuestionnaireResponse/questionnaireresponse-example-audit-c: QuestionnaireResponse.item.answer"/></issue></OperationOutcome></resource></entry><entry><resource><OperationOutcome><extension url="http://hl7.org/fhir/StructureDefinition/operationoutcome-file"><valueString value="C:\work\org.hl7.fhir.publish\fhir.argonaut.questionnaire#1.0.0\source\examples\questionnaireresponse-example-phq9"/></extension><issue><extension url="http://hl7.org/fhir/StructureDefinition/operationoutcome-issue-source"><valueCode value="InstanceValidator"/></extension><severity value="warning"/><code value="code-invalid"/><details><text value="Error null validating Coding against Questionnaire Options"/></details><location value="QuestionnaireResponse/questionnaireresponse-example-phq9: QuestionnaireResponse.item.item.answer"/></issue></OperationOutcome></resource></entry><entry><resource><OperationOutcome><extension url="http://hl7.org/fhir/StructureDefinition/operationoutcome-file"><valueString value="C:\work\org.hl7.fhir.publish\fhir.argonaut.questionnaire#1.0.0\source\examples\questionnaireresponse-example-sampler-contained-patient"/></extension><issue><extension url="http://hl7.org/fhir/StructureDefinition/operationoutcome-issue-source"><valueCode value="InstanceValidator"/></extension><severity value="information"/><code value="not-supported"/><details><text value="Could not verify slice for profile http://hl7.org/fhir/StructureDefinition/Reference"/></details><location value="QuestionnaireResponse/questionnaireresponse-example-sampler-contained-patient: QuestionnaireResponse.contained.name (line 36, col19)"/></issue><issue><extension url="http://hl7.org/fhir/StructureDefinition/operationoutcome-issue-source"><valueCode value="InstanceValidator"/></extension><severity value="information"/><code value="not-supported"/><details><text value="Could not verify slice for profile http://hl7.org/fhir/StructureDefinition/Reference"/></details><location value="QuestionnaireResponse/questionnaireresponse-example-sampler-contained-patient: QuestionnaireResponse.contained.gender (line 58, col26)"/></issue><issue><extension url="http://hl7.org/fhir/StructureDefinition/operationoutcome-issue-source"><valueCode value="InstanceValidator"/></extension><severity value="information"/><code value="not-supported"/><details><text value="Could not verify slice for profile http://hl7.org/fhir/StructureDefinition/Reference"/></details><location value="QuestionnaireResponse/questionnaireresponse-example-sampler-contained-patient: QuestionnaireResponse.contained.birthDate (line 57, col29)"/></issue><issue><extension url="http://hl7.org/fhir/StructureDefinition/operationoutcome-issue-source"><valueCode value="InstanceValidator"/></extension><severity value="information"/><code value="not-supported"/><details><text value="Could not verify slice for profile http://hl7.org/fhir/StructureDefinition/Reference"/></details><location value="QuestionnaireResponse/questionnaireresponse-example-sampler-contained-patient: QuestionnaireResponse.contained.address (line 53, col14)"/></issue></OperationOutcome></resource></entry><entry><resource><OperationOutcome><extension url="http://hl7.org/fhir/StructureDefinition/operationoutcome-file"><valueString value="C:\work\org.hl7.fhir.publish\fhir.argonaut.questionnaire#1.0.0\source\resources\capabilitystatement-adaptive-questionnaire-service"/></extension><issue><extension url="http://hl7.org/fhir/StructureDefinition/operationoutcome-issue-source"><valueCode value="InstanceValidator"/></extension><severity value="warning"/><code value="code-invalid"/><details><text value="ValueSet http://hl7.org/fhir/ValueSet/mimetypes not found"/></details><location value="CapabilityStatement/adaptive-questionnaire-service: CapabilityStatement.format[1] (line 23, col13)"/></issue><issue><extension url="http://hl7.org/fhir/StructureDefinition/operationoutcome-issue-source"><valueCode value="InstanceValidator"/></extension><severity value="warning"/><code value="code-invalid"/><details><text value="ValueSet http://hl7.org/fhir/ValueSet/mimetypes not found"/></details><location value="CapabilityStatement/adaptive-questionnaire-service: CapabilityStatement.format[2] (line 25, col5)"/></issue><issue><extension url="http://hl7.org/fhir/StructureDefinition/operationoutcome-issue-source"><valueCode value="InstanceValidator"/></extension><severity value="warning"/><code value="code-invalid"/><details><text value="ValueSet http://hl7.org/fhir/ValueSet/mimetypes not found"/></details><location value="CapabilityStatement/adaptive-questionnaire-service: CapabilityStatement.patchFormat (line 44, col5)"/></issue><issue><extension url="http://hl7.org/fhir/StructureDefinition/operationoutcome-issue-source"><valueCode value="InstanceValidator"/></extension><severity value="error"/><code value="structure"/><details><text value="URL value &#39;http://hl7.org/fhir/us/core/STU2/ImplementationGuide/us-core-ig&#39; does not resolve"/></details><location value="CapabilityStatement/adaptive-questionnaire-service: CapabilityStatement.implementationGuide[2] (line 29, col5)"/></issue></OperationOutcome></resource></entry><entry><resource><OperationOutcome><extension url="http://hl7.org/fhir/StructureDefinition/operationoutcome-file"><valueString value="C:\work\org.hl7.fhir.publish\fhir.argonaut.questionnaire#1.0.0\source\resources\capabilitystatement-answerbank"/></extension><issue><extension url="http://hl7.org/fhir/StructureDefinition/operationoutcome-issue-source"><valueCode value="InstanceValidator"/></extension><severity value="warning"/><code value="code-invalid"/><details><text value="ValueSet http://hl7.org/fhir/ValueSet/mimetypes not found"/></details><location value="CapabilityStatement/answerbank: CapabilityStatement.format[1] (line 23, col13)"/></issue><issue><extension url="http://hl7.org/fhir/StructureDefinition/operationoutcome-issue-source"><valueCode value="InstanceValidator"/></extension><severity value="warning"/><code value="code-invalid"/><details><text value="ValueSet http://hl7.org/fhir/ValueSet/mimetypes not found"/></details><location value="CapabilityStatement/answerbank: CapabilityStatement.format[2] (line 25, col5)"/></issue><issue><extension url="http://hl7.org/fhir/StructureDefinition/operationoutcome-issue-source"><valueCode value="InstanceValidator"/></extension><severity value="warning"/><code value="code-invalid"/><details><text value="ValueSet http://hl7.org/fhir/ValueSet/mimetypes not found"/></details><location value="CapabilityStatement/answerbank: CapabilityStatement.patchFormat (line 44, col5)"/></issue><issue><extension url="http://hl7.org/fhir/StructureDefinition/operationoutcome-issue-source"><valueCode value="InstanceValidator"/></extension><severity value="error"/><code value="structure"/><details><text value="URL value &#39;http://hl7.org/fhir/us/core/STU2/ImplementationGuide/us-core-ig&#39; does not resolve"/></details><location value="CapabilityStatement/answerbank: CapabilityStatement.implementationGuide[2] (line 29, col5)"/></issue><issue><extension url="http://hl7.org/fhir/StructureDefinition/operationoutcome-issue-source"><valueCode value="InstanceValidator"/></extension><severity value="information"/><code value="informational"/><details><text value="This element does not match any known slice for the profile http://hl7.org/fhir/StructureDefinition/capabilitystatement-search-parameter-combination"/></details><location value="CapabilityStatement/answerbank: CapabilityStatement.rest.resource.extension[2].extension[1] (line 459, col26)"/></issue><issue><extension url="http://hl7.org/fhir/StructureDefinition/operationoutcome-issue-source"><valueCode value="InstanceValidator"/></extension><severity value="information"/><code value="informational"/><details><text value="This element does not match any known slice for the profile http://hl7.org/fhir/StructureDefinition/capabilitystatement-search-parameter-combination"/></details><location value="CapabilityStatement/answerbank: CapabilityStatement.rest.resource.extension[3].extension[1] (line 459, col26)"/></issue><issue><extension url="http://hl7.org/fhir/StructureDefinition/operationoutcome-issue-source"><valueCode value="InstanceValidator"/></extension><severity value="information"/><code value="informational"/><details><text value="This element does not match any known slice for the profile http://hl7.org/fhir/StructureDefinition/capabilitystatement-search-parameter-combination"/></details><location value="CapabilityStatement/answerbank: CapabilityStatement.rest.resource.extension[4].extension[1] (line 459, col26)"/></issue><issue><extension url="http://hl7.org/fhir/StructureDefinition/operationoutcome-issue-source"><valueCode value="InstanceValidator"/></extension><severity value="information"/><code value="informational"/><details><text value="This element does not match any known slice for the profile http://hl7.org/fhir/StructureDefinition/capabilitystatement-search-parameter-combination"/></details><location value="CapabilityStatement/answerbank: CapabilityStatement.rest.resource.extension[5].extension[1] (line 437, col26)"/></issue><issue><extension url="http://hl7.org/fhir/StructureDefinition/operationoutcome-issue-source"><valueCode value="InstanceValidator"/></extension><severity value="information"/><code value="informational"/><details><text value="This element does not match any known slice for the profile http://hl7.org/fhir/StructureDefinition/capabilitystatement-search-parameter-combination"/></details><location value="CapabilityStatement/answerbank: CapabilityStatement.rest.resource.extension[6].extension[1] (line 437, col26)"/></issue><issue><extension url="http://hl7.org/fhir/StructureDefinition/operationoutcome-issue-source"><valueCode value="InstanceValidator"/></extension><severity value="information"/><code value="informational"/><details><text value="This element does not match any known slice for the profile http://hl7.org/fhir/StructureDefinition/capabilitystatement-search-parameter-combination"/></details><location value="CapabilityStatement/answerbank: CapabilityStatement.rest.resource.extension[7].extension[1] (line 437, col26)"/></issue><issue><extension url="http://hl7.org/fhir/StructureDefinition/operationoutcome-issue-source"><valueCode value="InstanceValidator"/></extension><severity value="information"/><code value="informational"/><details><text value="This element does not match any known slice for the profile http://hl7.org/fhir/StructureDefinition/capabilitystatement-search-parameter-combination"/></details><location value="CapabilityStatement/answerbank: CapabilityStatement.rest.resource.extension[8].extension[1] (line 459, col26)"/></issue><issue><extension url="http://hl7.org/fhir/StructureDefinition/operationoutcome-issue-source"><valueCode value="InstanceValidator"/></extension><severity value="information"/><code value="informational"/><details><text value="This element does not match any known slice for the profile http://hl7.org/fhir/StructureDefinition/capabilitystatement-search-parameter-combination"/></details><location value="CapabilityStatement/answerbank: CapabilityStatement.rest.resource.extension[9].extension[1] (line 459, col26)"/></issue><issue><extension url="http://hl7.org/fhir/StructureDefinition/operationoutcome-issue-source"><valueCode value="InstanceValidator"/></extension><severity value="information"/><code value="informational"/><details><text value="This element does not match any known slice for the profile http://hl7.org/fhir/StructureDefinition/capabilitystatement-search-parameter-combination"/></details><location value="CapabilityStatement/answerbank: CapabilityStatement.rest.resource.extension[10].extension[1] (line 437, col26)"/></issue><issue><extension url="http://hl7.org/fhir/StructureDefinition/operationoutcome-issue-source"><valueCode value="InstanceValidator"/></extension><severity value="information"/><code value="informational"/><details><text value="This element does not match any known slice for the profile http://hl7.org/fhir/StructureDefinition/capabilitystatement-search-parameter-combination"/></details><location value="CapabilityStatement/answerbank: CapabilityStatement.rest.resource.extension[11].extension[1] (line 437, col26)"/></issue><issue><extension url="http://hl7.org/fhir/StructureDefinition/operationoutcome-issue-source"><valueCode value="InstanceValidator"/></extension><severity value="information"/><code value="informational"/><details><text value="This element does not match any known slice for the profile http://hl7.org/fhir/StructureDefinition/capabilitystatement-search-parameter-combination"/></details><location value="CapabilityStatement/answerbank: CapabilityStatement.rest.resource.extension[12].extension[1] (line 459, col26)"/></issue></OperationOutcome></resource></entry><entry><resource><OperationOutcome><extension url="http://hl7.org/fhir/StructureDefinition/operationoutcome-file"><valueString value="C:\work\org.hl7.fhir.publish\fhir.argonaut.questionnaire#1.0.0\source\resources\capabilitystatement-argo-questionnaire-provider-ehr"/></extension><issue><extension url="http://hl7.org/fhir/StructureDefinition/operationoutcome-issue-source"><valueCode value="InstanceValidator"/></extension><severity value="warning"/><code value="code-invalid"/><details><text value="ValueSet http://hl7.org/fhir/ValueSet/mimetypes not found"/></details><location value="CapabilityStatement/argo-questionnaire-provider-ehr: CapabilityStatement.format[1] (line 23, col13)"/></issue><issue><extension url="http://hl7.org/fhir/StructureDefinition/operationoutcome-issue-source"><valueCode value="InstanceValidator"/></extension><severity value="warning"/><code value="code-invalid"/><details><text value="ValueSet http://hl7.org/fhir/ValueSet/mimetypes not found"/></details><location value="CapabilityStatement/argo-questionnaire-provider-ehr: CapabilityStatement.format[2] (line 25, col5)"/></issue><issue><extension url="http://hl7.org/fhir/StructureDefinition/operationoutcome-issue-source"><valueCode value="InstanceValidator"/></extension><severity value="warning"/><code value="code-invalid"/><details><text value="ValueSet http://hl7.org/fhir/ValueSet/mimetypes not found"/></details><location value="CapabilityStatement/argo-questionnaire-provider-ehr: CapabilityStatement.patchFormat (line 44, col5)"/></issue><issue><extension url="http://hl7.org/fhir/StructureDefinition/operationoutcome-issue-source"><valueCode value="InstanceValidator"/></extension><severity value="error"/><code value="structure"/><details><text value="URL value &#39;http://hl7.org/fhir/us/core/STU2/ImplementationGuide/us-core-ig&#39; does not resolve"/></details><location value="CapabilityStatement/argo-questionnaire-provider-ehr: CapabilityStatement.implementationGuide[2] (line 29, col5)"/></issue><issue><extension url="http://hl7.org/fhir/StructureDefinition/operationoutcome-issue-source"><valueCode value="InstanceValidator"/></extension><severity value="information"/><code value="informational"/><details><text value="This element does not match any known slice for the profile http://hl7.org/fhir/StructureDefinition/capabilitystatement-search-parameter-combination"/></details><location value="CapabilityStatement/argo-questionnaire-provider-ehr: CapabilityStatement.rest.resource[1].extension[2].extension[1] (line 790, col26)"/></issue><issue><extension url="http://hl7.org/fhir/StructureDefinition/operationoutcome-issue-source"><valueCode value="InstanceValidator"/></extension><severity value="information"/><code value="informational"/><details><text value="This element does not match any known slice for the profile http://hl7.org/fhir/StructureDefinition/capabilitystatement-search-parameter-combination"/></details><location value="CapabilityStatement/argo-questionnaire-provider-ehr: CapabilityStatement.rest.resource[1].extension[3].extension[1] (line 790, col26)"/></issue><issue><extension url="http://hl7.org/fhir/StructureDefinition/operationoutcome-issue-source"><valueCode value="InstanceValidator"/></extension><severity value="information"/><code value="informational"/><details><text value="This element does not match any known slice for the profile http://hl7.org/fhir/StructureDefinition/capabilitystatement-search-parameter-combination"/></details><location value="CapabilityStatement/argo-questionnaire-provider-ehr: CapabilityStatement.rest.resource[1].extension[4].extension[1] (line 790, col26)"/></issue><issue><extension url="http://hl7.org/fhir/StructureDefinition/operationoutcome-issue-source"><valueCode value="InstanceValidator"/></extension><severity value="information"/><code value="informational"/><details><text value="This element does not match any known slice for the profile http://hl7.org/fhir/StructureDefinition/capabilitystatement-search-parameter-combination"/></details><location value="CapabilityStatement/argo-questionnaire-provider-ehr: CapabilityStatement.rest.resource[1].extension[5].extension[1] (line 790, col26)"/></issue><issue><extension url="http://hl7.org/fhir/StructureDefinition/operationoutcome-issue-source"><valueCode value="InstanceValidator"/></extension><severity value="information"/><code value="informational"/><details><text value="This element does not match any known slice for the profile http://hl7.org/fhir/StructureDefinition/capabilitystatement-search-parameter-combination"/></details><location value="CapabilityStatement/argo-questionnaire-provider-ehr: CapabilityStatement.rest.resource[1].extension[6].extension[1] (line 790, col26)"/></issue><issue><extension url="http://hl7.org/fhir/StructureDefinition/operationoutcome-issue-source"><valueCode value="InstanceValidator"/></extension><severity value="information"/><code value="informational"/><details><text value="This element does not match any known slice for the profile http://hl7.org/fhir/StructureDefinition/capabilitystatement-search-parameter-combination"/></details><location value="CapabilityStatement/argo-questionnaire-provider-ehr: CapabilityStatement.rest.resource[1].extension[7].extension[1] (line 790, col26)"/></issue><issue><extension url="http://hl7.org/fhir/StructureDefinition/operationoutcome-issue-source"><valueCode value="InstanceValidator"/></extension><severity value="information"/><code value="informational"/><details><text value="This element does not match any known slice for the profile http://hl7.org/fhir/StructureDefinition/capabilitystatement-search-parameter-combination"/></details><location value="CapabilityStatement/argo-questionnaire-provider-ehr: CapabilityStatement.rest.resource[1].extension[8].extension[1] (line 790, col26)"/></issue><issue><extension url="http://hl7.org/fhir/StructureDefinition/operationoutcome-issue-source"><valueCode value="InstanceValidator"/></extension><severity value="information"/><code value="informational"/><details><text value="This element does not match any known slice for the profile http://hl7.org/fhir/StructureDefinition/capabilitystatement-search-parameter-combination"/></details><location value="CapabilityStatement/argo-questionnaire-provider-ehr: CapabilityStatement.rest.resource[1].extension[9].extension[1] (line 790, col26)"/></issue><issue><extension url="http://hl7.org/fhir/StructureDefinition/operationoutcome-issue-source"><valueCode value="InstanceValidator"/></extension><severity value="information"/><code value="informational"/><details><text value="This element does not match any known slice for the profile http://hl7.org/fhir/StructureDefinition/capabilitystatement-search-parameter-combination"/></details><location value="CapabilityStatement/argo-questionnaire-provider-ehr: CapabilityStatement.rest.resource[1].extension[10].extension[1] (line 790, col26)"/></issue><issue><extension url="http://hl7.org/fhir/StructureDefinition/operationoutcome-issue-source"><valueCode value="InstanceValidator"/></extension><severity value="information"/><code value="informational"/><details><text value="This element does not match any known slice for the profile http://hl7.org/fhir/StructureDefinition/capabilitystatement-search-parameter-combination"/></details><location value="CapabilityStatement/argo-questionnaire-provider-ehr: CapabilityStatement.rest.resource[1].extension[11].extension[1] (line 790, col26)"/></issue><issue><extension url="http://hl7.org/fhir/StructureDefinition/operationoutcome-issue-source"><valueCode value="InstanceValidator"/></extension><severity value="information"/><code value="informational"/><details><text value="This element does not match any known slice for the profile http://hl7.org/fhir/StructureDefinition/capabilitystatement-search-parameter-combination"/></details><location value="CapabilityStatement/argo-questionnaire-provider-ehr: CapabilityStatement.rest.resource[2].extension[2].extension[1] (line 790, col26)"/></issue><issue><extension url="http://hl7.org/fhir/StructureDefinition/operationoutcome-issue-source"><valueCode value="InstanceValidator"/></extension><severity value="information"/><code value="informational"/><details><text value="This element does not match any known slice for the profile http://hl7.org/fhir/StructureDefinition/capabilitystatement-search-parameter-combination"/></details><location value="CapabilityStatement/argo-questionnaire-provider-ehr: CapabilityStatement.rest.resource[2].extension[3].extension[1] (line 790, col26)"/></issue><issue><extension url="http://hl7.org/fhir/StructureDefinition/operationoutcome-issue-source"><valueCode value="InstanceValidator"/></extension><severity value="information"/><code value="informational"/><details><text value="This element does not match any known slice for the profile http://hl7.org/fhir/StructureDefinition/capabilitystatement-search-parameter-combination"/></details><location value="CapabilityStatement/argo-questionnaire-provider-ehr: CapabilityStatement.rest.resource[2].extension[4].extension[1] (line 790, col26)"/></issue><issue><extension url="http://hl7.org/fhir/StructureDefinition/operationoutcome-issue-source"><valueCode value="InstanceValidator"/></extension><severity value="information"/><code value="informational"/><details><text value="This element does not match any known slice for the profile http://hl7.org/fhir/StructureDefinition/capabilitystatement-search-parameter-combination"/></details><location value="CapabilityStatement/argo-questionnaire-provider-ehr: CapabilityStatement.rest.resource[2].extension[5].extension[1] (line 790, col26)"/></issue><issue><extension url="http://hl7.org/fhir/StructureDefinition/operationoutcome-issue-source"><valueCode value="InstanceValidator"/></extension><severity value="information"/><code value="informational"/><details><text value="This element does not match any known slice for the profile http://hl7.org/fhir/StructureDefinition/capabilitystatement-search-parameter-combination"/></details><location value="CapabilityStatement/argo-questionnaire-provider-ehr: CapabilityStatement.rest.resource[2].extension[6].extension[1] (line 790, col26)"/></issue><issue><extension url="http://hl7.org/fhir/StructureDefinition/operationoutcome-issue-source"><valueCode value="InstanceValidator"/></extension><severity value="information"/><code value="informational"/><details><text value="This element does not match any known slice for the profile http://hl7.org/fhir/StructureDefinition/capabilitystatement-search-parameter-combination"/></details><location value="CapabilityStatement/argo-questionnaire-provider-ehr: CapabilityStatement.rest.resource[2].extension[7].extension[1] (line 790, col26)"/></issue><issue><extension url="http://hl7.org/fhir/StructureDefinition/operationoutcome-issue-source"><valueCode value="InstanceValidator"/></extension><severity value="information"/><code value="informational"/><details><text value="This element does not match any known slice for the profile http://hl7.org/fhir/StructureDefinition/capabilitystatement-search-parameter-combination"/></details><location value="CapabilityStatement/argo-questionnaire-provider-ehr: CapabilityStatement.rest.resource[2].extension[8].extension[1] (line 790, col26)"/></issue><issue><extension url="http://hl7.org/fhir/StructureDefinition/operationoutcome-issue-source"><valueCode value="InstanceValidator"/></extension><severity value="information"/><code value="informational"/><details><text value="This element does not match any known slice for the profile http://hl7.org/fhir/StructureDefinition/capabilitystatement-search-parameter-combination"/></details><location value="CapabilityStatement/argo-questionnaire-provider-ehr: CapabilityStatement.rest.resource[2].extension[9].extension[1] (line 790, col26)"/></issue><issue><extension url="http://hl7.org/fhir/StructureDefinition/operationoutcome-issue-source"><valueCode value="InstanceValidator"/></extension><severity value="information"/><code value="informational"/><details><text value="This element does not match any known slice for the profile http://hl7.org/fhir/StructureDefinition/capabilitystatement-search-parameter-combination"/></details><location value="CapabilityStatement/argo-questionnaire-provider-ehr: CapabilityStatement.rest.resource[2].extension[10].extension[1] (line 790, col26)"/></issue><issue><extension url="http://hl7.org/fhir/StructureDefinition/operationoutcome-issue-source"><valueCode value="InstanceValidator"/></extension><severity value="information"/><code value="informational"/><details><text value="This element does not match any known slice for the profile http://hl7.org/fhir/StructureDefinition/capabilitystatement-search-parameter-combination"/></details><location value="CapabilityStatement/argo-questionnaire-provider-ehr: CapabilityStatement.rest.resource[2].extension[11].extension[1] (line 790, col26)"/></issue><issue><extension url="http://hl7.org/fhir/StructureDefinition/operationoutcome-issue-source"><valueCode value="InstanceValidator"/></extension><severity value="information"/><code value="informational"/><details><text value="This element does not match any known slice for the profile http://hl7.org/fhir/StructureDefinition/capabilitystatement-search-parameter-combination"/></details><location value="CapabilityStatement/argo-questionnaire-provider-ehr: CapabilityStatement.rest.resource[2].extension[12].extension[1] (line 790, col26)"/></issue></OperationOutcome></resource></entry><entry><resource><OperationOutcome><extension url="http://hl7.org/fhir/StructureDefinition/operationoutcome-file"><valueString value="C:\work\org.hl7.fhir.publish\fhir.argonaut.questionnaire#1.0.0\source\resources\capabilitystatement-assessmentbank"/></extension><issue><extension url="http://hl7.org/fhir/StructureDefinition/operationoutcome-issue-source"><valueCode value="InstanceValidator"/></extension><severity value="warning"/><code value="code-invalid"/><details><text value="ValueSet http://hl7.org/fhir/ValueSet/mimetypes not found"/></details><location value="CapabilityStatement/assessmentbank: CapabilityStatement.format[1] (line 23, col13)"/></issue><issue><extension url="http://hl7.org/fhir/StructureDefinition/operationoutcome-issue-source"><valueCode value="InstanceValidator"/></extension><severity value="warning"/><code value="code-invalid"/><details><text value="ValueSet http://hl7.org/fhir/ValueSet/mimetypes not found"/></details><location value="CapabilityStatement/assessmentbank: CapabilityStatement.format[2] (line 25, col5)"/></issue><issue><extension url="http://hl7.org/fhir/StructureDefinition/operationoutcome-issue-source"><valueCode value="InstanceValidator"/></extension><severity value="warning"/><code value="code-invalid"/><details><text value="ValueSet http://hl7.org/fhir/ValueSet/mimetypes not found"/></details><location value="CapabilityStatement/assessmentbank: CapabilityStatement.patchFormat (line 44, col5)"/></issue><issue><extension url="http://hl7.org/fhir/StructureDefinition/operationoutcome-issue-source"><valueCode value="InstanceValidator"/></extension><severity value="error"/><code value="structure"/><details><text value="URL value &#39;http://hl7.org/fhir/us/core/STU2/ImplementationGuide/us-core-ig&#39; does not resolve"/></details><location value="CapabilityStatement/assessmentbank: CapabilityStatement.implementationGuide[2] (line 29, col5)"/></issue><issue><extension url="http://hl7.org/fhir/StructureDefinition/operationoutcome-issue-source"><valueCode value="InstanceValidator"/></extension><severity value="information"/><code value="informational"/><details><text value="This element does not match any known slice for the profile http://hl7.org/fhir/StructureDefinition/capabilitystatement-search-parameter-combination"/></details><location value="CapabilityStatement/assessmentbank: CapabilityStatement.rest.resource.extension[2].extension[1] (line 419, col26)"/></issue><issue><extension url="http://hl7.org/fhir/StructureDefinition/operationoutcome-issue-source"><valueCode value="InstanceValidator"/></extension><severity value="information"/><code value="informational"/><details><text value="This element does not match any known slice for the profile http://hl7.org/fhir/StructureDefinition/capabilitystatement-search-parameter-combination"/></details><location value="CapabilityStatement/assessmentbank: CapabilityStatement.rest.resource.extension[3].extension[1] (line 419, col26)"/></issue><issue><extension url="http://hl7.org/fhir/StructureDefinition/operationoutcome-issue-source"><valueCode value="InstanceValidator"/></extension><severity value="information"/><code value="informational"/><details><text value="This element does not match any known slice for the profile http://hl7.org/fhir/StructureDefinition/capabilitystatement-search-parameter-combination"/></details><location value="CapabilityStatement/assessmentbank: CapabilityStatement.rest.resource.extension[4].extension[1] (line 419, col26)"/></issue><issue><extension url="http://hl7.org/fhir/StructureDefinition/operationoutcome-issue-source"><valueCode value="InstanceValidator"/></extension><severity value="information"/><code value="informational"/><details><text value="This element does not match any known slice for the profile http://hl7.org/fhir/StructureDefinition/capabilitystatement-search-parameter-combination"/></details><location value="CapabilityStatement/assessmentbank: CapabilityStatement.rest.resource.extension[5].extension[1] (line 397, col26)"/></issue><issue><extension url="http://hl7.org/fhir/StructureDefinition/operationoutcome-issue-source"><valueCode value="InstanceValidator"/></extension><severity value="information"/><code value="informational"/><details><text value="This element does not match any known slice for the profile http://hl7.org/fhir/StructureDefinition/capabilitystatement-search-parameter-combination"/></details><location value="CapabilityStatement/assessmentbank: CapabilityStatement.rest.resource.extension[6].extension[1] (line 419, col26)"/></issue><issue><extension url="http://hl7.org/fhir/StructureDefinition/operationoutcome-issue-source"><valueCode value="InstanceValidator"/></extension><severity value="information"/><code value="informational"/><details><text value="This element does not match any known slice for the profile http://hl7.org/fhir/StructureDefinition/capabilitystatement-search-parameter-combination"/></details><location value="CapabilityStatement/assessmentbank: CapabilityStatement.rest.resource.extension[7].extension[1] (line 419, col26)"/></issue><issue><extension url="http://hl7.org/fhir/StructureDefinition/operationoutcome-issue-source"><valueCode value="InstanceValidator"/></extension><severity value="information"/><code value="informational"/><details><text value="This element does not match any known slice for the profile http://hl7.org/fhir/StructureDefinition/capabilitystatement-search-parameter-combination"/></details><location value="CapabilityStatement/assessmentbank: CapabilityStatement.rest.resource.extension[8].extension[1] (line 397, col26)"/></issue><issue><extension url="http://hl7.org/fhir/StructureDefinition/operationoutcome-issue-source"><valueCode value="InstanceValidator"/></extension><severity value="information"/><code value="informational"/><details><text value="This element does not match any known slice for the profile http://hl7.org/fhir/StructureDefinition/capabilitystatement-search-parameter-combination"/></details><location value="CapabilityStatement/assessmentbank: CapabilityStatement.rest.resource.extension[9].extension[1] (line 419, col26)"/></issue><issue><extension url="http://hl7.org/fhir/StructureDefinition/operationoutcome-issue-source"><valueCode value="InstanceValidator"/></extension><severity value="information"/><code value="informational"/><details><text value="This element does not match any known slice for the profile http://hl7.org/fhir/StructureDefinition/capabilitystatement-search-parameter-combination"/></details><location value="CapabilityStatement/assessmentbank: CapabilityStatement.rest.resource.extension[10].extension[1] (line 419, col26)"/></issue><issue><extension url="http://hl7.org/fhir/StructureDefinition/operationoutcome-issue-source"><valueCode value="InstanceValidator"/></extension><severity value="information"/><code value="informational"/><details><text value="This element does not match any known slice for the profile http://hl7.org/fhir/StructureDefinition/capabilitystatement-search-parameter-combination"/></details><location value="CapabilityStatement/assessmentbank: CapabilityStatement.rest.resource.extension[11].extension[1] (line 419, col26)"/></issue></OperationOutcome></resource></entry></Bundle>