{
  "resourceType": "SearchParameter",
  "id": "QuestionnaireResponse-patient",
  "text": {
    "status": "generated",
    "div": "<div xmlns=\"http://www.w3.org/1999/xhtml\"><p><b>Generated Narrative with Details</b></p><p><b>id</b>: QuestionnaireResponse-patient</p><p><b>url</b>: <a href=\"http://fhir.org/guides/argonaut/questionnaire/SearchParameter/QuestionnaireResponse-patient\">http://fhir.org/guides/argonaut/questionnaire/SearchParameter/QuestionnaireResponse-patient</a></p><p><b>name</b>: questionnaireresponse_patient</p><p><b>status</b>: active</p><p><b>experimental</b>: false</p><p><b>date</b>: Feb 18, 2019, 11:50:02 PM</p><p><b>publisher</b>: The Argonaut Project</p><p><b>contact</b>: </p><p><b>code</b>: patient</p><p><b>base</b>: QuestionnaireResponse</p><p><b>type</b>: reference</p><p><b>derivedFrom</b>: <a href=\"http://hl7.org/fhir/SearchParameter/QuestionnaireResponse-patient\">http://hl7.org/fhir/SearchParameter/QuestionnaireResponse-patient</a></p><p><b>description</b>: The patient that is the subject of the questionnaire response</p><p><b>expression</b>: QuestionnaireResponse.subject</p><p><b>xpath</b>: f:QuestionnaireResponse/f:subject</p><p><b>xpathUsage</b>: normal</p><p><b>target</b>: Patient</p><p><b>chain</b>: patient.gender, patient.birthdate, patient.race, patient.ethnicity, patient.address-postalcode</p><p><b>multipleOr Extension</b>True</p><p><b>multipleAnd Extension</b>True</p></div>"
  },
  "extension": [
    {
      "url": "http://fhir.org/guides/argonaut/questionnaire/StructureDefinition/extension-multipleAnd",
      "valueBoolean": true
    },
    {
      "url": "http://fhir.org/guides/argonaut/questionnaire/StructureDefinition/extension-multipleOr",
      "valueBoolean": true
    }
  ],
  "url": "http://fhir.org/guides/argonaut/questionnaire/SearchParameter/QuestionnaireResponse-patient",
  "name": "questionnaireresponse_patient",
  "status": "active",
  "experimental": false,
  "date": "2019-02-18T23:50:02.234080Z",
  "publisher": "The Argonaut Project",
  "contact": [
    {
      "telecom": [
        {
          "system": "url",
          "value": "https://github.com/argonautproject/questionnaire/issues"
        }
      ]
    }
  ],
  "code": "patient",
  "base": [
    "QuestionnaireResponse"
  ],
  "type": "reference",
  "derivedFrom": "http://hl7.org/fhir/SearchParameter/QuestionnaireResponse-patient",
  "description": "The patient that is the subject of the questionnaire response",
  "expression": "QuestionnaireResponse.subject",
  "xpath": "f:QuestionnaireResponse/f:subject",
  "xpathUsage": "normal",
  "target": [
    "Patient"
  ],
  "chain": [
    "patient.gender",
    "patient.birthdate",
    "patient.race",
    "patient.ethnicity",
    "patient.address-postalcode"
  ]
}