<?xml version="1.0" encoding="UTF-8"?>

<SearchParameter xmlns="http://hl7.org/fhir">
  <id value="QuestionnaireResponse-status"/>
  <text>
    <status value="generated"/><div xmlns="http://www.w3.org/1999/xhtml"><p><b>Generated Narrative with Details</b></p><p><b>id</b>: QuestionnaireResponse-status</p><p><b>url</b>: <a href="http://fhir.org/guides/argonaut/questionnaire/SearchParameter/QuestionnaireResponse-status">http://fhir.org/guides/argonaut/questionnaire/SearchParameter/QuestionnaireResponse-status</a></p><p><b>name</b>: questionnaireresponse_status</p><p><b>status</b>: active</p><p><b>experimental</b>: false</p><p><b>date</b>: Feb 18, 2019, 11:50:02 PM</p><p><b>publisher</b>: The Argonaut Project</p><p><b>contact</b>: </p><p><b>code</b>: status</p><p><b>base</b>: QuestionnaireResponse</p><p><b>type</b>: token</p><p><b>derivedFrom</b>: <a href="http://hl7.org/fhir/SearchParameter/QuestionnaireResponse-status">http://hl7.org/fhir/SearchParameter/QuestionnaireResponse-status</a></p><p><b>description</b>: The status of the questionnaire response</p><p><b>expression</b>: QuestionnaireResponse.status</p><p><b>xpath</b>: f:QuestionnaireResponse/f:status</p><p><b>xpathUsage</b>: normal</p><p><b>multipleOr Extension</b>True</p><p><b>multipleAnd Extension</b>True</p></div>
  </text>
  <extension url="http://fhir.org/guides/argonaut/questionnaire/StructureDefinition/extension-multipleAnd">
    <valueBoolean value="true"/>
  </extension>
  <extension url="http://fhir.org/guides/argonaut/questionnaire/StructureDefinition/extension-multipleOr">
    <valueBoolean value="true"/>
  </extension>
  <url value="http://fhir.org/guides/argonaut/questionnaire/SearchParameter/QuestionnaireResponse-status"/>
  <name value="questionnaireresponse_status"/>
  <status value="active"/>
  <experimental value="false"/>
  <date value="2019-02-18T23:50:02.691481Z"/>
  <publisher value="The Argonaut Project"/>
  <contact>
    <telecom>
      <system value="url"/>
      <value value="https://github.com/argonautproject/questionnaire/issues"/>
    </telecom>
  </contact>
  <code value="status"/>
  <base value="QuestionnaireResponse"/>
  <type value="token"/>
  <derivedFrom value="http://hl7.org/fhir/SearchParameter/QuestionnaireResponse-status"/>
  <description value="The status of the questionnaire response"/>
  <expression value="QuestionnaireResponse.status"/>
  <xpath value="f:QuestionnaireResponse/f:status"/>
  <xpathUsage value="normal"/>
</SearchParameter>