{
  "resourceType": "SearchParameter",
  "id": "Questionnaire-publisher",
  "text": {
    "status": "generated",
    "div": "<div xmlns=\"http://www.w3.org/1999/xhtml\"><p><b>Generated Narrative with Details</b></p><p><b>id</b>: Questionnaire-publisher</p><p><b>url</b>: <a href=\"http://fhir.org/guides/argonaut/questionnaire/SearchParameter/Questionnaire-publisher\">http://fhir.org/guides/argonaut/questionnaire/SearchParameter/Questionnaire-publisher</a></p><p><b>name</b>: questionnaire_publisher</p><p><b>status</b>: active</p><p><b>experimental</b>: false</p><p><b>date</b>: Feb 18, 2019, 11:50:01 PM</p><p><b>publisher</b>: The Argonaut Project</p><p><b>contact</b>: </p><p><b>code</b>: publisher</p><p><b>base</b>: Questionnaire</p><p><b>type</b>: string</p><p><b>derivedFrom</b>: <a href=\"http://hl7.org/fhir/SearchParameter/Questionnaire-publisher\">http://hl7.org/fhir/SearchParameter/Questionnaire-publisher</a></p><p><b>description</b>: Name of the publisher of the questionnaire</p><p><b>expression</b>: Questionnaire.publisher</p><p><b>xpath</b>: f:Questionnaire/f:publisher</p><p><b>xpathUsage</b>: normal</p><p><b>modifier</b>: contains</p><p><b>multipleOr Extension</b>True</p><p><b>multipleAnd Extension</b>True</p></div>"
  },
  "extension": [
    {
      "url": "http://fhir.org/guides/argonaut/questionnaire/StructureDefinition/extension-multipleAnd",
      "valueBoolean": true
    },
    {
      "url": "http://fhir.org/guides/argonaut/questionnaire/StructureDefinition/extension-multipleOr",
      "valueBoolean": true
    }
  ],
  "url": "http://fhir.org/guides/argonaut/questionnaire/SearchParameter/Questionnaire-publisher",
  "name": "questionnaire_publisher",
  "status": "active",
  "experimental": false,
  "date": "2019-02-18T23:50:01.604652Z",
  "publisher": "The Argonaut Project",
  "contact": [
    {
      "telecom": [
        {
          "system": "url",
          "value": "https://github.com/argonautproject/questionnaire/issues"
        }
      ]
    }
  ],
  "code": "publisher",
  "base": [
    "Questionnaire"
  ],
  "type": "string",
  "derivedFrom": "http://hl7.org/fhir/SearchParameter/Questionnaire-publisher",
  "description": "Name of the publisher of the questionnaire",
  "expression": "Questionnaire.publisher",
  "xpath": "f:Questionnaire/f:publisher",
  "xpathUsage": "normal",
  "modifier": [
    "contains"
  ]
}