{
  "resourceType": "SearchParameter",
  "id": "QuestionnaireResponse-context",
  "text": {
    "status": "generated",
    "div": "<div xmlns=\"http://www.w3.org/1999/xhtml\"><p><b>Generated Narrative with Details</b></p><p><b>id</b>: QuestionnaireResponse-context</p><p><b>url</b>: <a href=\"http://fhir.org/guides/argonaut/questionnaire/SearchParameter/QuestionnaireResponse-context\">http://fhir.org/guides/argonaut/questionnaire/SearchParameter/QuestionnaireResponse-context</a></p><p><b>name</b>: questionnaireresponse_context</p><p><b>status</b>: active</p><p><b>experimental</b>: false</p><p><b>date</b>: Feb 18, 2019, 11:50:02 PM</p><p><b>publisher</b>: The Argonaut Project</p><p><b>contact</b>: </p><p><b>code</b>: context</p><p><b>base</b>: QuestionnaireResponse</p><p><b>type</b>: reference</p><p><b>derivedFrom</b>: <a href=\"http://hl7.org/fhir/SearchParameter/QuestionnaireResponse-context\">http://hl7.org/fhir/SearchParameter/QuestionnaireResponse-context</a></p><p><b>description</b>: Encounter or episode associated with the questionnaire response</p><p><b>expression</b>: QuestionnaireResponse.context</p><p><b>xpath</b>: f:QuestionnaireResponse/f:context</p><p><b>xpathUsage</b>: normal</p><p><b>target</b>: EpisodeOfCare, Encounter</p><p><b>multipleOr Extension</b>True</p><p><b>multipleAnd Extension</b>True</p></div>"
  },
  "extension": [
    {
      "url": "http://fhir.org/guides/argonaut/questionnaire/StructureDefinition/extension-multipleAnd",
      "valueBoolean": true
    },
    {
      "url": "http://fhir.org/guides/argonaut/questionnaire/StructureDefinition/extension-multipleOr",
      "valueBoolean": true
    }
  ],
  "url": "http://fhir.org/guides/argonaut/questionnaire/SearchParameter/QuestionnaireResponse-context",
  "name": "questionnaireresponse_context",
  "status": "active",
  "experimental": false,
  "date": "2019-02-18T23:50:02.485378Z",
  "publisher": "The Argonaut Project",
  "contact": [
    {
      "telecom": [
        {
          "system": "url",
          "value": "https://github.com/argonautproject/questionnaire/issues"
        }
      ]
    }
  ],
  "code": "context",
  "base": [
    "QuestionnaireResponse"
  ],
  "type": "reference",
  "derivedFrom": "http://hl7.org/fhir/SearchParameter/QuestionnaireResponse-context",
  "description": "Encounter or episode associated with the questionnaire response",
  "expression": "QuestionnaireResponse.context",
  "xpath": "f:QuestionnaireResponse/f:context",
  "xpathUsage": "normal",
  "target": [
    "EpisodeOfCare",
    "Encounter"
  ]
}