{
  "resourceType": "ImplementationGuide",
  "id": "fhir.acme.hotbeverage",
  "text": {
    "status": "extensions",
    "div": "<div xmlns=\"http://www.w3.org/1999/xhtml\"><h2>HotBeverage</h2><p>The official URL for this implementation guide is: </p><pre>http://fhir.org/guides/acme/HotBeverage/ImplementationGuide/fhir.acme.hotbeverage</pre><div><p>Based on IETF <a href=\"https://tools.ietf.org/html/rfc2324\">RFC 2324 - Hyper Text Coffee Pot Control Protocol (HTCPCP/1.0)</a> and its update, <a href=\"https://tools.ietf.org/html/rfc7168\">RFC 7168 - The Hyper Text Coffee Pot Control Protocol for Tea Efflux Appliances (HTCPCP-TEA)</a>, this resource allows for the fulfillment of a device request for an artfully brewed caffeinated beverage, but coffee shares this quality with many other varied preparations based on the filtration of plant material.  Foremost, among these are the category of brews based on the straining of water through prepared leaves from a tea tree.</p>\n</div></div>"
  },
  "url": "http://fhir.org/guides/acme/HotBeverage/ImplementationGuide/fhir.acme.hotbeverage",
  "version": "1.4.2022",
  "name": "HotBeverage",
  "title": "HotBeverage FHIR Implementation Guide",
  "status": "active",
  "date": "2022-04-01",
  "publisher": "Dave Pyke & John Moehrke",
  "contact": [
    {
      "name": "Dave Pyke & John Moehrke",
      "telecom": [
        {
          "system": "url",
          "value": "https://github.com/DavidPyke/HotBeverage"
        },
        {
          "system": "email",
          "value": "david@pyke.ca"
        }
      ]
    },
    {
      "name": "David Pyke",
      "telecom": [
        {
          "system": "email",
          "value": "david@pyke.ca",
          "use": "work"
        }
      ]
    },
    {
      "name": "John Moehrke",
      "telecom": [
        {
          "system": "email",
          "value": "JohnMoehrke@gmail.com",
          "use": "work"
        }
      ]
    }
  ],
  "description": "Based on IETF [RFC 2324 - Hyper Text Coffee Pot Control Protocol (HTCPCP/1.0)](https://tools.ietf.org/html/rfc2324) and its update, [RFC 7168 - The Hyper Text Coffee Pot Control Protocol for Tea Efflux Appliances (HTCPCP-TEA)](https://tools.ietf.org/html/rfc7168), this resource allows for the fulfillment of a device request for an artfully brewed caffeinated beverage, but coffee shares this quality with many other varied preparations based on the filtration of plant material.  Foremost, among these are the category of brews based on the straining of water through prepared leaves from a tea tree.",
  "jurisdiction": [
    {
      "coding": [
        {
          "system": "http://unstats.un.org/unsd/methods/m49/m49.htm",
          "code": "001"
        }
      ]
    }
  ],
  "packageId": "fhir.acme.hotbeverage",
  "license": "CC0-1.0",
  "fhirVersion": [
    "4.0.1"
  ],
  "definition": {
    "extension": [
      {
        "extension": [
          {
            "url": "code",
            "valueString": "copyrightyear"
          },
          {
            "url": "value",
            "valueString": "2021+"
          }
        ],
        "url": "http://hl7.org/fhir/tools/StructureDefinition/ig-parameter"
      },
      {
        "extension": [
          {
            "url": "code",
            "valueString": "releaselabel"
          },
          {
            "url": "value",
            "valueString": "release"
          }
        ],
        "url": "http://hl7.org/fhir/tools/StructureDefinition/ig-parameter"
      },
      {
        "extension": [
          {
            "url": "code",
            "valueString": "show-inherited-invariants"
          },
          {
            "url": "value",
            "valueString": "false"
          }
        ],
        "url": "http://hl7.org/fhir/tools/StructureDefinition/ig-parameter"
      },
      {
        "extension": [
          {
            "url": "code",
            "valueString": "usage-stats-opt-out"
          },
          {
            "url": "value",
            "valueString": "false"
          }
        ],
        "url": "http://hl7.org/fhir/tools/StructureDefinition/ig-parameter"
      },
      {
        "extension": [
          {
            "url": "code",
            "valueString": "shownav"
          },
          {
            "url": "value",
            "valueString": "true"
          }
        ],
        "url": "http://hl7.org/fhir/tools/StructureDefinition/ig-parameter"
      },
      {
        "extension": [
          {
            "url": "code",
            "valueString": "apply-contact"
          },
          {
            "url": "value",
            "valueString": "true"
          }
        ],
        "url": "http://hl7.org/fhir/tools/StructureDefinition/ig-parameter"
      },
      {
        "extension": [
          {
            "url": "code",
            "valueString": "apply-jurisdiction"
          },
          {
            "url": "value",
            "valueString": "true"
          }
        ],
        "url": "http://hl7.org/fhir/tools/StructureDefinition/ig-parameter"
      },
      {
        "extension": [
          {
            "url": "code",
            "valueString": "apply-publisher"
          },
          {
            "url": "value",
            "valueString": "true"
          }
        ],
        "url": "http://hl7.org/fhir/tools/StructureDefinition/ig-parameter"
      },
      {
        "extension": [
          {
            "url": "code",
            "valueString": "apply-version"
          },
          {
            "url": "value",
            "valueString": "true"
          }
        ],
        "url": "http://hl7.org/fhir/tools/StructureDefinition/ig-parameter"
      },
      {
        "extension": [
          {
            "url": "code",
            "valueString": "propagate-status"
          },
          {
            "url": "value",
            "valueString": "true"
          }
        ],
        "url": "http://hl7.org/fhir/tools/StructureDefinition/ig-parameter"
      },
      {
        "extension": [
          {
            "url": "code",
            "valueString": "autoload-resources"
          },
          {
            "url": "value",
            "valueString": "true"
          }
        ],
        "url": "http://hl7.org/fhir/tools/StructureDefinition/ig-parameter"
      },
      {
        "extension": [
          {
            "url": "code",
            "valueString": "path-liquid"
          },
          {
            "url": "value",
            "valueString": "template/liquid"
          }
        ],
        "url": "http://hl7.org/fhir/tools/StructureDefinition/ig-parameter"
      },
      {
        "extension": [
          {
            "url": "code",
            "valueString": "path-liquid"
          },
          {
            "url": "value",
            "valueString": "input/liquid"
          }
        ],
        "url": "http://hl7.org/fhir/tools/StructureDefinition/ig-parameter"
      },
      {
        "extension": [
          {
            "url": "code",
            "valueString": "path-qa"
          },
          {
            "url": "value",
            "valueString": "temp/qa"
          }
        ],
        "url": "http://hl7.org/fhir/tools/StructureDefinition/ig-parameter"
      },
      {
        "extension": [
          {
            "url": "code",
            "valueString": "path-temp"
          },
          {
            "url": "value",
            "valueString": "temp/pages"
          }
        ],
        "url": "http://hl7.org/fhir/tools/StructureDefinition/ig-parameter"
      },
      {
        "extension": [
          {
            "url": "code",
            "valueString": "path-output"
          },
          {
            "url": "value",
            "valueString": "output"
          }
        ],
        "url": "http://hl7.org/fhir/tools/StructureDefinition/ig-parameter"
      },
      {
        "extension": [
          {
            "url": "code",
            "valueString": "path-suppressed-warnings"
          },
          {
            "url": "value",
            "valueString": "input/ignoreWarnings.txt"
          }
        ],
        "url": "http://hl7.org/fhir/tools/StructureDefinition/ig-parameter"
      },
      {
        "extension": [
          {
            "url": "code",
            "valueString": "path-history"
          },
          {
            "url": "value",
            "valueString": "http://fhir.org/guides/acme/HotBeverage/history.html"
          }
        ],
        "url": "http://hl7.org/fhir/tools/StructureDefinition/ig-parameter"
      },
      {
        "extension": [
          {
            "url": "code",
            "valueString": "template-html"
          },
          {
            "url": "value",
            "valueString": "template-page.html"
          }
        ],
        "url": "http://hl7.org/fhir/tools/StructureDefinition/ig-parameter"
      },
      {
        "extension": [
          {
            "url": "code",
            "valueString": "template-md"
          },
          {
            "url": "value",
            "valueString": "template-page-md.html"
          }
        ],
        "url": "http://hl7.org/fhir/tools/StructureDefinition/ig-parameter"
      },
      {
        "extension": [
          {
            "url": "code",
            "valueString": "apply-context"
          },
          {
            "url": "value",
            "valueString": "true"
          }
        ],
        "url": "http://hl7.org/fhir/tools/StructureDefinition/ig-parameter"
      },
      {
        "extension": [
          {
            "url": "code",
            "valueString": "apply-copyright"
          },
          {
            "url": "value",
            "valueString": "true"
          }
        ],
        "url": "http://hl7.org/fhir/tools/StructureDefinition/ig-parameter"
      },
      {
        "extension": [
          {
            "url": "code",
            "valueString": "apply-license"
          },
          {
            "url": "value",
            "valueString": "true"
          }
        ],
        "url": "http://hl7.org/fhir/tools/StructureDefinition/ig-parameter"
      },
      {
        "extension": [
          {
            "url": "code",
            "valueString": "active-tables"
          },
          {
            "url": "value",
            "valueString": "true"
          }
        ],
        "url": "http://hl7.org/fhir/tools/StructureDefinition/ig-parameter"
      },
      {
        "extension": [
          {
            "url": "code",
            "valueString": "fmm-definition"
          },
          {
            "url": "value",
            "valueString": "http://hl7.org/fhir/versions.html#maturity"
          }
        ],
        "url": "http://hl7.org/fhir/tools/StructureDefinition/ig-parameter"
      }
    ],
    "resource": [
      {
        "extension": [
          {
            "url": "http://hl7.org/fhir/tools/StructureDefinition/resource-information",
            "valueString": "StructureDefinition:resource"
          }
        ],
        "reference": {
          "reference": "StructureDefinition/BrewedBeverage"
        },
        "name": "The Hot Beverage to Brew",
        "description": "The parameters to be given to the device to make the requested Hot Beverage.\n\n* The Machine to make the beverage (optional)\n* The Beverage to be made (required)\n* The type of Milk to be included (optional)\n* The type of Syrup to be included (optional)\n* The type of Alcohol to be included (optional)\n* The type of Sweetener to be included (optional)\n* The type of Spice to be included (optional)\n* Is Coffee to be decaffeinated (shall be NoDecaf)",
        "exampleBoolean": false
      },
      {
        "extension": [
          {
            "url": "http://hl7.org/fhir/tools/StructureDefinition/resource-information",
            "valueString": "StructureDefinition:resource"
          }
        ],
        "reference": {
          "reference": "StructureDefinition/BrewedLog"
        },
        "name": "The AuditEvent for a successful Brewed Hot Beverage",
        "description": "An AuditEvent profile for when request to brew a Hot Beverage action happens successfully.",
        "exampleBoolean": false
      },
      {
        "extension": [
          {
            "url": "http://hl7.org/fhir/tools/StructureDefinition/resource-information",
            "valueString": "ValueSet"
          }
        ],
        "reference": {
          "reference": "ValueSet/HBAlcoholVS"
        },
        "name": "Alcohol Additive Value Set",
        "description": "Alcohol liquids for use in coffee",
        "exampleBoolean": false
      },
      {
        "extension": [
          {
            "url": "http://hl7.org/fhir/tools/StructureDefinition/resource-information",
            "valueString": "ValueSet"
          }
        ],
        "reference": {
          "reference": "ValueSet/HBBeverageVS"
        },
        "name": "Hot Beverages Value Set",
        "description": "All beverages allowed to be made via Hot Beverage",
        "exampleBoolean": false
      },
      {
        "extension": [
          {
            "url": "http://hl7.org/fhir/tools/StructureDefinition/resource-information",
            "valueString": "ValueSet"
          }
        ],
        "reference": {
          "reference": "ValueSet/HBDrinkSizeVS"
        },
        "name": "Size of Beverage to be Consumed",
        "description": "You want how much?",
        "exampleBoolean": false
      },
      {
        "extension": [
          {
            "url": "http://hl7.org/fhir/tools/StructureDefinition/resource-information",
            "valueString": "ValueSet"
          }
        ],
        "reference": {
          "reference": "ValueSet/HBMilkVS"
        },
        "name": "Milk Additive Value Set",
        "description": "Milk and milk-like liquids for use in coffee",
        "exampleBoolean": false
      },
      {
        "extension": [
          {
            "url": "http://hl7.org/fhir/tools/StructureDefinition/resource-information",
            "valueString": "ValueSet"
          }
        ],
        "reference": {
          "reference": "ValueSet/HBSpiceVS"
        },
        "name": "Spice Additive Value Set",
        "description": "Spice liquids for use in coffee",
        "exampleBoolean": false
      },
      {
        "extension": [
          {
            "url": "http://hl7.org/fhir/tools/StructureDefinition/resource-information",
            "valueString": "ValueSet"
          }
        ],
        "reference": {
          "reference": "ValueSet/HBSweetenersVS"
        },
        "name": "Sweeteners Additive Value Set",
        "description": "Sweeteners liquids for use in coffee",
        "exampleBoolean": false
      },
      {
        "extension": [
          {
            "url": "http://hl7.org/fhir/tools/StructureDefinition/resource-information",
            "valueString": "ValueSet"
          }
        ],
        "reference": {
          "reference": "ValueSet/HBSyrupVS"
        },
        "name": "Syrup Additive Value Set",
        "description": "Syrups for use in coffee",
        "exampleBoolean": false
      },
      {
        "extension": [
          {
            "url": "http://hl7.org/fhir/tools/StructureDefinition/resource-information",
            "valueString": "ValueSet"
          }
        ],
        "reference": {
          "reference": "ValueSet/NoDecaf"
        },
        "name": "Decaf is for the weak",
        "description": "No, Just No",
        "exampleBoolean": false
      },
      {
        "extension": [
          {
            "url": "http://hl7.org/fhir/tools/StructureDefinition/resource-information",
            "valueString": "CodeSystem"
          }
        ],
        "reference": {
          "reference": "CodeSystem/HBAlcohol"
        },
        "name": "Alcohol List",
        "description": "Alcohols to be added, if desired",
        "exampleBoolean": false
      },
      {
        "extension": [
          {
            "url": "http://hl7.org/fhir/tools/StructureDefinition/resource-information",
            "valueString": "CodeSystem"
          }
        ],
        "reference": {
          "reference": "CodeSystem/HBBeverages"
        },
        "name": "Hot Beverage List",
        "description": "Legal Beverages to be made in coffee pot",
        "exampleBoolean": false
      },
      {
        "extension": [
          {
            "url": "http://hl7.org/fhir/tools/StructureDefinition/resource-information",
            "valueString": "CodeSystem"
          }
        ],
        "reference": {
          "reference": "CodeSystem/HBDrinkSize"
        },
        "name": "Drink Size",
        "description": "How much did you want?",
        "exampleBoolean": false
      },
      {
        "extension": [
          {
            "url": "http://hl7.org/fhir/tools/StructureDefinition/resource-information",
            "valueString": "CodeSystem"
          }
        ],
        "reference": {
          "reference": "CodeSystem/HBMilks"
        },
        "name": "Milks List",
        "description": "Milks to be added, if desired",
        "exampleBoolean": false
      },
      {
        "extension": [
          {
            "url": "http://hl7.org/fhir/tools/StructureDefinition/resource-information",
            "valueString": "CodeSystem"
          }
        ],
        "reference": {
          "reference": "CodeSystem/HBSpice"
        },
        "name": "Spice List",
        "description": "Spice to be added, if desired",
        "exampleBoolean": false
      },
      {
        "extension": [
          {
            "url": "http://hl7.org/fhir/tools/StructureDefinition/resource-information",
            "valueString": "CodeSystem"
          }
        ],
        "reference": {
          "reference": "CodeSystem/HBSweeteners"
        },
        "name": "Sweeteners List",
        "description": "Sweeteners to be added, if desired",
        "exampleBoolean": false
      },
      {
        "extension": [
          {
            "url": "http://hl7.org/fhir/tools/StructureDefinition/resource-information",
            "valueString": "CodeSystem"
          }
        ],
        "reference": {
          "reference": "CodeSystem/HBSyrups"
        },
        "name": "Syrups List",
        "description": "Syrups to be added, if desired",
        "exampleBoolean": false
      },
      {
        "extension": [
          {
            "url": "http://hl7.org/fhir/tools/StructureDefinition/resource-information",
            "valueString": "Parameters"
          }
        ],
        "reference": {
          "reference": "Parameters/MakeCoffee"
        },
        "name": "Make me Espresso",
        "description": "Request to make Espresso.\n\n* Using the Nespresso VertuoNext device\n* Requesting Espresso",
        "exampleCanonical": "http://fhir.org/guides/acme/HotBeverage/StructureDefinition/BrewedBeverage"
      },
      {
        "extension": [
          {
            "url": "http://hl7.org/fhir/tools/StructureDefinition/resource-information",
            "valueString": "ConceptMap"
          }
        ],
        "reference": {
          "reference": "ConceptMap/StarSizeVsDrinkSize"
        },
        "name": "$tarBucks sizes vs HB Drink Sizes",
        "description": "map between commonly understood drink sizes and the formal drink size codes.",
        "exampleBoolean": false
      },
      {
        "extension": [
          {
            "url": "http://hl7.org/fhir/tools/StructureDefinition/resource-information",
            "valueString": "Device"
          }
        ],
        "reference": {
          "reference": "Device/VertuoNext"
        },
        "name": "Vertuo Next",
        "description": "Nespresso introduces the VERTUO NEXT CLASSIC, the latest VERTUO Nespresso coffee maker with an all-new design and colors for the ultimate brewing experience. In addition to its original espressos, NESPRESSO VERTUO NEXT produces an extraordinary cup of coffee with a smooth layer of crema, the signature of a truly great cup of coffee. The VERTUO coffee and espresso coffee machine conveniently makes 5, 8, 14, 18 oz Coffee and single and double Espresso. Nespresso brings together the know-how of all its coffee experts, who have carefully chosen the origin and roasting of each coffee blend and created a brewing system using Centrifusion technology, a patented extraction technology developed by Nespresso. Just insert a Vertuo capsule and close the lever — when activated, the capsule spins, blending ground coffee with water and extracting every drop of flavor. Its precision brewing system recognizes each capsule and automatically adjusts its brewing parameters to consistently deliver the best in cup result. Bundled with Nespresso's Aeroccino3, provides smooth hot or cold milk froth for your coffee recipes with one touch. It froths all types of milk in a few seconds, without noise or vibration. Each machine includes a complimentary welcome set with a range of Nespresso Vertuo capsules with unique aroma profiles. Order your Nespresso capsules, receive personalized advice, and obtain technical support or repair for your machine through the Nespresso Club via mobile app, by telephone or in one of our Boutiques. This coffee machine is compatible exclusively with Nespresso Vertuo Line pods. Input power (W): 1260. Intelligent extraction system recognizes each coffee blend.",
        "exampleBoolean": true
      },
      {
        "extension": [
          {
            "url": "http://hl7.org/fhir/tools/StructureDefinition/resource-information",
            "valueString": "AuditEvent"
          }
        ],
        "reference": {
          "reference": "AuditEvent/ex-auditBasicBrew"
        },
        "name": "Audit Example of a basic brew",
        "description": "Audit Example for a brewed coffee\n\n* Using the Nespresso VertuoNext device\n* Requesting Espresso",
        "exampleCanonical": "http://fhir.org/guides/acme/HotBeverage/StructureDefinition/BrewedLog"
      },
      {
        "extension": [
          {
            "url": "http://hl7.org/fhir/tools/StructureDefinition/resource-information",
            "valueString": "OperationDefinition"
          }
        ],
        "reference": {
          "reference": "OperationDefinition/hbbrew"
        },
        "name": "hbbrew",
        "description": "The brew operation sends the BrewedBeverage resource to the Coffee/Tea brewing Device",
        "exampleBoolean": false
      },
      {
        "extension": [
          {
            "url": "http://hl7.org/fhir/tools/StructureDefinition/resource-information",
            "valueString": "OperationDefinition"
          }
        ],
        "reference": {
          "reference": "OperationDefinition/hbstop"
        },
        "name": "hbstop",
        "description": "The stop operation sends the Device a direction to stop the brew of the beverage (primarily tea) to check for doneness.  Used in combination with the Start operation to make the tea just right",
        "exampleBoolean": false
      },
      {
        "extension": [
          {
            "url": "http://hl7.org/fhir/tools/StructureDefinition/resource-information",
            "valueString": "OperationDefinition"
          }
        ],
        "reference": {
          "reference": "OperationDefinition/hbwhen"
        },
        "name": "hbwhen",
        "description": "When coffee is poured, and milk is offered, it is necessary for the holder of the recipient of milk to say \"when\" at the time when\r\n   sufficient milk has been introduced into the coffee. For this purpose, the \"WHEN\" operation has been added to FHIR.",
        "exampleBoolean": false
      }
    ],
    "page": {
      "nameUrl": "toc.html",
      "title": "Table of Contents",
      "generation": "html",
      "page": [
        {
          "nameUrl": "index.html",
          "title": "Home",
          "generation": "markdown"
        }
      ]
    },
    "parameter": [
      {
        "code": "path-resource",
        "value": "fsh-generated/resources"
      },
      {
        "code": "path-resource",
        "value": "input/capabilities"
      },
      {
        "code": "path-resource",
        "value": "input/examples"
      },
      {
        "code": "path-resource",
        "value": "input/extensions"
      },
      {
        "code": "path-resource",
        "value": "input/models"
      },
      {
        "code": "path-resource",
        "value": "input/operations"
      },
      {
        "code": "path-resource",
        "value": "input/profiles"
      },
      {
        "code": "path-resource",
        "value": "input/resources"
      },
      {
        "code": "path-resource",
        "value": "input/vocabulary"
      },
      {
        "code": "path-resource",
        "value": "input/testing"
      },
      {
        "code": "path-resource",
        "value": "input/history"
      },
      {
        "code": "path-pages",
        "value": "template/config"
      },
      {
        "code": "path-pages",
        "value": "input/images"
      },
      {
        "code": "path-tx-cache",
        "value": "input-cache/txcache"
      }
    ]
  }
}