<?xml version="1.0" encoding="UTF-8"?><Bundle xmlns="http://hl7.org/fhir"><type value="collection"/><entry/><entry><resource><OperationOutcome><extension url="http://hl7.org/fhir/StructureDefinition/operationoutcome-file"><valueString value="/Users/grahamegrieve/temp/fhir.acme.hotbeverage#1.4.2022/fsh-generated/resources/AuditEvent-ex-auditBasicBrew"/></extension></OperationOutcome></resource></entry><entry><resource><OperationOutcome><extension url="http://hl7.org/fhir/StructureDefinition/operationoutcome-file"><valueString value="/Users/grahamegrieve/temp/fhir.acme.hotbeverage#1.4.2022/fsh-generated/resources/CodeSystem-HBAlcohol"/></extension></OperationOutcome></resource></entry><entry><resource><OperationOutcome><extension url="http://hl7.org/fhir/StructureDefinition/operationoutcome-file"><valueString value="/Users/grahamegrieve/temp/fhir.acme.hotbeverage#1.4.2022/fsh-generated/resources/CodeSystem-HBBeverages"/></extension></OperationOutcome></resource></entry><entry><resource><OperationOutcome><extension url="http://hl7.org/fhir/StructureDefinition/operationoutcome-file"><valueString value="/Users/grahamegrieve/temp/fhir.acme.hotbeverage#1.4.2022/fsh-generated/resources/CodeSystem-HBDrinkSize"/></extension></OperationOutcome></resource></entry><entry><resource><OperationOutcome><extension url="http://hl7.org/fhir/StructureDefinition/operationoutcome-file"><valueString value="/Users/grahamegrieve/temp/fhir.acme.hotbeverage#1.4.2022/fsh-generated/resources/CodeSystem-HBMilks"/></extension></OperationOutcome></resource></entry><entry><resource><OperationOutcome><extension url="http://hl7.org/fhir/StructureDefinition/operationoutcome-file"><valueString value="/Users/grahamegrieve/temp/fhir.acme.hotbeverage#1.4.2022/fsh-generated/resources/CodeSystem-HBSpice"/></extension></OperationOutcome></resource></entry><entry><resource><OperationOutcome><extension url="http://hl7.org/fhir/StructureDefinition/operationoutcome-file"><valueString value="/Users/grahamegrieve/temp/fhir.acme.hotbeverage#1.4.2022/fsh-generated/resources/CodeSystem-HBSweeteners"/></extension></OperationOutcome></resource></entry><entry><resource><OperationOutcome><extension url="http://hl7.org/fhir/StructureDefinition/operationoutcome-file"><valueString value="/Users/grahamegrieve/temp/fhir.acme.hotbeverage#1.4.2022/fsh-generated/resources/CodeSystem-HBSyrups"/></extension></OperationOutcome></resource></entry><entry><resource><OperationOutcome><extension url="http://hl7.org/fhir/StructureDefinition/operationoutcome-file"><valueString value="/Users/grahamegrieve/temp/fhir.acme.hotbeverage#1.4.2022/fsh-generated/resources/ConceptMap-StarSizeVsDrinkSize"/></extension></OperationOutcome></resource></entry><entry><resource><OperationOutcome><extension url="http://hl7.org/fhir/StructureDefinition/operationoutcome-file"><valueString value="/Users/grahamegrieve/temp/fhir.acme.hotbeverage#1.4.2022/fsh-generated/resources/Device-VertuoNext"/></extension></OperationOutcome></resource></entry><entry><resource><OperationOutcome><extension url="http://hl7.org/fhir/StructureDefinition/operationoutcome-file"><valueString value="/Users/grahamegrieve/temp/fhir.acme.hotbeverage#1.4.2022/fsh-generated/resources/ImplementationGuide-fhir.acme.hotbeverage"/></extension></OperationOutcome></resource></entry><entry><resource><OperationOutcome><extension url="http://hl7.org/fhir/StructureDefinition/operationoutcome-file"><valueString value="/Users/grahamegrieve/temp/fhir.acme.hotbeverage#1.4.2022/fsh-generated/resources/OperationDefinition-hbbrew"/></extension></OperationOutcome></resource></entry><entry><resource><OperationOutcome><extension url="http://hl7.org/fhir/StructureDefinition/operationoutcome-file"><valueString value="/Users/grahamegrieve/temp/fhir.acme.hotbeverage#1.4.2022/fsh-generated/resources/OperationDefinition-hbstop"/></extension></OperationOutcome></resource></entry><entry><resource><OperationOutcome><extension url="http://hl7.org/fhir/StructureDefinition/operationoutcome-file"><valueString value="/Users/grahamegrieve/temp/fhir.acme.hotbeverage#1.4.2022/fsh-generated/resources/OperationDefinition-hbwhen"/></extension></OperationOutcome></resource></entry><entry><resource><OperationOutcome><extension url="http://hl7.org/fhir/StructureDefinition/operationoutcome-file"><valueString value="/Users/grahamegrieve/temp/fhir.acme.hotbeverage#1.4.2022/fsh-generated/resources/Parameters-MakeCoffee"/></extension></OperationOutcome></resource></entry><entry><resource><OperationOutcome><extension url="http://hl7.org/fhir/StructureDefinition/operationoutcome-file"><valueString value="/Users/grahamegrieve/temp/fhir.acme.hotbeverage#1.4.2022/fsh-generated/resources/StructureDefinition-BrewedBeverage"/></extension></OperationOutcome></resource></entry><entry><resource><OperationOutcome><extension url="http://hl7.org/fhir/StructureDefinition/operationoutcome-file"><valueString value="/Users/grahamegrieve/temp/fhir.acme.hotbeverage#1.4.2022/fsh-generated/resources/StructureDefinition-BrewedLog"/></extension></OperationOutcome></resource></entry><entry><resource><OperationOutcome><extension url="http://hl7.org/fhir/StructureDefinition/operationoutcome-file"><valueString value="/Users/grahamegrieve/temp/fhir.acme.hotbeverage#1.4.2022/fsh-generated/resources/ValueSet-HBAlcoholVS"/></extension></OperationOutcome></resource></entry><entry><resource><OperationOutcome><extension url="http://hl7.org/fhir/StructureDefinition/operationoutcome-file"><valueString value="/Users/grahamegrieve/temp/fhir.acme.hotbeverage#1.4.2022/fsh-generated/resources/ValueSet-HBBeverageVS"/></extension></OperationOutcome></resource></entry><entry><resource><OperationOutcome><extension url="http://hl7.org/fhir/StructureDefinition/operationoutcome-file"><valueString value="/Users/grahamegrieve/temp/fhir.acme.hotbeverage#1.4.2022/fsh-generated/resources/ValueSet-HBDrinkSizeVS"/></extension></OperationOutcome></resource></entry><entry><resource><OperationOutcome><extension url="http://hl7.org/fhir/StructureDefinition/operationoutcome-file"><valueString value="/Users/grahamegrieve/temp/fhir.acme.hotbeverage#1.4.2022/fsh-generated/resources/ValueSet-HBMilkVS"/></extension></OperationOutcome></resource></entry><entry><resource><OperationOutcome><extension url="http://hl7.org/fhir/StructureDefinition/operationoutcome-file"><valueString value="/Users/grahamegrieve/temp/fhir.acme.hotbeverage#1.4.2022/fsh-generated/resources/ValueSet-HBSpiceVS"/></extension></OperationOutcome></resource></entry><entry><resource><OperationOutcome><extension url="http://hl7.org/fhir/StructureDefinition/operationoutcome-file"><valueString value="/Users/grahamegrieve/temp/fhir.acme.hotbeverage#1.4.2022/fsh-generated/resources/ValueSet-HBSweetenersVS"/></extension></OperationOutcome></resource></entry><entry><resource><OperationOutcome><extension url="http://hl7.org/fhir/StructureDefinition/operationoutcome-file"><valueString value="/Users/grahamegrieve/temp/fhir.acme.hotbeverage#1.4.2022/fsh-generated/resources/ValueSet-HBSyrupVS"/></extension></OperationOutcome></resource></entry><entry><resource><OperationOutcome><extension url="http://hl7.org/fhir/StructureDefinition/operationoutcome-file"><valueString value="/Users/grahamegrieve/temp/fhir.acme.hotbeverage#1.4.2022/fsh-generated/resources/ValueSet-NoDecaf"/></extension></OperationOutcome></resource></entry></Bundle>