<?xml version="1.0" encoding="UTF-8"?>

<AllergyIntolerance xmlns="http://hl7.org/fhir">
  <id value="23"/>
  <meta>
    <profile value="http://fhir.org/guides/argonaut/StructureDefinition/argo-allergyintolerance"/>
  </meta>
  <text>
    <status value="generated"/><div xmlns="http://www.w3.org/1999/xhtml"><p><b>Generated Narrative with Details</b></p><p><b>id</b>: 23</p><p><b>meta</b>: </p><p><b>recordedDate</b>: 01/01/2000</p><p><b>patient</b>: <a href="Patient-peter-chalmers.html">Generated Summary: id: peter-chalmers; Medical Record Number = 1032702; active; Peter James Chalmers (OFFICIAL); ph: (555)555-5555(WORK), person@example.org(WORK); gender: male; birthDate: 19/06/1964</a></p><p><b>substance</b>: sulfonamide antibacterial <span style="background: LightGoldenRodYellow">(Details : {http://rxnav.nlm.nih.gov/REST/Ndfrt code 'N0000175503' = 'N0000175503', given as 'sulfonamide antibacterial'})</span></p><p><b>status</b>: confirmed</p><p><b>criticality</b>: CRITL</p><p><b>category</b>: medication</p><h3>Reactions</h3><table class="grid"><tr><td>-</td><td><b>Manifestation</b></td><td><b>Severity</b></td></tr><tr><td>*</td><td>skin rash <span style="background: LightGoldenRodYellow">(Details : {SNOMED CT code '271807003' = 'Eruption of skin (disorder)', given as 'skin rash'})</span></td><td>mild</td></tr></table></div>
  </text>
  <recordedDate value="2000"/>
  <patient>
    <reference value="Patient/peter-chalmers"/>
  </patient>
  <substance>
    <coding>
      <system value="http://rxnav.nlm.nih.gov/REST/Ndfrt"/>
      <code value="N0000175503"/>
      <display value="sulfonamide antibacterial"/>
    </coding>
    <text value="sulfonamide antibacterial"/>
  </substance>
  <status value="confirmed"/>
  <criticality value="CRITL"/>
  <category value="medication"/>
  <reaction>
    <manifestation>
      <coding>
        <system value="http://snomed.info/sct"/>
        <code value="271807003"/>
        <display value="skin rash"/>
      </coding>
      <text value="skin rash"/>
    </manifestation>
    <severity value="mild"/>
  </reaction>
</AllergyIntolerance>