<?xml version="1.0" encoding="UTF-8"?>

<Condition xmlns="http://hl7.org/fhir">
  <id value="hc1"/>
  <meta>
    <profile value="http://fhir.org/guides/argonaut/StructureDefinition/argo-condition"/>
  </meta>
  <text>
    <status value="generated"/><div xmlns="http://www.w3.org/1999/xhtml"><p><b>Generated Narrative with Details</b></p><p><b>id</b>: hc1</p><p><b>meta</b>: </p><p><b>patient</b>: <a href="Patient-peter-chalmers.html">Peter Chalmers. Generated Summary: id: peter-chalmers; Medical Record Number = 1032702; active; Peter James Chalmers (OFFICIAL); ph: (555)555-5555(WORK), person@example.org(WORK); gender: male; birthDate: 19/06/1964</a></p><p><b>code</b>: Cost of medications <span style="background: LightGoldenRodYellow">(Details )</span></p><p><b>category</b>: Health Concern <span style="background: LightGoldenRodYellow">(Details : {http://argonaut.hl7.org code 'additional-concern' = 'additional-concern', given as 'Health Concern'})</span></p><p><b>clinicalStatus</b>: active</p><p><b>verificationStatus</b>: confirmed</p><p><b>onset</b>: 14/12/2007</p></div>
  </text>
  <patient>
    <reference value="Patient/peter-chalmers"/>
    <display value="Peter Chalmers"/>
  </patient>
  <code>
    <text value="Cost of medications"/>
  </code>
  <category>
    <coding>
      <system value="http://argonaut.hl7.org"/>
      <code value="additional-concern"/>
      <display value="Health Concern"/>
    </coding>
    <text value="Health Concern"/>
  </category>
  <clinicalStatus value="active"/>
  <verificationStatus value="confirmed"/>
  <onsetDateTime value="2007-12-14"/>
</Condition>