<?xml version="1.0" encoding="UTF-8"?>

<Device xmlns="http://hl7.org/fhir">
  <id value="udi-1"/>
  <meta>
    <profile value="http://fhir.org/guides/argonaut/StructureDefinition/argo-device"/>
  </meta>
  <text>
    <status value="generated"/><div xmlns="http://www.w3.org/1999/xhtml"><p><b>Generated Narrative with Details</b></p><p><b>id</b>: udi-1</p><p><b>meta</b>: </p><p><b>type</b>: Coated femoral stem prosthesis, modular <span style="background: LightGoldenRodYellow">(Details : {SNOMED CT code '468063009' = 'Coated femoral stem prosthesis, modular (physical object)', given as 'Coated femoral stem prosthesis, modular'})</span></p><p><b>status</b>: available</p><p><b>udi</b>: {01}09504000059118{17}141120{10}7654321D{21}10987654d321</p><p><b>patient</b>: <a href="Patient-peter-chalmers.html">Peter Chalmers. Generated Summary: id: peter-chalmers; Medical Record Number = 1032702; active; Peter James Chalmers (OFFICIAL); ph: (555)555-5555(WORK), person@example.org(WORK); gender: male; birthDate: 19/06/1964</a></p></div>
  </text>
  <type>
    <coding>
      <system value="http://snomed.info/sct"/>
      <code value="468063009"/>
      <display value="Coated femoral stem prosthesis, modular"/>
    </coding>
  </type>
  <status value="available"/>
  <udi value="{01}09504000059118{17}141120{10}7654321D{21}10987654d321"/>
  <patient>
    <reference value="Patient/peter-chalmers"/>
    <display value="Peter Chalmers"/>
  </patient>
</Device>