<?xml version="1.0" encoding="UTF-8"?>

<Immunization xmlns="http://hl7.org/fhir">
  <id value="imm-1"/>
  <meta>
    <profile value="http://fhir.org/guides/argonaut/StructureDefinition/argo-immunization"/>
  </meta>
  <text>
    <status value="generated"/><div xmlns="http://www.w3.org/1999/xhtml"><p><b>Generated Narrative with Details</b></p><p><b>id</b>: imm-1</p><p><b>meta</b>: </p><p><b>status</b>: completed</p><p><b>date</b>: 08/01/2016</p><p><b>vaccineCode</b>: influenza, injectable, quadrivalent <span style="background: LightGoldenRodYellow">(Details : {http://hl7.org/fhir/sid/cvx code '158' = 'influenza, injectable, quadrivalent', given as 'influenza, injectable, quadrivalent'}; {http://hl7.org/fhir/sid/ndc code '49281-0623-78' = '49281-0623-78', given as 'FLUZONE QUADRIVALENT'})</span></p><p><b>patient</b>: <a href="Patient-peter-chalmers.html">Peter Chalmers. Generated Summary: id: peter-chalmers; Medical Record Number = 1032702; active; Peter James Chalmers (OFFICIAL); ph: (555)555-5555(WORK), person@example.org(WORK); gender: male; birthDate: 19/06/1964</a></p><p><b>wasNotGiven</b>: false</p><p><b>reported</b>: false</p></div>
  </text>
  <status value="completed"/>
  <date value="2016-01-08"/>
  <vaccineCode>
    <coding>
      <system value="http://hl7.org/fhir/sid/cvx"/>
      <code value="158"/>
      <display value="influenza, injectable, quadrivalent"/>
    </coding>
    <coding>
      <system value="http://hl7.org/fhir/sid/ndc"/>
      <code value="49281-0623-78"/>
      <display value="FLUZONE QUADRIVALENT"/>
    </coding>
  </vaccineCode>
  <patient>
    <reference value="Patient/peter-chalmers"/>
    <display value="Peter Chalmers"/>
  </patient>
  <wasNotGiven value="false"/>
  <reported value="false"/>
</Immunization>