<?xml version="1.0" encoding="UTF-8"?>

<MedicationStatement xmlns="http://hl7.org/fhir">
<!-- this is an example using a medication code
 -->
  <id value="argo-ms1"/>
  <meta>
    <profile value="http://fhir.org/guides/argonaut/StructureDefinition/argo-medicationstatement"/>
  </meta>
  <text>
    <status value="generated"/><div xmlns="http://www.w3.org/1999/xhtml"><p><b>Generated Narrative with Details</b></p><p><b>id</b>: argo-ms1</p><p><b>meta</b>: </p><p><b>patient</b>: <a href="Patient-peter-chalmers.html">Peter Chalmers. Generated Summary: id: peter-chalmers; Medical Record Number = 1032702; active; Peter James Chalmers (OFFICIAL); ph: (555)555-5555(WORK), person@example.org(WORK); gender: male; birthDate: 19/06/1964</a></p><p><b>dateAsserted</b>: 01/05/2016 4:13:03 PM</p><p><b>status</b>: active</p><p><b>effective</b>: 01/05/2010 --&gt; (ongoing)</p><p><b>medication</b>: lisinopril oral 10 mg <span style="background: LightGoldenRodYellow">(Details : {RxNorm code '206765' = 'Lisinopril 10 MG Oral Tablet [Prinivil]', given as 'Lisinopril 10 MG Oral Tablet [Prinivil]'})</span></p></div>
  </text>
<!--      The Human readible version of the medication statement     -->
  <patient>
    <reference value="Patient/peter-chalmers"/>
    <display value="Peter Chalmers"/>
  </patient>
  <dateAsserted value="2016-05-01T16:13:03Z"/>
  <status value="active"/>
<!--   either a code or a reference to the medication being prescribed. As described earlier, this could be contained, separately
        within a bundle or simply a reference to a remote server.  -->
  <effectivePeriod>
    <start value="2010-05-01"/>
  </effectivePeriod>
  <medicationCodeableConcept>
    <coding>
      <system value="http://www.nlm.nih.gov/research/umls/rxnorm"/>
      <code value="206765"/>
      <display value="Lisinopril 10 MG Oral Tablet [Prinivil]"/>
    </coding>
    <text value="lisinopril oral 10 mg"/>
  </medicationCodeableConcept>
</MedicationStatement>