<?xml version="1.0" encoding="UTF-8"?>

<Medication xmlns="http://hl7.org/fhir">
  <id value="argo-med1"/>
  <meta>
    <profile value="http://fhir.org/guides/argonaut/StructureDefinition/argo-medication"/>
  </meta>
  <text>
    <status value="generated"/><div xmlns="http://www.w3.org/1999/xhtml"><p><b>Generated Narrative with Details</b></p><p><b>id</b>: argo-med1</p><p><b>meta</b>: </p><p><b>code</b>: lisinopril oral 10 mg <span style="background: LightGoldenRodYellow">(Details : {RxNorm code '206765' = 'Lisinopril 10 MG Oral Tablet [Prinivil]', given as 'Lisinopril 10 MG Oral Tablet [Prinivil]'})</span></p></div>
  </text>
  <code>
    <coding>
      <system value="http://www.nlm.nih.gov/research/umls/rxnorm"/>
      <code value="206765"/>
      <display value="Lisinopril 10 MG Oral Tablet [Prinivil]"/>
    </coding>
    <text value="lisinopril oral 10 mg"/>
  </code>
</Medication>