<?xml version="1.0" encoding="UTF-8"?>

<ValueSet xmlns="http://hl7.org/fhir">
  <id value="narrative-status"/>
  <text>
    <status value="generated"/>
  </text>
  <url value="http://fhir.org/guides/argonaut/ValueSet/narrative-status"/>
  <name value="Narrative Status"/>
  <status value="draft"/>
  <publisher value="Argonaut Project"/>
  <contact>
    <telecom>
      <system value="other"/>
      <value value="http://argonautwiki.hl7.org"/>
      <rank value="0"/>
    </telecom>
  </contact>
  <date value="2016-10-18T00:00:00+11:00"/>
  <description value="This value set limits the text status for the resource narrative."/>
  <immutable value="false"/>
  <copyright value="HL7"/>
  <extensible value="false"/>
  <compose>
    <include>
      <system value="http://hl7.org/fhir/narrative-status"/>
      <concept>
        <code value="additional"/>
        <display value="additional"/>
      </concept>
      <concept>
        <code value="generated"/>
        <display value="generated"/>
      </concept>
    </include>
  </compose>
</ValueSet>