<?xml version="1.0" encoding="UTF-8"?>

<ValueSet xmlns="http://hl7.org/fhir">
  <id value="procedure-type"/>
  <text>
    <status value="generated"/>
  </text>
  <url value="http://fhir.org/guides/argonaut/ValueSet/procedure-type"/>
  <name value=" Argonaut ProcedureType"/>
  <status value="draft"/>
  <experimental value="true"/>
  <publisher value="Argonaut Project"/>
  <contact>
    <telecom>
      <system value="other"/>
      <value value="http://argonautwiki.hl7.org"/>
      <rank value="0"/>
    </telecom>
  </contact>
  <date value="2016-05-25T16:59:08+10:00"/>
  <description value="This example value set defines a set of codes that can be used to indicate the type of procedure: a specific code indicating type of procedure performed, from CPT or SNOMED CT."/>
  <immutable value="false"/>
  <copyright value="CPT copyright 2014 American Medical Association. All rights reserved. This value set includes content from SNOMED CT, which is copyright © 2002+ International Health Terminology Standards Development Organisation (IHTSDO), and distributed by agreement between IHTSDO and HL7. Implementer use of SNOMED CT is not covered by this agreement"/>
  <extensible value="false"/>
  <compose>
    <include>
      <system value="http://www.ama-assn.org/go/cpt"/>
    </include>
    <include>
      <system value="http://snomed.info/sct"/>
      <filter>
        <property value="concept"/>
        <op value="is-a"/>
        <value value="71388002"/>
      </filter>
    </include>
  </compose>
</ValueSet>