<?xml version="1.0" encoding="UTF-8"?>

<ValueSet xmlns="http://hl7.org/fhir">
  <id value="ndc-vaccine-codes"/>
  <text>
    <status value="generated"/>
  </text>
  <url value="http://fhir.org/guides/argonaut/ValueSet/ndc-vaccine-codes"/>
  <name value="Vaccine National Drug Code (NDC)"/>
  <status value="draft"/>
  <publisher value="Argonaut Project"/>
  <contact>
    <telecom>
      <system value="other"/>
      <value value="http://argonautwiki.hl7.org"/>
      <rank value="0"/>
    </telecom>
  </contact>
  <date value="2016-10-18T00:00:00+11:00"/>
  <description value="This value set includes all the Vaccine National Drug Codes (NDC).  This source of this data is provided by the [CDC](https://www2a.cdc.gov/vaccines/iis/iisstandards/ndc_crosswalk.asp)"/>
  <immutable value="false"/>
  <requirements value="Codes that are used as translations for CVS code for implementation of the Argonaut Immunization IG and MU2015 certification."/>
  <extensible value="false"/>
  <compose>
    <include>
      <system value="http://hl7.org/fhir/sid/ndc"/>
      <concept>
        <code value="NDC11"/>
        <display value="UseUnitPropName"/>
        <designation>
          <value value="UseUnitGenericName"/>
        </designation>
      </concept>
      <concept>
        <code value="49281-0589-58"/>
        <display value="Menactra"/>
        <designation>
          <value value="NEISSERIA MENINGITIDIS GROUP A CAPSULAR POLYSACCHARIDE DIPHTHERIA TOXOID CONJUGATE ANTIGEN, NEISSERI"/>
        </designation>
      </concept>
      <concept>
        <code value="49281-0623-78"/>
        <display value="FLUZONE QUADRIVALENT"/>
      </concept>
      <concept>
        <code value="49281-0515-00"/>
        <display value="Fluzone Quadrivalent, peds"/>
      </concept>
      <concept>
        <code value="49281-0415-88"/>
        <display value="Fluzone Quadrivalent PF"/>
      </concept>
      <concept>
        <code value="49281-0415-58"/>
        <display value="FLUZONE QUADRIVALENT PF"/>
      </concept>
      <concept>
        <code value="33332-0115-11"/>
        <display value="AFLURIA"/>
        <designation>
          <value value="INFLUENZA A VIRUS"/>
        </designation>
      </concept>
      <concept>
        <code value="33332-0015-02"/>
        <display value="AFLURIA"/>
        <designation>
          <value value="INFLUENZA A VIRUS"/>
        </designation>
      </concept>
      <concept>
        <code value="66019-0302-01"/>
        <display value="FluMist Quadrivalent"/>
        <designation>
          <value value="INFLUENZA VACCINE LIVE INTRANASAL"/>
        </designation>
      </concept>
      <concept>
        <code value="42874-0015-01"/>
        <display value="Flublok"/>
        <designation>
          <value value="influenza virus vaccine"/>
        </designation>
      </concept>
      <concept>
        <code value="66521-0118-12"/>
        <display value="Fluvirin"/>
        <designation>
          <value value="INFLUENZA  VIRUS"/>
        </designation>
      </concept>
      <concept>
        <code value="66521-0118-11"/>
        <display value="Fluvirin"/>
        <designation>
          <value value="Influenza Virus Vaccine"/>
        </designation>
      </concept>
      <concept>
        <code value="58160-0883-41"/>
        <display value="FLUARIX"/>
        <designation>
          <value value="INFLUENZA VIRUS VACCINE"/>
        </designation>
      </concept>
      <concept>
        <code value="66521-0000-11"/>
        <display value="Fluad"/>
        <designation>
          <value value="TRIVALENT INFLUENZA WITH ADJUVANT 2015/2016"/>
        </designation>
      </concept>
      <concept>
        <code value="69401-0000-01"/>
        <display value="Vivotif"/>
        <designation>
          <value value="SALMONELLA TYPHI TY21A"/>
        </designation>
      </concept>
      <concept>
        <code value="66019-0301-01"/>
        <display value="FluMist Quadrivalent"/>
        <designation>
          <value value="INFLUENZA VACCINE LIVE INTRANASAL"/>
        </designation>
      </concept>
      <concept>
        <code value="33332-0014-02"/>
        <display value="AFLURIA"/>
        <designation>
          <value value="INFLUENZA A VIRUS A/CALIFORNIA/7/2009 X-181 (H1N1) ANTIGEN (PROPIOLACTONE INACTIVATED), INFLUENZA A"/>
        </designation>
      </concept>
      <concept>
        <code value="33332-0114-11"/>
        <display value="AFLURIA"/>
        <designation>
          <value value="INFLUENZA A VIRUS A/CALIFORNIA/7/2009 X-181 (H1N1) ANTIGEN (PROPIOLACTONE INACTIVATED), INFLUENZA A"/>
        </designation>
      </concept>
      <concept>
        <code value="63851-0613-11"/>
        <display value="Flucelvax"/>
      </concept>
      <concept>
        <code value="66521-0117-11"/>
        <display value="FLUVIRIN"/>
      </concept>
      <concept>
        <code value="66521-0117-12"/>
        <display value="Fluvirin"/>
      </concept>
      <concept>
        <code value="00006-4093-01"/>
        <display value="RECOMBIVAX HB"/>
        <designation>
          <value value="HEPATITIS B VACCINE (RECOMBINANT)"/>
        </designation>
      </concept>
      <concept>
        <code value="00006-4094-01"/>
        <display value="RECOMBIVAX HB"/>
        <designation>
          <value value="HEPATITIS B VACCINE (RECOMBINANT)"/>
        </designation>
      </concept>
      <concept>
        <code value="00006-4095-01"/>
        <display value="VAQTA"/>
        <designation>
          <value value="HEPATITIS A VACCINE, INACTIVATED"/>
        </designation>
      </concept>
      <concept>
        <code value="00006-4096-01"/>
        <display value="VAQTA"/>
        <designation>
          <value value="HEPATITIS A VACCINE, INACTIVATED"/>
        </designation>
      </concept>
      <concept>
        <code value="00006-4963-01"/>
        <display value="ZOSTAVAX"/>
        <designation>
          <value value="ZOSTER VACCINE LIVE"/>
        </designation>
      </concept>
      <concept>
        <code value="00006-4963-01"/>
        <display value="ZOSTAVAX"/>
        <designation>
          <value value="ZOSTER VACCINE LIVE"/>
        </designation>
      </concept>
      <concept>
        <code value="42874-0014-01"/>
        <display value="Flublok"/>
        <designation>
          <value value="influenza virus vaccine"/>
        </designation>
      </concept>
      <concept>
        <code value="49281-0414-88"/>
        <display value="Fluzone Quadrivalent PF"/>
      </concept>
      <concept>
        <code value="49281-0395-88"/>
        <display value="Fluzone HD"/>
      </concept>
      <concept>
        <code value="49281-0709-48"/>
        <display value="FLUZONE Intradermal"/>
      </concept>
      <concept>
        <code value="58160-0881-41"/>
        <display value="FLUARIX"/>
        <designation>
          <value value="INFLUENZA VIRUS VACCINE"/>
        </designation>
      </concept>
      <concept>
        <code value="58160-0809-01"/>
        <display value="MENHIBRIX"/>
        <designation>
          <value value="MENINGOCOCCAL GROUPS C AND Y AND HAEMOPHILUS B TETANUS TOXOID CONJUGATE VACCINE"/>
        </designation>
      </concept>
      <concept>
        <code value="62577-0613-11"/>
        <display value="Flucelvax"/>
        <designation>
          <value value="INFLUENZA A VIRUS A/BRISBANE/10/2010 (H1N1) ANTIGEN (MDCK CELL DERIVED, PROPIOLACTONE INACTIVATED),"/>
        </designation>
      </concept>
      <concept>
        <code value="19515-0893-02"/>
        <display value="FLULAVAL"/>
        <designation>
          <value value="INFLUENZA VIRUS VACCINE"/>
        </designation>
      </concept>
      <concept>
        <code value="49281-0621-78"/>
        <display value="FLUZONE QUADRIVALENT"/>
        <designation>
          <value value="INFLUENZA A VIRUS A/CALIFORNIA/7/2009 X-179A (H1N1) ANTIGEN (FORMALDEHYDE INACTIVATED), INFLUENZA A"/>
        </designation>
      </concept>
      <concept>
        <code value="00005-0100-01"/>
        <display value="Trumenba"/>
        <designation>
          <value value="Meningococcal B, recombinant"/>
        </designation>
      </concept>
      <concept>
        <code value="00005-0100-01"/>
        <display value="Trumenba"/>
        <designation>
          <value value="Meningococcal B, recombinant"/>
        </designation>
      </concept>
      <concept>
        <code value="00005-0100-01"/>
        <display value="Trumenba"/>
        <designation>
          <value value="Meningococcal B, recombinant"/>
        </designation>
      </concept>
      <concept>
        <code value="00006-4047-01"/>
        <display value="RotaTeq"/>
        <designation>
          <value value="ROTAVIRUS VACCINE, LIVE, ORAL, PENTAVALENT"/>
        </designation>
      </concept>
      <concept>
        <code value="00006-4109-01"/>
        <display value="GARDASIL"/>
        <designation>
          <value value="HUMAN PAPILLOMAVIRUS QUADRIVALENT (TYPES 6, 11, 16, AND 18) VACCINE, RECOMBINANT"/>
        </designation>
      </concept>
      <concept>
        <code value="62577-0613-11"/>
        <display value="Flucelvax"/>
        <designation>
          <value value="INFLUENZA A VIRUS A/BRISBANE/10/2010 (H1N1) ANTIGEN (MDCK CELL DERIVED, PROPIOLACTONE INACTIVATED),"/>
        </designation>
      </concept>
      <concept>
        <code value="00006-4121-01"/>
        <display value="GARDASIL 9"/>
        <designation>
          <value value="HUMAN PAPILLOMAVIRUS 9-VALENT VACCINE, RECOMBINANT"/>
        </designation>
      </concept>
      <concept>
        <code value="00006-4119-01"/>
        <display value="GARDASIL 9"/>
        <designation>
          <value value="HUMAN PAPILLOMAVIRUS 9-VALENT VACCINE, RECOMBINANT"/>
        </designation>
      </concept>
      <concept>
        <code value="00006-4119-01"/>
        <display value="GARDASIL 9"/>
        <designation>
          <value value="HUMAN PAPILLOMAVIRUS 9-VALENT VACCINE, RECOMBINANT"/>
        </designation>
      </concept>
      <concept>
        <code value="63851-0511-11"/>
        <display value="RabAvert"/>
        <designation>
          <value value="RABIES VACCINE"/>
        </designation>
      </concept>
      <concept>
        <code value="49281-0562-58"/>
        <display value="QUADRACEL"/>
        <designation>
          <value value="DTAP, IPV"/>
        </designation>
      </concept>
      <concept>
        <code value="46028-0114-11"/>
        <display value="Bexsero"/>
        <designation>
          <value value="NEISSERIA MENINGITIDIS SEROGROUP B NHBA FUSION PROTEIN ANTIGEN, NEISSERIA MENINGITIDIS SEROGROUP B F"/>
        </designation>
      </concept>
      <concept>
        <code value="46028-0114-11"/>
        <display value="Bexsero"/>
        <designation>
          <value value="NEISSERIA MENINGITIDIS SEROGROUP B NHBA FUSION PROTEIN ANTIGEN, NEISSERIA MENINGITIDIS SEROGROUP B F"/>
        </designation>
      </concept>
      <concept>
        <code value="00006-4171-01"/>
        <display value="ProQuad"/>
        <designation>
          <value value="MEASLES, MUMPS, RUBELLA AND VARICELLA VIRUS VACCINE LIVE"/>
        </designation>
      </concept>
      <concept>
        <code value="13533-0131-00"/>
        <display value="Tetanus and Diphtheria Toxoids Adsorbed"/>
        <designation>
          <value value="TETANUS AND DIPHTHERIA TOXOIDS ADSORBED"/>
        </designation>
      </concept>
      <concept>
        <code value="49281-0396-78"/>
        <display value="FLUZONE"/>
        <designation>
          <value value="INFLUENZA A VIRUS A/CALIFORNIA/7/2009 X-179A (H1N1) ANTIGEN (FORMALDEHYDE INACTIVATED), INFLUENZA A"/>
        </designation>
      </concept>
      <concept>
        <code value="49281-0397-88"/>
        <display value="FLUZONE High-Dose"/>
        <designation>
          <value value="INFLUENZA A VIRUS A/CALIFORNIA/7/2009 X-179A (H1N1) ANTIGEN (FORMALDEHYDE INACTIVATED), INFLUENZA A"/>
        </designation>
      </concept>
      <concept>
        <code value="62577-0614-11"/>
        <display value="Flucelvax"/>
        <designation>
          <value value="INFLUENZA A VIRUS A/BRISBANE/10/2010 (H1N1) ANTIGEN (MDCK CELL DERIVED, PROPIOLACTONE INACTIVATED),"/>
        </designation>
      </concept>
      <concept>
        <code value="58160-0903-41"/>
        <display value="FLUARIX QUADRIVALENT"/>
        <designation>
          <value value="INFLUENZA VIRUS VACCINE"/>
        </designation>
      </concept>
      <concept>
        <code value="19515-0898-01"/>
        <display value="Flulaval Quadrivalent"/>
        <designation>
          <value value="INFLUENZA VIRUS VACCINE"/>
        </designation>
      </concept>
      <concept>
        <code value="19515-0901-41"/>
        <display value="Flulaval Quadrivalent"/>
        <designation>
          <value value="INFLUENZA VIRUS VACCINE"/>
        </designation>
      </concept>
      <concept>
        <code value="49281-0393-88"/>
        <display value="FLUZONE High-Dose"/>
        <designation>
          <value value="INFLUENZA A VIRUS A/CALIFORNIA/7/2009 X-179A (H1N1) ANTIGEN (FORMALDEHYDE INACTIVATED), INFLUENZA A"/>
        </designation>
      </concept>
      <concept>
        <code value="58160-0810-43"/>
        <display value="INFANRIX"/>
        <designation>
          <value value="DIPHTHERIA AND TETANUS TOXOIDS AND ACELLULAR PERTUSSIS VACCINE ADSORBED"/>
        </designation>
      </concept>
      <concept>
        <code value="58160-0810-01"/>
        <display value="INFANRIX"/>
        <designation>
          <value value="DIPHTHERIA AND TETANUS TOXOIDS AND ACELLULAR PERTUSSIS VACCINE ADSORBED"/>
        </designation>
      </concept>
      <concept>
        <code value="49281-0790-38"/>
        <display value="Typhim Vi"/>
        <designation>
          <value value="SALMONELLA TYPHI TY2 VI POLYSACCHARIDE ANTIGEN"/>
        </designation>
      </concept>
      <concept>
        <code value="49281-0790-88"/>
        <display value="Typhim Vi"/>
        <designation>
          <value value="SALMONELLA TYPHI TY2 VI POLYSACCHARIDE ANTIGEN"/>
        </designation>
      </concept>
      <concept>
        <code value="49281-0640-15"/>
        <display value="INFLUENZA A (H1N1) 2009 MONOVALENT VACCINE"/>
        <designation>
          <value value="INFLUENZA A VIRUS A/CALIFORNIA/7/2009(H1N1)-LIKE ANTIGEN (FORMALDEHYDE INACTIVATED)"/>
        </designation>
      </concept>
      <concept>
        <code value="49281-0650-10"/>
        <display value="INFLUENZA A (H1N1) 2009 MONOVALENT VACCINE"/>
        <designation>
          <value value="INFLUENZA A VIRUS A/CALIFORNIA/7/2009(H1N1)-LIKE ANTIGEN (FORMALDEHYDE INACTIVATED)"/>
        </designation>
      </concept>
      <concept>
        <code value="49281-0650-90"/>
        <display value="INFLUENZA A (H1N1) 2009 MONOVALENT VACCINE"/>
        <designation>
          <value value="INFLUENZA A VIRUS A/CALIFORNIA/7/2009(H1N1)-LIKE ANTIGEN (FORMALDEHYDE INACTIVATED)"/>
        </designation>
      </concept>
      <concept>
        <code value="49281-0650-25"/>
        <display value="INFLUENZA A (H1N1) 2009 MONOVALENT VACCINE"/>
        <designation>
          <value value="INFLUENZA A VIRUS A/CALIFORNIA/7/2009(H1N1)-LIKE ANTIGEN (FORMALDEHYDE INACTIVATED)"/>
        </designation>
      </concept>
      <concept>
        <code value="49281-0650-70"/>
        <display value="INFLUENZA A (H1N1) 2009 MONOVALENT VACCINE"/>
        <designation>
          <value value="INFLUENZA A VIRUS A/CALIFORNIA/7/2009(H1N1)-LIKE ANTIGEN (FORMALDEHYDE INACTIVATED)"/>
        </designation>
      </concept>
      <concept>
        <code value="49281-0650-50"/>
        <display value="INFLUENZA A (H1N1) 2009 MONOVALENT VACCINE"/>
        <designation>
          <value value="INFLUENZA A VIRUS A/CALIFORNIA/7/2009(H1N1)-LIKE ANTIGEN (FORMALDEHYDE INACTIVATED)"/>
        </designation>
      </concept>
      <concept>
        <code value="49281-0707-48"/>
        <display value="FLUZONE"/>
        <designation>
          <value value="INFLUENZA A VIRUS A/CALIFORNIA/7/2009 X-179A (H1N1) ANTIGEN (FORMALDEHYDE INACTIVATED), INFLUENZA A"/>
        </designation>
      </concept>
      <concept>
        <code value="66019-0110-01"/>
        <display value="FluMist"/>
        <designation>
          <value value="INFLUENZA VACCINE LIVE INTRANASAL"/>
        </designation>
      </concept>
      <concept>
        <code value="00006-4681-01"/>
        <display value="M-M-R II"/>
        <designation>
          <value value="MEASLES, MUMPS, AND RUBELLA VIRUS VACCINE LIVE"/>
        </designation>
      </concept>
      <concept>
        <code value="49281-0215-58"/>
        <display value="TENIVAC"/>
        <designation>
          <value value="CLOSTRIDIUM TETANI TOXOID ANTIGEN (FORMALDEHYDE INACTIVATED) AND CORYNEBACTERIUM DIPHTHERIAE TOXOID"/>
        </designation>
      </concept>
      <concept>
        <code value="49281-0215-88"/>
        <display value="TENIVAC"/>
        <designation>
          <value value="CLOSTRIDIUM TETANI TOXOID ANTIGEN (FORMALDEHYDE INACTIVATED) AND CORYNEBACTERIUM DIPHTHERIAE TOXOID"/>
        </designation>
      </concept>
      <concept>
        <code value="46028-0218-11"/>
        <display value="Meningococcal (Groups A) CRM197 Oligosaccharide Co"/>
        <designation>
          <value value="MENA VACCINE"/>
        </designation>
      </concept>
      <concept>
        <code value="49281-0387-65"/>
        <display value="FLUZONE"/>
        <designation>
          <value value="INFLUENZA A VIRUS A/CALIFORNIA/7/2009 X-179A (H1N1) ANTIGEN (FORMALDEHYDE INACTIVATED), INFLUENZA A"/>
        </designation>
      </concept>
      <concept>
        <code value="49281-0386-15"/>
        <display value="FLUZONE"/>
        <designation>
          <value value="INFLUENZA A VIRUS A/CALIFORNIA/7/2009 X-179A (H1N1) ANTIGEN (FORMALDEHYDE INACTIVATED), INFLUENZA A"/>
        </designation>
      </concept>
      <concept>
        <code value="49281-0010-10"/>
        <display value="FLUZONE"/>
        <designation>
          <value value="INFLUENZA A VIRUS A/CALIFORNIA/7/2009 X-179A (H1N1) ANTIGEN (FORMALDEHYDE INACTIVATED), INFLUENZA A"/>
        </designation>
      </concept>
      <concept>
        <code value="49281-0010-25"/>
        <display value="Fluzone"/>
        <designation>
          <value value="INFLUENZA A VIRUS A/CALIFORNIA/7/2009(H1N1)-LIKE HEMAGGLUTININ ANTIGEN (PROPIOLACTONE INACTIVATED),"/>
        </designation>
      </concept>
      <concept>
        <code value="49281-0010-50"/>
        <display value="FLUZONE"/>
        <designation>
          <value value="INFLUENZA A VIRUS A/CALIFORNIA/7/2009 X-179A (H1N1) ANTIGEN (FORMALDEHYDE INACTIVATED), INFLUENZA A"/>
        </designation>
      </concept>
      <concept>
        <code value="54868-0980-00"/>
        <display value="M-M-R II"/>
        <designation>
          <value value="MEASLES, MUMPS, AND RUBELLA VIRUS VACCINE LIVE"/>
        </designation>
      </concept>
      <concept>
        <code value="58160-0830-43"/>
        <display value="CERVARIX"/>
        <designation>
          <value value="HUMAN PAPILLOMAVIRUS BIVALENT (TYPES 16 AND 18) VACCINE, RECOMBINANT"/>
        </designation>
      </concept>
      <concept>
        <code value="58160-0830-05"/>
        <display value="CERVARIX"/>
        <designation>
          <value value="HUMAN PAPILLOMAVIRUS BIVALENT (TYPES 16 AND 18) VACCINE, RECOMBINANT"/>
        </designation>
      </concept>
      <concept>
        <code value="00005-1971-01"/>
        <display value="PREVNAR 13"/>
        <designation>
          <value value="PNEUMOCOCCAL 13-VALENT CONJUGATE VACCINE"/>
        </designation>
      </concept>
      <concept>
        <code value="00005-1971-01"/>
        <display value="PREVNAR 13"/>
        <designation>
          <value value="PNEUMOCOCCAL 13-VALENT CONJUGATE VACCINE"/>
        </designation>
      </concept>
      <concept>
        <code value="00005-1971-01"/>
        <display value="PREVNAR 13"/>
        <designation>
          <value value="PNEUMOCOCCAL 13-VALENT CONJUGATE VACCINE"/>
        </designation>
      </concept>
      <concept>
        <code value="17478-0131-00"/>
        <display value="Tetanus and Diphtheria Toxoids Adsorbed"/>
        <designation>
          <value value="TETANUS AND DIPHTHERIA TOXOIDS ADSORBED"/>
        </designation>
      </concept>
      <concept>
        <code value="58160-0812-43"/>
        <display value="KINRIX"/>
        <designation>
          <value value="DIPHTHERIA AND TETANUS TOXOIDS AND ACELLULAR PERTUSSIS ADSORBED AND INACTIVATED POLIOVIRUS VACCINE"/>
        </designation>
      </concept>
      <concept>
        <code value="58160-0812-01"/>
        <display value="KINRIX"/>
        <designation>
          <value value="DIPHTHERIA AND TETANUS TOXOIDS AND ACELLULAR PERTUSSIS ADSORBED AND INACTIVATED POLIOVIRUS VACCINE"/>
        </designation>
      </concept>
      <concept>
        <code value="66019-0108-01"/>
        <display value="FluMist"/>
        <designation>
          <value value="INFLUENZA VACCINE LIVE INTRANASAL"/>
        </designation>
      </concept>
      <concept>
        <code value="00006-4898-01"/>
        <display value="COMVAX"/>
        <designation>
          <value value="HAEMOPHILUS B CONJUGATE (MENINGOCOCCAL PROTEIN CONJUGATE) AND HEPATITIS B (RECOMBINANT) VACCINE"/>
        </designation>
      </concept>
      <concept>
        <code value="58160-0809-01"/>
        <display value="MENHIBRIX"/>
        <designation>
          <value value="MENINGOCOCCAL GROUPS C AND Y AND HAEMOPHILUS B TETANUS TOXOID CONJUGATE VACCINE"/>
        </designation>
      </concept>
      <concept>
        <code value="63851-0612-11"/>
        <display value="Flucelvax"/>
        <designation>
          <value value="INFLUENZA A VIRUS A/BRISBANE/10/2010 (H1N1) ANTIGEN (MDCK CELL DERIVED, PROPIOLACTONE INACTIVATED),"/>
        </designation>
      </concept>
      <concept>
        <code value="00006-4992-01"/>
        <display value="RECOMBIVAX HB"/>
        <designation>
          <value value="HEPATITIS B VACCINE (RECOMBINANT)"/>
        </designation>
      </concept>
      <concept>
        <code value="00006-4981-01"/>
        <display value="RECOMBIVAX HB"/>
        <designation>
          <value value="HEPATITIS B VACCINE (RECOMBINANT)"/>
        </designation>
      </concept>
      <concept>
        <code value="00006-4980-00"/>
        <display value="RECOMBIVAX HB"/>
        <designation>
          <value value="HEPATITIS B VACCINE (RECOMBINANT)"/>
        </designation>
      </concept>
      <concept>
        <code value="00006-4093-01"/>
        <display value="RECOMBIVAX HB"/>
        <designation>
          <value value="HEPATITIS B VACCINE (RECOMBINANT)"/>
        </designation>
      </concept>
      <concept>
        <code value="00006-4094-01"/>
        <display value="RECOMBIVAX HB"/>
        <designation>
          <value value="HEPATITIS B VACCINE (RECOMBINANT)"/>
        </designation>
      </concept>
      <concept>
        <code value="00006-4109-01"/>
        <display value="GARDASIL"/>
        <designation>
          <value value="HUMAN PAPILLOMAVIRUS QUADRIVALENT (TYPES 6, 11, 16, AND 18) VACCINE, RECOMBINANT"/>
        </designation>
      </concept>
      <concept>
        <code value="66521-0112-02"/>
        <display value="FLUVIRIN"/>
        <designation>
          <value value="INFLUENZA A VIRUS A/CALIFORNIA/7/2009 X-181 (H1N1) HEMAGGLUTININ ANTIGEN (PROPIOLACTONE INACTIVATED)"/>
        </designation>
      </concept>
      <concept>
        <code value="66521-0112-10"/>
        <display value="FLUVIRIN"/>
        <designation>
          <value value="INFLUENZA A VIRUS A/CALIFORNIA/7/2009 X-181 (H1N1) HEMAGGLUTININ ANTIGEN (PROPIOLACTONE INACTIVATED)"/>
        </designation>
      </concept>
      <concept>
        <code value="66019-0107-01"/>
        <display value="FluMist"/>
        <designation>
          <value value="INFLUENZA VACCINE LIVE INTRANASAL"/>
        </designation>
      </concept>
      <concept>
        <code value="49281-0225-58"/>
        <display value="DIPHTHERIA AND TETANUS TOXOIDS ADSORBED"/>
        <designation>
          <value value="CORYNEBACTERIUM DIPHTHERIAE TOXOID ANTIGEN (FORMALDEHYDE INACTIVATED) AND CLOSTRIDIUM TETANI TOXOID"/>
        </designation>
      </concept>
      <concept>
        <code value="49281-0705-55"/>
        <display value="FLUZONE"/>
        <designation>
          <value value="INFLUENZA A VIRUS A/CALIFORNIA/7/2009 X-179A (H1N1) ANTIGEN (FORMALDEHYDE INACTIVATED), INFLUENZA A"/>
        </designation>
      </concept>
      <concept>
        <code value="42515-0001-00"/>
        <display value="IXIARO"/>
        <designation>
          <value value="JAPANESE ENCEPHALITIS VACCINE, INACTIVATED, ADSORBED"/>
        </designation>
      </concept>
      <concept>
        <code value="58160-0879-41"/>
        <display value="FLUARIX"/>
        <designation>
          <value value="INFLUENZA VIRUS VACCINE"/>
        </designation>
      </concept>
      <concept>
        <code value="58160-0880-41"/>
        <display value="FLUARIX"/>
        <designation>
          <value value="INFLUENZA VIRUS VACCINE"/>
        </designation>
      </concept>
      <concept>
        <code value="58160-0820-01"/>
        <display value="ENGERIX-B"/>
        <designation>
          <value value="HEPATITIS B VACCINE (RECOMBINANT)"/>
        </designation>
      </concept>
      <concept>
        <code value="58160-0820-43"/>
        <display value="ENGERIX-B"/>
        <designation>
          <value value="HEPATITIS B VACCINE (RECOMBINANT)"/>
        </designation>
      </concept>
      <concept>
        <code value="58160-0821-01"/>
        <display value="ENGERIX-B"/>
        <designation>
          <value value="HEPATITIS B VACCINE (RECOMBINANT)"/>
        </designation>
      </concept>
      <concept>
        <code value="58160-0821-43"/>
        <display value="ENGERIX-B"/>
        <designation>
          <value value="HEPATITIS B VACCINE (RECOMBINANT)"/>
        </designation>
      </concept>
      <concept>
        <code value="58160-0821-05"/>
        <display value="ENGERIX-B"/>
        <designation>
          <value value="HEPATITIS B VACCINE (RECOMBINANT)"/>
        </designation>
      </concept>
      <concept>
        <code value="42874-0012-01"/>
        <display value="Flublok"/>
        <designation>
          <value value="INFLUENZA VACCINE"/>
        </designation>
      </concept>
      <concept>
        <code value="49281-0278-10"/>
        <display value="DIPHTHERIA AND TETANUS TOXOIDS ADSORBED"/>
        <designation>
          <value value="CORYNEBACTERIUM DIPHTHERIAE TOXOID ANTIGEN (FORMALDEHYDE INACTIVATED) AND CLOSTRIDIUM TETANI TOXOID"/>
        </designation>
      </concept>
      <concept>
        <code value="66019-0109-01"/>
        <display value="FluMist"/>
        <designation>
          <value value="INFLUENZA VACCINE LIVE INTRANASAL"/>
        </designation>
      </concept>
      <concept>
        <code value="19515-0890-02"/>
        <display value="FLULAVAL"/>
        <designation>
          <value value="INFLUENZA VIRUS VACCINE"/>
        </designation>
      </concept>
      <concept>
        <code value="19515-0889-02"/>
        <display value="FLULAVAL"/>
        <designation>
          <value value="INFLUENZA VIRUS VACCINE"/>
        </designation>
      </concept>
      <concept>
        <code value="58160-0900-41"/>
        <display value="FLUARIX QUADRIVALENT"/>
        <designation>
          <value value="INFLUENZA VIRUS VACCINE"/>
        </designation>
      </concept>
      <concept>
        <code value="49281-0860-78"/>
        <display value="IPOL"/>
        <designation>
          <value value="POLIOVIRUS TYPE 1 ANTIGEN (FORMALDEHYDE INACTIVATED), POLIOVIRUS TYPE 2 ANTIGEN (FORMALDEHYDE INACTI"/>
        </designation>
      </concept>
      <concept>
        <code value="49281-0860-88"/>
        <display value="IPOL"/>
        <designation>
          <value value="POLIOVIRUS TYPE 1 ANTIGEN (FORMALDEHYDE INACTIVATED), POLIOVIRUS TYPE 2 ANTIGEN (FORMALDEHYDE INACTI"/>
        </designation>
      </concept>
      <concept>
        <code value="49281-0389-65"/>
        <display value="FLUZONE High-Dose"/>
        <designation>
          <value value="INFLUENZA A VIRUS A/CALIFORNIA/7/2009 X-179A (H1N1) ANTIGEN (FORMALDEHYDE INACTIVATED), INFLUENZA A"/>
        </designation>
      </concept>
      <concept>
        <code value="49281-0388-15"/>
        <display value="FLUZONE"/>
        <designation>
          <value value="INFLUENZA A VIRUS A/CALIFORNIA/7/2009 X-179A (H1N1) ANTIGEN (FORMALDEHYDE INACTIVATED), INFLUENZA A"/>
        </designation>
      </concept>
      <concept>
        <code value="49281-0011-10"/>
        <display value="FLUZONE"/>
        <designation>
          <value value="INFLUENZA A VIRUS A/CALIFORNIA/7/2009 X-179A (H1N1) ANTIGEN (FORMALDEHYDE INACTIVATED), INFLUENZA A"/>
        </designation>
      </concept>
      <concept>
        <code value="49281-0011-50"/>
        <display value="FLUZONE"/>
        <designation>
          <value value="INFLUENZA A VIRUS A/CALIFORNIA/7/2009 X-179A (H1N1) ANTIGEN (FORMALDEHYDE INACTIVATED), INFLUENZA A"/>
        </designation>
      </concept>
      <concept>
        <code value="49281-0703-55"/>
        <display value="FLUZONE Intradermal"/>
        <designation>
          <value value="INFLUENZA A VIRUS A/CALIFORNIA/7/2009 X-179A (H1N1) ANTIGEN (FORMALDEHYDE INACTIVATED), INFLUENZA A"/>
        </designation>
      </concept>
      <concept>
        <code value="49281-0111-25"/>
        <display value="FLUZONE"/>
        <designation>
          <value value="INFLUENZA A VIRUS A/CALIFORNIA/7/2009 X-179A (H1N1) ANTIGEN (FORMALDEHYDE INACTIVATED), INFLUENZA A"/>
        </designation>
      </concept>
      <concept>
        <code value="66521-0200-10"/>
        <display value="Influenza A (H1N1) 2009 Monovalent Vaccine"/>
        <designation>
          <value value="Influenza A (H1N1) 2009 Monovalent Vaccine"/>
        </designation>
      </concept>
      <concept>
        <code value="66521-0200-02"/>
        <display value="Influenza A (H1N1) 2009 Monovalent Vaccine"/>
        <designation>
          <value value="Influenza A (H1N1) 2009 Monovalent Vaccine"/>
        </designation>
      </concept>
      <concept>
        <code value="49281-0298-10"/>
        <display value="TRIPEDIA"/>
        <designation>
          <value value="CORYNEBACTERIUM DIPHTHERIAE TOXOID ANTIGEN (FORMALDEHYDE INACTIVATED), CLOSTRIDIUM TETANI TOXOID ANT"/>
        </designation>
      </concept>
      <concept>
        <code value="58160-0806-01"/>
        <display value="HIBERIX"/>
        <designation>
          <value value="HAEMOPHILUS B CONJUGATE VACCINE (TETANUS TOXOID CONJUGATE)"/>
        </designation>
      </concept>
      <concept>
        <code value="33332-0013-02"/>
        <display value="AFLURIA"/>
        <designation>
          <value value="INFLUENZA A VIRUS A/CALIFORNIA/7/2009 X-181 (H1N1) ANTIGEN (PROPIOLACTONE INACTIVATED), INFLUENZA A"/>
        </designation>
      </concept>
      <concept>
        <code value="33332-0113-11"/>
        <display value="AFLURIA"/>
        <designation>
          <value value="INFLUENZA A VIRUS A/CALIFORNIA/7/2009 X-181 (H1N1) ANTIGEN (PROPIOLACTONE INACTIVATED), INFLUENZA A"/>
        </designation>
      </concept>
      <concept>
        <code value="49281-0391-65"/>
        <display value="FLUZONE High-Dose"/>
        <designation>
          <value value="INFLUENZA A VIRUS A/CALIFORNIA/7/2009 X-179A (H1N1) ANTIGEN (FORMALDEHYDE INACTIVATED), INFLUENZA A"/>
        </designation>
      </concept>
      <concept>
        <code value="49281-0012-50"/>
        <display value="FLUZONE"/>
        <designation>
          <value value="INFLUENZA A VIRUS A/CALIFORNIA/7/2009 X-179A (H1N1) ANTIGEN (FORMALDEHYDE INACTIVATED), INFLUENZA A"/>
        </designation>
      </concept>
      <concept>
        <code value="49281-0012-10"/>
        <display value="FLUZONE"/>
        <designation>
          <value value="INFLUENZA A VIRUS A/CALIFORNIA/7/2009 X-179A (H1N1) ANTIGEN (FORMALDEHYDE INACTIVATED), INFLUENZA A"/>
        </designation>
      </concept>
      <concept>
        <code value="49281-0112-25"/>
        <display value="FLUZONE"/>
        <designation>
          <value value="INFLUENZA A VIRUS A/CALIFORNIA/7/2009 X-179A (H1N1) ANTIGEN (FORMALDEHYDE INACTIVATED), INFLUENZA A"/>
        </designation>
      </concept>
      <concept>
        <code value="49281-0390-15"/>
        <display value="FLUZONE"/>
        <designation>
          <value value="INFLUENZA A VIRUS A/CALIFORNIA/7/2009 X-179A (H1N1) ANTIGEN (FORMALDEHYDE INACTIVATED), INFLUENZA A"/>
        </designation>
      </concept>
      <concept>
        <code value="00006-4897-01"/>
        <display value="PedvaxHIB"/>
        <designation>
          <value value="HAEMOPHILUS B CONJUGATE VACCINE (MENINGOCOCCAL PROTEIN CONJUGATE)"/>
        </designation>
      </concept>
      <concept>
        <code value="49281-0291-83"/>
        <display value="DECAVAC"/>
        <designation>
          <value value="CLOSTRIDIUM TETANI TOXOID ANTIGEN (FORMALDEHYDE INACTIVATED) AND CORYNEBACTERIUM DIPHTHERIAE TOXOID"/>
        </designation>
      </concept>
      <concept>
        <code value="49281-0291-10"/>
        <display value="DECAVAC"/>
        <designation>
          <value value="CLOSTRIDIUM TETANI TOXOID ANTIGEN (FORMALDEHYDE INACTIVATED) AND CORYNEBACTERIUM DIPHTHERIAE TOXOID"/>
        </designation>
      </concept>
      <concept>
        <code value="49281-0413-88"/>
        <display value="FLUZONE QUADRIVALENT"/>
        <designation>
          <value value="INFLUENZA A VIRUS A/CALIFORNIA/7/2009 X-179A (H1N1) ANTIGEN (FORMALDEHYDE INACTIVATED), INFLUENZA A"/>
        </designation>
      </concept>
      <concept>
        <code value="49281-0413-58"/>
        <display value="FLUZONE QUADRIVALENT"/>
        <designation>
          <value value="INFLUENZA A VIRUS A/CALIFORNIA/7/2009 X-179A (H1N1) ANTIGEN (FORMALDEHYDE INACTIVATED), INFLUENZA A"/>
        </designation>
      </concept>
      <concept>
        <code value="49281-0513-00"/>
        <display value="FLUZONE QUADRIVALENT"/>
        <designation>
          <value value="INFLUENZA A VIRUS A/CALIFORNIA/7/2009 X-179A (H1N1) ANTIGEN (FORMALDEHYDE INACTIVATED), INFLUENZA A"/>
        </designation>
      </concept>
      <concept>
        <code value="66521-0113-02"/>
        <display value="Fluvirin"/>
        <designation>
          <value value="Influenza Virus Vaccine"/>
        </designation>
      </concept>
      <concept>
        <code value="66521-0113-10"/>
        <display value="Fluvirin"/>
        <designation>
          <value value="INFLUENZA A VIRUS A/CHRISTCHURCH/16/2010 NIB-74 (H1N1) ANTIGEN (PROPIOLACTONE INACTIVATED), INFLUENZ"/>
        </designation>
      </concept>
      <concept>
        <code value="00005-1970-49"/>
        <display value="Prevnar"/>
        <designation>
          <value value="PNEUMOCOCCAL 7-VALENT"/>
        </designation>
      </concept>
      <concept>
        <code value="00006-4047-01"/>
        <display value="RotaTeq"/>
        <designation>
          <value value="ROTAVIRUS VACCINE, LIVE, ORAL, PENTAVALENT"/>
        </designation>
      </concept>
      <concept>
        <code value="58160-0811-43"/>
        <display value="PEDIARIX"/>
        <designation>
          <value value="DIPHTHERIA AND TETANUS TOXOIDS AND ACELLULAR PERTUSSIS ADSORBED, HEPATITIS B (RECOMBINANT) AND INACT"/>
        </designation>
      </concept>
      <concept>
        <code value="58160-0811-41"/>
        <display value="PEDIARIX"/>
        <designation>
          <value value="DIPHTHERIA AND TETANUS TOXOIDS AND ACELLULAR PERTUSSIS ADSORBED, HEPATITIS B (RECOMBINANT) AND INACT"/>
        </designation>
      </concept>
      <concept>
        <code value="00006-4827-01"/>
        <display value="VARIVAX"/>
        <designation>
          <value value="VARICELLA VIRUS VACCINE LIVE"/>
        </designation>
      </concept>
      <concept>
        <code value="00006-4826-01"/>
        <display value="VARIVAX"/>
        <designation>
          <value value="VARICELLA VIRUS VACCINE LIVE"/>
        </designation>
      </concept>
      <concept>
        <code value="58160-0842-41"/>
        <display value="BOOSTRIX"/>
        <designation>
          <value value="TETANUS TOXOID, REDUCED DIPHTHERIA TOXOID AND ACELLULAR PERTUSSIS VACCINE, ADSORBED"/>
        </designation>
      </concept>
      <concept>
        <code value="58160-0842-01"/>
        <display value="BOOSTRIX"/>
        <designation>
          <value value="TETANUS TOXOID, REDUCED DIPHTHERIA TOXOID AND ACELLULAR PERTUSSIS VACCINE, ADSORBED"/>
        </designation>
      </concept>
      <concept>
        <code value="58160-0842-43"/>
        <display value="BOOSTRIX"/>
        <designation>
          <value value="TETANUS TOXOID, REDUCED DIPHTHERIA TOXOID AND ACELLULAR PERTUSSIS VACCINE, ADSORBED"/>
        </designation>
      </concept>
      <concept>
        <code value="58160-0842-05"/>
        <display value="BOOSTRIX"/>
        <designation>
          <value value="TETANUS TOXOID, REDUCED DIPHTHERIA TOXOID AND ACELLULAR PERTUSSIS VACCINE, ADSORBED"/>
        </designation>
      </concept>
      <concept>
        <code value="66019-0300-01"/>
        <display value="FluMist Quadrivalent"/>
        <designation>
          <value value="INFLUENZA VACCINE LIVE INTRANASAL"/>
        </designation>
      </concept>
      <concept>
        <code value="49281-0589-58"/>
        <display value="Menactra"/>
        <designation>
          <value value="NEISSERIA MENINGITIDIS GROUP A CAPSULAR POLYSACCHARIDE DIPHTHERIA TOXOID CONJUGATE ANTIGEN, NEISSERI"/>
        </designation>
      </concept>
      <concept>
        <code value="00006-4095-01"/>
        <display value="VAQTA"/>
        <designation>
          <value value="HEPATITIS A VACCINE, INACTIVATED"/>
        </designation>
      </concept>
      <concept>
        <code value="00006-4096-01"/>
        <display value="VAQTA"/>
        <designation>
          <value value="HEPATITIS A VACCINE, INACTIVATED"/>
        </designation>
      </concept>
      <concept>
        <code value="00006-4831-01"/>
        <display value="VAQTA"/>
        <designation>
          <value value="HEPATITIS A VACCINE, INACTIVATED"/>
        </designation>
      </concept>
      <concept>
        <code value="63851-0511-11"/>
        <display value="RabAvert"/>
        <designation>
          <value value="RABIES VACCINE"/>
        </designation>
      </concept>
      <concept>
        <code value="66019-0200-01"/>
        <display value="Influenza A H1N1 2009 Monovalent Vaccine Live Intr"/>
        <designation>
          <value value="INFLUENZA A H1N1 2009 MONOVALENT VACCINE LIVE INTRANASAL"/>
        </designation>
      </concept>
      <concept>
        <code value="14362-0111-03"/>
        <display value="Tetanus and Diphtheria Toxoids Adsorbed"/>
        <designation>
          <value value="TETANUS AND DIPHTHERIA TOXOIDS ADSORBED"/>
        </designation>
      </concept>
      <concept>
        <code value="33332-0519-01"/>
        <display value="Influenza A"/>
        <designation>
          <value value="INFLUENZA A VIRUS A/CALIFORNIA/7/2009(H1N1)-LIKE ANTIGEN (PROPIOLACTONE INACTIVATED)"/>
        </designation>
      </concept>
      <concept>
        <code value="33332-0519-25"/>
        <display value="Influenza A"/>
        <designation>
          <value value="INFLUENZA A VIRUS A/CALIFORNIA/7/2009(H1N1)-LIKE ANTIGEN (PROPIOLACTONE INACTIVATED)"/>
        </designation>
      </concept>
      <concept>
        <code value="33332-0629-10"/>
        <display value="Influenza A"/>
        <designation>
          <value value="INFLUENZA A VIRUS A/CALIFORNIA/7/2009(H1N1)-LIKE ANTIGEN (PROPIOLACTONE INACTIVATED)"/>
        </designation>
      </concept>
      <concept>
        <code value="58160-0825-43"/>
        <display value="HAVRIX"/>
        <designation>
          <value value="HEPATITIS A VACCINE"/>
        </designation>
      </concept>
      <concept>
        <code value="58160-0825-01"/>
        <display value="HAVRIX"/>
        <designation>
          <value value="HEPATITIS A VACCINE"/>
        </designation>
      </concept>
      <concept>
        <code value="58160-0826-43"/>
        <display value="HAVRIX"/>
        <designation>
          <value value="HEPATITIS A VACCINE"/>
        </designation>
      </concept>
      <concept>
        <code value="58160-0826-05"/>
        <display value="HAVRIX"/>
        <designation>
          <value value="HEPATITIS A VACCINE"/>
        </designation>
      </concept>
      <concept>
        <code value="58160-0826-01"/>
        <display value="HAVRIX"/>
        <designation>
          <value value="HEPATITIS A VACCINE"/>
        </designation>
      </concept>
      <concept>
        <code value="33332-0010-01"/>
        <display value="AFLURIA"/>
        <designation>
          <value value="INFLUENZA A VIRUS A/CALIFORNIA/7/2009 X-181 (H1N1) HEMAGGLUTININ ANTIGEN (PROPIOLACTONE INACTIVATED)"/>
        </designation>
      </concept>
      <concept>
        <code value="33332-0110-10"/>
        <display value="AFLURIA"/>
        <designation>
          <value value="INFLUENZA A VIRUS A/CALIFORNIA/7/2009 X-181 (H1N1) HEMAGGLUTININ ANTIGEN (PROPIOLACTONE INACTIVATED)"/>
        </designation>
      </concept>
      <concept>
        <code value="66521-0115-10"/>
        <display value="Fluvirin"/>
        <designation>
          <value value="Influenza Virus Vaccine"/>
        </designation>
      </concept>
      <concept>
        <code value="66521-0115-02"/>
        <display value="Fluvirin"/>
        <designation>
          <value value="INFLUENZA A VIRUS A/CALIFORNIA/7/2009 X-179A (H1N1) ANTIGEN (FORMALDEHYDE INACTIVATED), INFLUENZA A"/>
        </designation>
      </concept>
      <concept>
        <code value="00006-4133-01"/>
        <display value="Tetanus and Diphtheria Toxoids Adsorbed"/>
        <designation>
          <value value="TETANUS AND DIPHTHERIA TOXOIDS ADSORBED"/>
        </designation>
      </concept>
      <concept>
        <code value="54868-4320-09"/>
        <display value="PNEUMOVAX 23"/>
        <designation>
          <value value="PNEUMOCOCCAL VACCINE POLYVALENT"/>
        </designation>
      </concept>
      <concept>
        <code value="54868-3339-09"/>
        <display value="PNEUMOVAX 23"/>
        <designation>
          <value value="PNEUMOCOCCAL VACCINE POLYVALENT"/>
        </designation>
      </concept>
      <concept>
        <code value="00052-0603-01"/>
        <display value="BCG VACCINE"/>
        <designation>
          <value value="BACILLUS CALMETTE-GUERIN SUBSTRAIN TICE LIVE ANTIGEN"/>
        </designation>
      </concept>
      <concept>
        <code value="64678-0211-05"/>
        <display value="BioThrax"/>
        <designation>
          <value value="BACILLUS ANTHRACIS"/>
        </designation>
      </concept>
      <concept>
        <code value="00006-4739-01"/>
        <display value="PNEUMOVAX 23"/>
        <designation>
          <value value="PNEUMOCOCCAL VACCINE POLYVALENT"/>
        </designation>
      </concept>
      <concept>
        <code value="00006-4943-01"/>
        <display value="PNEUMOVAX 23"/>
        <designation>
          <value value="PNEUMOCOCCAL VACCINE POLYVALENT"/>
        </designation>
      </concept>
      <concept>
        <code value="49281-0013-58"/>
        <display value="FLUZONE"/>
        <designation>
          <value value="INFLUENZA A VIRUS A/CALIFORNIA/7/2009 X-179A (H1N1) ANTIGEN (FORMALDEHYDE INACTIVATED), INFLUENZA A"/>
        </designation>
      </concept>
      <concept>
        <code value="49281-0013-88"/>
        <display value="FLUZONE"/>
        <designation>
          <value value="INFLUENZA A VIRUS A/CALIFORNIA/7/2009 X-179A (H1N1) ANTIGEN (FORMALDEHYDE INACTIVATED), INFLUENZA A"/>
        </designation>
      </concept>
      <concept>
        <code value="49281-0392-78"/>
        <display value="FLUZONE"/>
        <designation>
          <value value="INFLUENZA A VIRUS A/CALIFORNIA/7/2009 X-179A (H1N1) ANTIGEN (FORMALDEHYDE INACTIVATED), INFLUENZA A"/>
        </designation>
      </concept>
      <concept>
        <code value="49281-0113-00"/>
        <display value="FLUZONE"/>
        <designation>
          <value value="INFLUENZA A VIRUS A/CALIFORNIA/7/2009 X-179A (H1N1) ANTIGEN (FORMALDEHYDE INACTIVATED), INFLUENZA A"/>
        </designation>
      </concept>
      <concept>
        <code value="49281-0820-10"/>
        <display value="TETANUS TOXOID ADSORBED"/>
        <designation>
          <value value="CLOSTRIDIUM TETANI TOXOID ANTIGEN (FORMALDEHYDE INACTIVATED)"/>
        </designation>
      </concept>
      <concept>
        <code value="49281-0800-83"/>
        <display value="TETANUS TOXOID ADSORBED"/>
        <designation>
          <value value="CLOSTRIDIUM TETANI TOXOID ANTIGEN (FORMALDEHYDE INACTIVATED)"/>
        </designation>
      </concept>
      <concept>
        <code value="49281-0400-88"/>
        <display value="Adacel"/>
        <designation>
          <value value="CLOSTRIDIUM TETANI TOXOID ANTIGEN (FORMALDEHYDE INACTIVATED), CORYNEBACTERIUM DIPHTHERIAE TOXOID ANT"/>
        </designation>
      </concept>
      <concept>
        <code value="49281-0286-58"/>
        <display value="DAPTACEL"/>
        <designation>
          <value value="CORYNEBACTERIUM DIPHTHERIAE TOXOID ANTIGEN (FORMALDEHYDE INACTIVATED), CLOSTRIDIUM TETANI TOXOID ANT"/>
        </designation>
      </concept>
      <concept>
        <code value="49281-0286-58"/>
        <display value="DAPTACEL"/>
        <designation>
          <value value="CORYNEBACTERIUM DIPHTHERIAE TOXOID ANTIGEN (FORMALDEHYDE INACTIVATED), CLOSTRIDIUM TETANI TOXOID ANT"/>
        </designation>
      </concept>
      <concept>
        <code value="49281-0286-58"/>
        <display value="DAPTACEL"/>
        <designation>
          <value value="CORYNEBACTERIUM DIPHTHERIAE TOXOID ANTIGEN (FORMALDEHYDE INACTIVATED), CLOSTRIDIUM TETANI TOXOID ANT"/>
        </designation>
      </concept>
      <concept>
        <code value="58160-0815-41"/>
        <display value="TWINRIX"/>
        <designation>
          <value value="HEPATITIS A AND HEPATITIS B (RECOMBINANT) VACCINE"/>
        </designation>
      </concept>
      <concept>
        <code value="58160-0815-43"/>
        <display value="TWINRIX"/>
        <designation>
          <value value="HEPATITIS A AND HEPATITIS B (RECOMBINANT) VACCINE"/>
        </designation>
      </concept>
      <concept>
        <code value="58160-0815-05"/>
        <display value="TWINRIX"/>
        <designation>
          <value value="HEPATITIS A AND HEPATITIS B (RECOMBINANT) VACCINE"/>
        </designation>
      </concept>
      <concept>
        <code value="58160-0815-43"/>
        <display value="TWINRIX"/>
        <designation>
          <value value="HEPATITIS A AND HEPATITIS B (RECOMBINANT) VACCINE"/>
        </designation>
      </concept>
      <concept>
        <code value="58160-0815-01"/>
        <display value="TWINRIX"/>
        <designation>
          <value value="HEPATITIS A AND HEPATITIS B (RECOMBINANT) VACCINE"/>
        </designation>
      </concept>
      <concept>
        <code value="66521-0114-10"/>
        <display value="Fluvirin"/>
        <designation>
          <value value="INFLUENZA A VIRUS A/CHRISTCHURCH/16/2010 NIB-74 (H1N1) ANTIGEN (PROPIOLACTONE INACTIVATED), INFLUENZ"/>
        </designation>
      </concept>
      <concept>
        <code value="76420-0482-01"/>
        <display value="FLUVIRIN"/>
        <designation>
          <value value="INFLUENZA A VIRUS A/CALIFORNIA/7/2009(H1N1)-LIKE HEMAGGLUTININ ANTIGEN (PROPIOLACTONE INACTIVATED),"/>
        </designation>
      </concept>
      <concept>
        <code value="19515-0895-01"/>
        <display value="Flulaval Quadrivalent"/>
        <designation>
          <value value="INFLUENZA VIRUS VACCINE"/>
        </designation>
      </concept>
      <concept>
        <code value="00006-4999-01"/>
        <display value="ProQuad"/>
        <designation>
          <value value="MEASLES, MUMPS, RUBELLA AND VARICELLA VIRUS VACCINE LIVE"/>
        </designation>
      </concept>
      <concept>
        <code value="49281-0545-15"/>
        <display value="ACTHIB"/>
        <designation>
          <value value="HAEMOPHILUS B CONJUGATE VACCINE (TETANUS TOXOID CONJUGATE)"/>
        </designation>
      </concept>
      <concept>
        <code value="51285-0174-02"/>
        <display value="Adenovirus Type 4 Vaccine, Live, Oral"/>
        <designation>
          <value value="ADENOVIRUS TYPE 4 VACCINE, LIVE, ORAL"/>
        </designation>
      </concept>
      <concept>
        <code value="49281-0248-58"/>
        <display value="IMOVAX RABIES"/>
        <designation>
          <value value="RABIES VIRUS STRAIN PM-1503-3M ANTIGEN (PROPIOLACTONE INACTIVATED)"/>
        </designation>
      </concept>
      <concept>
        <code value="49281-0487-58"/>
        <display value="MENOMUNE - A/C/Y/W-135 COMBINED"/>
        <designation>
          <value value="NEISSERIA MENINGITIDIS GROUP A CAPSULAR POLYSACCHARIDE ANTIGEN, NEISSERIA MENINGITIDIS GROUP C CAPSU"/>
        </designation>
      </concept>
      <concept>
        <code value="49281-0915-58"/>
        <display value="YF-VAX"/>
        <designation>
          <value value="YELLOW FEVER VIRUS LIVE ANTIGEN, A"/>
        </designation>
      </concept>
      <concept>
        <code value="49281-0547-58"/>
        <display value="ACTHIB"/>
        <designation>
          <value value="HAEMOPHILUS INFLUENZAE TYPE B STRAIN 1482 CAPSULAR POLYSACCHARIDE TETANUS TOXOID CONJUGATE ANTIGEN"/>
        </designation>
      </concept>
      <concept>
        <code value="58160-0851-01"/>
        <display value="ROTARIX"/>
        <designation>
          <value value="ROTAVIRUS VACCINE, LIVE, ORAL"/>
        </designation>
      </concept>
      <concept>
        <code value="49281-0915-68"/>
        <display value="YF-VAX"/>
        <designation>
          <value value="YELLOW FEVER VIRUS LIVE ANTIGEN, A"/>
        </designation>
      </concept>
      <concept>
        <code value="49281-0488-78"/>
        <display value="MENOMUNE - A/C/Y/W-135 COMBINED"/>
        <designation>
          <value value="NEISSERIA MENINGITIDIS GROUP A POLYSACCHARIDE ANTIGEN, A, NEISSERIA MENINGITIDIS GROUP C POLYSACCHAR"/>
        </designation>
      </concept>
      <concept>
        <code value="46028-0219-11"/>
        <display value="Meningococcal (Groups C, Y, W-135) CRM197 Oligosac"/>
        <designation>
          <value value="MENC, Y, W-135 VACCINE"/>
        </designation>
      </concept>
      <concept>
        <code value="51285-0175-02"/>
        <display value="Adenovirus Type 7 Vaccine, Live, Oral"/>
        <designation>
          <value value="ADENOVIRUS TYPE 7 VACCINE, LIVE, ORAL"/>
        </designation>
      </concept>
      <concept>
        <code value="49281-0560-05"/>
        <display value="DTAP-IPV"/>
        <designation>
          <value value="DIPHTHERIA AND TETANUS TOXOIDS AND ACELLULAR PERTUSSIS ADSORBED, INACTIVATED POLIOVIRUS"/>
        </designation>
      </concept>
      <concept>
        <code value="49281-0400-58"/>
        <display value="Adacel"/>
        <designation>
          <value value="CLOSTRIDIUM TETANI TOXOID ANTIGEN (FORMALDEHYDE INACTIVATED), CORYNEBACTERIUM DIPHTHERIAE TOXOID ANT"/>
        </designation>
      </concept>
      <concept>
        <code value="49281-0400-58"/>
        <display value="Adacel"/>
        <designation>
          <value value="CLOSTRIDIUM TETANI TOXOID ANTIGEN (FORMALDEHYDE INACTIVATED), CORYNEBACTERIUM DIPHTHERIAE TOXOID ANT"/>
        </designation>
      </concept>
      <concept>
        <code value="42874-0013-01"/>
        <display value="Flublok"/>
        <designation>
          <value value="INFLUENZA VACCINE"/>
        </designation>
      </concept>
      <concept>
        <code value="66521-0116-11"/>
        <display value="FLUVIRIN"/>
        <designation>
          <value value="influenza a virus a/christchurch , influenza a virus a/texas   , influenza b virus b/massachusetts"/>
        </designation>
      </concept>
      <concept>
        <code value="66521-0116-12"/>
        <display value="FLUVIRIN"/>
        <designation>
          <value value="influenza a virus a/christchurch , influenza a virus a/texas   , influenza b virus b/massachusetts"/>
        </designation>
      </concept>
      <concept>
        <code value="00006-4045-01"/>
        <display value="GARDASIL"/>
        <designation>
          <value value="HUMAN PAPILLOMAVIRUS QUADRIVALENT (TYPES 6, 11, 16, AND 18) VACCINE, RECOMBINANT"/>
        </designation>
      </concept>
      <concept>
        <code value="00006-4045-01"/>
        <display value="GARDASIL"/>
        <designation>
          <value value="HUMAN PAPILLOMAVIRUS QUADRIVALENT (TYPES 6, 11, 16, AND 18) VACCINE, RECOMBINANT"/>
        </designation>
      </concept>
      <concept>
        <code value="00006-4995-01"/>
        <display value="RECOMBIVAX HB"/>
        <designation>
          <value value="HEPATITIS B VACCINE (RECOMBINANT)"/>
        </designation>
      </concept>
      <concept>
        <code value="00006-4995-01"/>
        <display value="RECOMBIVAX HB"/>
        <designation>
          <value value="HEPATITIS B VACCINE (RECOMBINANT)"/>
        </designation>
      </concept>
      <concept>
        <code value="00006-4841-01"/>
        <display value="VAQTA"/>
        <designation>
          <value value="HEPATITIS A VACCINE, INACTIVATED"/>
        </designation>
      </concept>
      <concept>
        <code value="00006-4841-01"/>
        <display value="VAQTA"/>
        <designation>
          <value value="HEPATITIS A VACCINE, INACTIVATED"/>
        </designation>
      </concept>
      <concept>
        <code value="58160-0804-01"/>
        <display value="INFLUENZA (H5N1), adjuvanted"/>
        <designation>
          <value value="INFLUENZA (H5N1) MONOVALENT, ADJUVANTED"/>
        </designation>
      </concept>
      <concept>
        <code value="58160-0802-02"/>
        <display value="AS03 Adjuvant"/>
        <designation>
          <value value="Adjuvant"/>
        </designation>
      </concept>
      <concept>
        <code value="58160-0901-41"/>
        <display value="FLUARIX QUADRIVALENT"/>
        <designation>
          <value value="INFLUENZA VIRUS VACCINE"/>
        </designation>
      </concept>
      <concept>
        <code value="00006-4837-01"/>
        <display value="PNEUMOVAX 23"/>
        <designation>
          <value value="PNEUMOCOCCAL VACCINE POLYVALENT"/>
        </designation>
      </concept>
      <concept>
        <code value="19515-0891-01"/>
        <display value="Flulaval Quadrivalent"/>
        <designation>
          <value value="INFLUENZA VIRUS VACCINE"/>
        </designation>
      </concept>
      <concept>
        <code value="19515-0893-02"/>
        <display value="FLULAVAL"/>
        <designation>
          <value value="INFLUENZA VIRUS VACCINE"/>
        </designation>
      </concept>
      <concept>
        <code value="19515-0894-41"/>
        <display value="Flulaval Quadrivalent"/>
        <designation>
          <value value="INFLUENZA VIRUS VACCINE"/>
        </designation>
      </concept>
      <concept>
        <code value="49281-0514-00"/>
        <display value="Fluzone Quadrivalent, Peds"/>
      </concept>
      <concept>
        <code value="49281-0394-78"/>
        <display value="FLUZONE"/>
      </concept>
    </include>
  </compose>
</ValueSet>