<?xml version="1.0" encoding="UTF-8"?>

<ValueSet xmlns="http://hl7.org/fhir">
  <id value="substance-sct"/>
  <text>
    <status value="generated"/>
  </text>
  <url value="http://fhir.org/guides/argonaut/ValueSet/substance-sct"/>
  <name value="DAF SNOMED CT Substances Other Than Clinical Drugs"/>
  <status value="draft"/>
  <publisher value="Argonaut Project"/>
  <contact>
    <telecom>
      <system value="other"/>
      <value value="http://argonautwiki.hl7.org"/>
      <rank value="0"/>
    </telecom>
  </contact>
  <date value="2016-10-18T00:00:00+11:00"/>
  <description value="SNOMED CT Substance concepts Other Than Clinical Drug Substances that are not represented by RXNORM  drug concepts. This value set is meant to be quite broad and includes many substances that may never be prescribed or be a reactant. It does not remove all overlap with RXNORM - for those concepts, the alternative code system should be chosen."/>
  <immutable value="false"/>
  <copyright value="This value set includes content from SNOMED CT, which is copyright © 2002+ International Health Terminology Standards Development Organisation (IHTSDO), and distributed by agreement between IHTSDO and HL7. Implementer use of SNOMED CT is not covered by this agreement."/>
  <extensible value="false"/>
  <compose>
    <include>
      <system value="http://snomed.info/sct"/>
      <filter>
        <property value="concept"/>
        <op value="is-a"/>
        <value value="105590001"/>
      </filter>
    </include>
    <exclude>
      <system value="http://snomed.info/sct"/>
      <filter>
        <property value="concept"/>
        <op value="is-a"/>
        <value value="410942007"/>
      </filter>
    </exclude>
    <exclude>
      <system value="http://snomed.info/sct"/>
      <filter>
        <property value="concept"/>
        <op value="is-a"/>
        <value value="438951008"/>
      </filter>
    </exclude>
    <exclude>
      <system value="http://snomed.info/sct"/>
      <filter>
        <property value="concept"/>
        <op value="is-a"/>
        <value value="312412007"/>
      </filter>
    </exclude>
    <exclude>
      <system value="http://snomed.info/sct"/>
      <filter>
        <property value="concept"/>
        <op value="is-a"/>
        <value value="312413002"/>
      </filter>
    </exclude>
    <exclude>
      <system value="http://snomed.info/sct"/>
      <filter>
        <property value="concept"/>
        <op value="is-a"/>
        <value value="312417001"/>
      </filter>
    </exclude>
  </compose>
</ValueSet>