<?xml version="1.0" encoding="UTF-8"?>

<ValueSet xmlns="http://hl7.org/fhir">
  <id value="observation-ccdasmokingstatus"/>
  <text>
    <status value="generated"/>
  </text>
  <url value="http://fhir.org/guides/argonaut/ValueSet/observation-ccdasmokingstatus"/>
  <name value="Smoking Status"/>
  <status value="active"/>
  <experimental value="true"/>
  <publisher value="Argonaut Project"/>
  <contact>
    <telecom>
      <system value="other"/>
      <value value="http://argonautwiki.hl7.org"/>
      <rank value="0"/>
    </telecom>
  </contact>
  <date value="2016-08-10T00:00:00+10:00"/>
  <description value="This value set indicates the current smoking status of a patient."/>
  <immutable value="false"/>
  <copyright value="This value set includes content from SNOMED CT, which is copyright © 2002+ International Health Terminology Standards Development Organisation (IHTSDO), and distributed by agreement between IHTSDO and HL7. Implementer use of SNOMED CT is not covered by this agreement"/>
  <extensible value="false"/>
  <compose>
    <include>
      <system value="http://snomed.info/sct"/>
      <concept>
        <code value="449868002"/>
        <display value="Current every day smoker"/>
      </concept>
      <concept>
        <code value="428041000124106"/>
        <display value="Current some day smoker"/>
      </concept>
      <concept>
        <code value="8517006"/>
        <display value="Former smoker"/>
      </concept>
      <concept>
        <code value="266919005"/>
        <display value="Never smoker"/>
      </concept>
      <concept>
        <code value="77176002"/>
        <display value="Smoker, current status unknown"/>
      </concept>
      <concept>
        <code value="266927001"/>
        <display value="Unknown if ever smoked"/>
      </concept>
      <concept>
        <code value="428071000124103"/>
        <display value="Current Heavy tobacco smoker"/>
      </concept>
      <concept>
        <code value="428061000124105"/>
        <display value="Current Light tobacco smoker"/>
      </concept>
    </include>
  </compose>
</ValueSet>