{
  "resourceType": "Device",
  "id": "udi-1",
  "meta": {
    "profile": [
      "http://fhir.org/guides/argonaut/StructureDefinition/argo-device"
    ]
  },
  "text": {
    "status": "generated",
    "div": "<div xmlns=\"http://www.w3.org/1999/xhtml\"><p><b>Generated Narrative with Details</b></p><p><b>id</b>: udi-1</p><p><b>meta</b>: </p><p><b>type</b>: Coated femoral stem prosthesis, modular <span style=\"background: LightGoldenRodYellow\">(Details : {SNOMED CT code '468063009' = 'Coated femoral stem prosthesis, modular (physical object)', given as 'Coated femoral stem prosthesis, modular'})</span></p><p><b>status</b>: available</p><p><b>udi</b>: {01}09504000059118{17}141120{10}7654321D{21}10987654d321</p><p><b>patient</b>: <a href=\"Patient-peter-chalmers.html\">Peter Chalmers. Generated Summary: id: peter-chalmers; Medical Record Number = 1032702; active; Peter James Chalmers (OFFICIAL); ph: (555)555-5555(WORK), person@example.org(WORK); gender: male; birthDate: 19/06/1964</a></p></div>"
  },
  "type": {
    "coding": [
      {
        "system": "http://snomed.info/sct",
        "code": "468063009",
        "display": "Coated femoral stem prosthesis, modular"
      }
    ]
  },
  "status": "available",
  "udi": "{01}09504000059118{17}141120{10}7654321D{21}10987654d321",
  "patient": {
    "reference": "Patient/peter-chalmers",
    "display": "Peter Chalmers"
  }
}