<?xml version="1.0" encoding="UTF-8"?>

<DiagnosticReport xmlns="http://hl7.org/fhir">
  <id value="cbc"/>
  <meta>
    <profile value="http://fhir.org/guides/argonaut/StructureDefinition/argo-diagnosticreport"/>
  </meta>
  <text>
    <status value="generated"/><div xmlns="http://www.w3.org/1999/xhtml">
			<p>
				<b>Generated Narrative with Details</b>
			</p>
			<p>
				<b>id</b>: cbc</p>
			<p>
				<b>meta</b>: </p>
			<p>
				<b>status</b>: final</p>
			<p>
				<b>category</b>: Hematology <span style="background: LightGoldenRodYellow">(Details : {http://hl7.org/fhir/v2/0074 code 'HM' = 'Hematology', given as 'Hematology'})</span>
			</p>
			<p>
				<b>code</b>: Complete blood count (hemogram) panel - Blood by Automated count <span style="background: LightGoldenRodYellow">(Details : {LOINC code '58410-2' = 'Complete blood count (hemogram) panel - Blood by Automated count', given as 'Complete blood count (hemogram) panel - Blood by Automated count'})</span>
			</p>
			<p>
				<b>subject</b>: <a href="Patient-peter-chalmers.html">Peter Chalmers. Generated Summary: id: peter-chalmers; active; Peter James Chalmers (OFFICIAL); ph: (555)555-5555(WORK), person@example.org(WORK)</a>
			</p>
			<p>
				<b>effective</b>: Jul 5, 2005</p>
			<p>
				<b>issued</b>: Jul 6, 2005 11:45:33 AM</p>
			<p>
				<b>result</b>: </p>
			<ul>
				<li>
					<a href="Observation-neutrophils.html">NEUTROPHILS</a>
				</li>
				<li>
					<a href="Observation-mchc.html">MCHC</a>
				</li>
				<li>
					<a href="Observation-hemoglobin.html">HEMOGLOBIN</a>
				</li>
				<li>
					<a href="Observation-erythrocytes.html">ERYTHROCYTES</a>
				</li>
			</ul>
		</div>
  </text>
  <status value="final"/>
  <category>
    <coding>
      <system value="http://hl7.org/fhir/v2/0074"/>
      <code value="HM"/>
      <display value="Hematology"/>
    </coding>
  </category>
  <code>
    <coding>
      <system value="http://loinc.org"/>
      <code value="58410-2"/>
      <display value="Complete blood count (hemogram) panel - Blood by Automated count"/>
    </coding>
  </code>
  <subject>
    <reference value="Patient/peter-chalmers"/>
    <display value="Peter Chalmers"/>
  </subject>
  <effectiveDateTime value="2005-07-05"/>
  <issued value="2005-07-06T11:45:33+11:00"/>
  <performer>
    <reference value="Practitioner/1234"/>
    <display value="Adam Careful, MD"/>
  </performer>
  <result>
    <reference value="Observation/neutrophils"/>
    <display value="NEUTROPHILS"/>
  </result>
  <result>
    <reference value="Observation/mchc"/>
    <display value="MCHC"/>
  </result>
  <result>
    <reference value="Observation/hemoglobin"/>
    <display value="HEMOGLOBIN"/>
  </result>
  <result>
    <reference value="Observation/erythrocytes"/>
    <display value="ERYTHROCYTES"/>
  </result>
</DiagnosticReport>