{
  "resourceType": "MedicationOrder",
  "id": "argo-mo1",
  "meta": {
    "profile": [
      "http://fhir.org/guides/argonaut/StructureDefinition/argo-medicationorder"
    ]
  },
  "text": {
    "status": "generated",
    "div": "<div xmlns=\"http://www.w3.org/1999/xhtml\"><p><b>Generated Narrative with Details</b></p><p><b>id</b>: argo-mo1</p><p><b>meta</b>: </p><p><b>dateWritten</b>: 05/04/2008</p><p><b>status</b>: active</p><p><b>patient</b>: <a href=\"Patient-peter-chalmers.html\">Peter Chalmers. Generated Summary: id: peter-chalmers; Medical Record Number = 1032702; active; Peter James Chalmers (OFFICIAL); ph: (555)555-5555(WORK), person@example.org(WORK); gender: male; birthDate: 19/06/1964</a></p><p><b>prescriber</b>: <a href=\"Practitioner-1234.html\">Kathy Fielding, MD. Generated Summary: id: 1234; 23; active; Adam Careful </a></p><p><b>medication</b>: Nizatidine 15 MG/ML Oral Solution [Axid] <span style=\"background: LightGoldenRodYellow\">(Details : {RxNorm code '582620' = 'Nizatidine 15 MG/ML Oral Solution [Axid]', given as 'Nizatidine 15 MG/ML Oral Solution [Axid]'})</span></p><h3>DosageInstructions</h3><table class=\"grid\"><tr><td>-</td><td><b>Text</b></td><td><b>Timing</b></td></tr><tr><td>*</td><td>10 mL bid</td><td>Starting 05/04/2008, Do Once</td></tr></table><h3>DispenseRequests</h3><table class=\"grid\"><tr><td>-</td><td><b>NumberOfRepeatsAllowed</b></td><td><b>Quantity</b></td><td><b>ExpectedSupplyDuration</b></td></tr><tr><td>*</td><td>1</td><td>480 mL<span style=\"background: LightGoldenRodYellow\"> (Details: UCUM code mL = 'mL')</span></td><td>30 days<span style=\"background: LightGoldenRodYellow\"> (Details: UCUM code d = 'd')</span></td></tr></table></div>"
  },
  "dateWritten": "2008-04-05",
  "status": "active",
  "patient": {
    "reference": "Patient/peter-chalmers",
    "display": "Peter Chalmers"
  },
  "prescriber": {
    "reference": "Practitioner/1234",
    "display": "Kathy Fielding, MD"
  },
  "medicationCodeableConcept": {
    "coding": [
      {
        "system": "http://www.nlm.nih.gov/research/umls/rxnorm",
        "code": "582620",
        "display": "Nizatidine 15 MG/ML Oral Solution [Axid]"
      }
    ],
    "text": "Nizatidine 15 MG/ML Oral Solution [Axid]"
  },
  "dosageInstruction": [
    {
      "text": "10 mL bid",
      "timing": {
        "repeat": {
          "boundsPeriod": {
            "start": "2008-04-05"
          }
        }
      }
    }
  ],
  "dispenseRequest": {
    "numberOfRepeatsAllowed": 1,
    "quantity": {
      "value": 480,
      "unit": "mL",
      "system": "http://unitsofmeasure.org",
      "code": "mL"
    },
    "expectedSupplyDuration": {
      "value": 30,
      "unit": "days",
      "system": "http://unitsofmeasure.org",
      "code": "d"
    }
  }
}