{
  "resourceType": "Observation",
  "id": "blood-pressure",
  "meta": {
    "profile": [
      "http://fhir.org/guides/argonaut/StructureDefinition/argo-vitalsigns"
    ]
  },
  "text": {
    "status": "generated",
    "div": "<div xmlns=\"http://www.w3.org/1999/xhtml\"><p><b>Generated Narrative with Details</b></p><p><b>id</b>: blood-pressure</p><p><b>meta</b>: </p><p><b>status</b>: final</p><p><b>category</b>: Vital Signs <span style=\"background: LightGoldenRodYellow\">(Details : {http://hl7.org/fhir/observation-category code 'vital-signs' = 'Vital Signs', given as 'Vital Signs'})</span></p><p><b>code</b>: Blood pressure systolic and diastolic <span style=\"background: LightGoldenRodYellow\">(Details : {LOINC code '55284-4' = 'Blood pressure systolic and diastolic', given as 'Blood pressure systolic and diastolic'})</span></p><p><b>subject</b>: <a href=\"Patient-peter-chalmers.html\">Peter Chalmers. Generated Summary: id: peter-chalmers; Medical Record Number = 1032702; active; Peter James Chalmers (OFFICIAL); ph: (555)555-5555(WORK), person@example.org(WORK); gender: male; birthDate: 19/06/1964</a></p><p><b>encounter</b>: <a href=\"Encounter-691.html\">Generated Summary: id: 691; status: in-progress; class: inpatient</a></p><p><b>effective</b>: 02/07/1999</p><blockquote><p><b>component</b></p><p><b>code</b>: Systolic blood pressure <span style=\"background: LightGoldenRodYellow\">(Details : {LOINC code '8480-6' = 'Systolic blood pressure', given as 'Systolic blood pressure'})</span></p><p><b>value</b>: 109 mmHg<span style=\"background: LightGoldenRodYellow\"> (Details: UCUM code mm[Hg] = 'mm[Hg]')</span></p></blockquote><blockquote><p><b>component</b></p><p><b>code</b>: Diastolic blood pressure <span style=\"background: LightGoldenRodYellow\">(Details : {LOINC code '8462-4' = 'Diastolic blood pressure', given as 'Diastolic blood pressure'})</span></p><p><b>value</b>: 44 mmHg<span style=\"background: LightGoldenRodYellow\"> (Details: UCUM code mm[Hg] = 'mm[Hg]')</span></p></blockquote></div>"
  },
  "status": "final",
  "category": {
    "coding": [
      {
        "system": "http://hl7.org/fhir/observation-category",
        "code": "vital-signs",
        "display": "Vital Signs"
      }
    ],
    "text": "Vital Signs"
  },
  "code": {
    "coding": [
      {
        "system": "http://loinc.org",
        "code": "55284-4",
        "display": "Blood pressure systolic and diastolic"
      }
    ],
    "text": "Blood pressure systolic and diastolic"
  },
  "subject": {
    "reference": "Patient/peter-chalmers",
    "display": "Peter Chalmers"
  },
  "encounter": {
    "reference": "Encounter/691"
  },
  "effectiveDateTime": "1999-07-02",
  "component": [
    {
      "code": {
        "coding": [
          {
            "system": "http://loinc.org",
            "code": "8480-6",
            "display": "Systolic blood pressure"
          }
        ],
        "text": "Systolic blood pressure"
      },
      "valueQuantity": {
        "value": 109,
        "unit": "mmHg",
        "system": "http://unitsofmeasure.org",
        "code": "mm[Hg]"
      }
    },
    {
      "code": {
        "coding": [
          {
            "system": "http://loinc.org",
            "code": "8462-4",
            "display": "Diastolic blood pressure"
          }
        ],
        "text": "Diastolic blood pressure"
      },
      "valueQuantity": {
        "value": 44,
        "unit": "mmHg",
        "system": "http://unitsofmeasure.org",
        "code": "mm[Hg]"
      }
    }
  ]
}