<?xml version="1.0" encoding="UTF-8"?>

<Observation xmlns="http://hl7.org/fhir">
  <id value="some-day-smoker"/>
  <meta>
    <profile value="http://fhir.org/guides/argonaut/StructureDefinition/argo-smokingstatus"/>
  </meta>
  <text>
    <status value="generated"/><div xmlns="http://www.w3.org/1999/xhtml"><p><b>Generated Narrative with Details</b></p><p><b>id</b>: some-day-smoker</p><p><b>meta</b>: </p><p><b>status</b>: final</p><p><b>category</b>: Social History <span style="background: LightGoldenRodYellow">(Details : {http://hl7.org/fhir/observation-category code 'social-history' = 'Social History', given as 'Social History'})</span></p><p><b>code</b>: Tobacco smoking status <span style="background: LightGoldenRodYellow">(Details : {LOINC code '72166-2' = 'Tobacco smoking status NHIS', given as 'Tobacco smoking status'})</span></p><p><b>subject</b>: <a href="Patient-peter-chalmers.html">Peter Chalmers. Generated Summary: id: peter-chalmers; Medical Record Number = 1032702; active; Peter James Chalmers (OFFICIAL); ph: (555)555-5555(WORK), person@example.org(WORK); gender: male; birthDate: 19/06/1964</a></p><p><b>issued</b>: 18/03/2016 5:27:04 AM</p><p><b>value</b>: Current some day smoker <span style="background: LightGoldenRodYellow">(Details : {SNOMED CT code '428041000124106' = 'Occasional tobacco smoker', given as 'Current some day smoker'})</span></p></div>
  </text>
  <status value="final"/>
  <category>
    <coding>
      <system value="http://hl7.org/fhir/observation-category"/>
      <code value="social-history"/>
      <display value="Social History"/>
    </coding>
    <text value="Social History"/>
  </category>
  <code>
    <coding>
      <system value="http://loinc.org"/>
      <code value="72166-2"/>
      <display value="Tobacco smoking status"/>
    </coding>
    <text value="Tobacco smoking status"/>
  </code>
  <subject>
    <reference value="Patient/peter-chalmers"/>
    <display value="Peter Chalmers"/>
  </subject>
  <issued value="2016-03-18T05:27:04Z"/>
  <valueCodeableConcept>
    <coding>
      <system value="http://snomed.info/sct"/>
      <code value="428041000124106"/>
      <display value="Current some day smoker"/>
    </coding>
    <text value="Current some day smoker"/>
  </valueCodeableConcept>
</Observation>