{
  "resourceType": "Practitioner",
  "id": "1234",
  "text": {
    "status": "generated",
    "div": "<div xmlns=\"http://www.w3.org/1999/xhtml\"><p><b>Generated Narrative with Details</b></p><p><b>id</b>: 1234</p><p><b>identifier</b>: 23</p><p><b>active</b>: true</p><p><b>name</b>: Adam Careful </p></div>"
  },
  "identifier": [
    {
      "system": "http://www.acme.org/practitioners",
      "value": "23"
    }
  ],
  "active": true,
  "name": {
    "family": [
      "Careful"
    ],
    "given": [
      "Adam"
    ],
    "prefix": [
      "Dr"
    ]
  }
}