<?xml version="1.0" encoding="UTF-8"?>

<StructureDefinition xmlns="http://hl7.org/fhir">
  <id value="argo-conformanceDocumentation"/>
  <text>
    <status value="generated"/>
  </text>
  <url value="http://fhir.org/guides/argonaut/StructureDefinition/argo-conformanceDocumentation"/>
  <name value="Addtitional conformance documentation extension"/>
  <display value="Resource level Documentation"/>
  <status value="draft"/>
  <publisher value="Argonaut Project"/>
  <contact>
    <telecom>
      <system value="other"/>
      <value value="http://argonautwiki.hl7.org"/>
      <rank value="0"/>
    </telecom>
  </contact>
  <date value="2016-10-18T00:00:00+11:00"/>
  <description value="Used in the Conformance resource to add additional information about the resource type being used by the system and allows for further documentation of server capabilities on a resource by resource basis."/>
  <requirements value="To allow for further documentation of server capabilities on a resource by resource basis."/>
  <fhirVersion value="1.9.0"/>
  <mapping>
    <identity value="rim"/>
    <uri value="http://hl7.org/v3"/>
    <name value="RIM"/>
  </mapping>
  <kind value="datatype"/>
  <constrainedType value="Extension"/>
  <abstract value="false"/>
  <contextType value="resource"/>
  <context value="Conformance.rest.resource"/>
  <context value="Conformance.rest.operation"/>
  <base value="http://hl7.org/fhir/StructureDefinition/Extension"/>
  <snapshot>
    <element id="Extension:conformancedocumentation">
      <path value="Extension"/>
      <name value="conformanceDocumentation"/>
      <short value="Addtitional conformance documentation extension"/>
      <definition value="Used in the Conformance resource to add additional information about the resource type being used by the system and allows for further documentation of server capabilities on a resource by resource basis."/>
      <comments value="This is helpful for publishing the CapabilityResource narrative."/>
      <min value="0"/>
      <max value="1"/>
      <base>
        <path value="Extension"/>
        <min value="0"/>
        <max value="*"/>
      </base>
      <type>
        <code value="Extension"/>
      </type>
      <maxLength value="0"/>
      <mustSupport value="false"/>
      <isModifier value="false"/>
      <isSummary value="false"/>
    </element>
    <element id="Extension:conformancedocumentation.id">
      <path value="Extension.id"/>
      <representation value="xmlAttr"/>
      <name value="Extension:conformancedocumentation.id"/>
      <short value="xml:id (or equivalent in JSON)"/>
      <definition value="unique id for the element within a resource (for internal references)."/>
      <min value="0"/>
      <max value="1"/>
      <base>
        <path value="Extension.id"/>
        <min value="0"/>
        <max value="1"/>
      </base>
      <type>
        <code value="id"/>
      </type>
      <maxLength value="0"/>
      <mustSupport value="false"/>
      <isModifier value="false"/>
      <isSummary value="false"/>
      <mapping>
        <identity value="rim"/>
        <map value="n/a"/>
      </mapping>
    </element>
    <element id="Extension:conformancedocumentation.extension">
      <path value="Extension.extension"/>
      <name value="Extension:conformancedocumentation.extension"/>
      <short value="Additional Content defined by implementations"/>
      <definition value="May be used to represent additional information that is not part of the basic definition of the element. In order to make the use of extensions safe and manageable, there is a strict set of governance  applied to the definition and use of extensions. Though any implementer is allowed to define an extension, there is a set of requirements that SHALL be met as part of the definition of the extension."/>
      <comments value="There can be no stigma associated with the use of extensions by any application, project, or standard - regardless of the institution or jurisdiction that uses or defines the extensions.  The use of extensions is what allows the FHIR specification to retain a core level of simplicity for everyone."/>
      <alias value="extensions"/>
      <alias value="user content"/>
      <min value="0"/>
      <max value="*"/>
      <base>
        <path value="Extension.extension"/>
        <min value="0"/>
        <max value="*"/>
      </base>
      <type>
        <code value="Extension"/>
      </type>
      <maxLength value="0"/>
      <mustSupport value="false"/>
      <isModifier value="false"/>
      <isSummary value="false"/>
      <mapping>
        <identity value="rim"/>
        <map value="n/a"/>
      </mapping>
    </element>
    <element id="Extension:conformancedocumentation.url">
      <path value="Extension.url"/>
      <representation value="xmlAttr"/>
      <name value="Extension:conformancedocumentation.url"/>
      <short value="identifies the meaning of the extension"/>
      <definition value="Source of the definition for the extension code - a logical name or a URL."/>
      <comments value="The definition may point directly to a computable or human-readable definition of the extensibility codes, or it may be a logical URI as declared in some other specification. The definition should be version specific.  This will ideally be the URI for the Resource Profile defining the extension, with the code for the extension after a #."/>
      <min value="1"/>
      <max value="1"/>
      <base>
        <path value="Extension.url"/>
        <min value="1"/>
        <max value="1"/>
      </base>
      <type>
        <code value="uri"/>
      </type>
      <fixedUri value="http://fhir.org/guides/argonaut/StructureDefinition/argo-conformanceDocumentation"/>
      <maxLength value="0"/>
      <mustSupport value="false"/>
      <isModifier value="false"/>
      <isSummary value="false"/>
      <mapping>
        <identity value="rim"/>
        <map value="N/A"/>
      </mapping>
    </element>
    <element id="Extension:conformancedocumentation.valueMarkdown">
      <path value="Extension.valueMarkdown"/>
      <name value="Extension:conformancedocumentation.valueMarkdown"/>
      <short value="Value of extension"/>
      <definition value="Value of extension - may be a resource or one of a constrained set of the data types (see Extensibility in the spec for list)."/>
      <min value="0"/>
      <max value="1"/>
      <base>
        <path value="Extension.value[x]"/>
        <min value="0"/>
        <max value="1"/>
      </base>
      <type>
        <code value="markdown"/>
      </type>
      <maxLength value="0"/>
      <mustSupport value="false"/>
      <isModifier value="false"/>
      <isSummary value="false"/>
      <mapping>
        <identity value="rim"/>
        <map value="N/A"/>
      </mapping>
    </element>
  </snapshot>
  <differential>
    <element id="Extension:conformancedocumentation">
      <path value="Extension"/>
      <name value="conformanceDocumentation"/>
      <short value="Addtitional conformance documentation extension"/>
      <definition value="Used in the Conformance resource to add additional information about the resource type being used by the system and allows for further documentation of server capabilities on a resource by resource basis."/>
      <comments value="This is helpful for publishing the CapabilityResource narrative."/>
      <min value="0"/>
      <max value="1"/>
      <type>
        <code value="Extension"/>
      </type>
      <maxLength value="0"/>
      <mustSupport value="false"/>
      <isModifier value="false"/>
      <isSummary value="false"/>
    </element>
    <element id="Extension:conformancedocumentation.url">
      <path value="Extension.url"/>
      <name value="Extension:conformancedocumentation.url"/>
      <min value="0"/>
      <fixedUri value="http://fhir.org/guides/argonaut/StructureDefinition/argo-conformanceDocumentation"/>
      <maxLength value="0"/>
      <mustSupport value="false"/>
      <isModifier value="false"/>
      <isSummary value="false"/>
    </element>
    <element id="Extension:conformancedocumentation.value[x]">
      <path value="Extension.value[x]"/>
      <name value="Extension:conformancedocumentation.value[x]"/>
      <min value="0"/>
      <type>
        <code value="markdown"/>
      </type>
      <maxLength value="0"/>
      <mustSupport value="false"/>
      <isModifier value="false"/>
      <isSummary value="false"/>
    </element>
  </differential>
</StructureDefinition>