{
  "resourceType": "StructureDefinition",
  "id": "argo-fromResource",
  "text": {
    "status": "generated"
  },
  "url": "http://fhir.org/guides/argonaut/StructureDefinition/argo-fromResource",
  "name": "Profile-resource association extension",
  "display": "Profile-Resource  Association",
  "status": "draft",
  "publisher": "Argonaut Project",
  "contact": [
    {
      "telecom": [
        {
          "system": "other",
          "value": "http://argonautwiki.hl7.org",
          "rank": 0
        }
      ]
    }
  ],
  "date": "2016-10-18T00:00:00+11:00",
  "description": "Used in the Conformance resource to link profiles to the resources they are based upon for the purpose of describing profile specific capababilties such as specific search criteria or operations which are supported on a profile by profile bases.  It is a code that references a  resource listed in Conformance.rest.resource.  For more information on how the Conformance resource describes profiles on resources, see [Two uses of Profiles] (http://hl7.org/fhir/profiling.html#profile-uses).",
  "requirements": "To allow profiles to be associated with resources in CapabilityStatements.",
  "fhirVersion": "1.9.0",
  "mapping": [
    {
      "identity": "rim",
      "uri": "http://hl7.org/v3",
      "name": "RIM"
    }
  ],
  "kind": "datatype",
  "constrainedType": "Extension",
  "abstract": false,
  "contextType": "resource",
  "context": [
    "Conformance.profile"
  ],
  "base": "http://hl7.org/fhir/StructureDefinition/Extension",
  "snapshot": {
    "element": [
      {
        "id": "Extension:fromresource",
        "path": "Extension",
        "name": "fromResource",
        "short": "Profile-resource association extension",
        "definition": "Used in the Conformance resource to link profiles to the resources they are based upon for the purpose of describing profile specific capababilties such as specific search criteria or operations which are supported on a profile by profile bases.  It is a code that references a  resource listed in Conformance.rest.resource.  For more information on how the Conformance resource describes profiles on resources, see [Two uses of Profiles] (http://hl7.org/fhir/profiling.html#profile-uses).",
        "comments": "This is helpful for publishing the CapabilityResource narrative.",
        "min": 0,
        "max": "*",
        "base": {
          "path": "Extension",
          "min": 0,
          "max": "*"
        },
        "type": [
          {
            "code": "Extension"
          }
        ],
        "maxLength": 0,
        "mustSupport": false,
        "isModifier": false,
        "isSummary": false,
        "mapping": [
          {
            "identity": "v2",
            "map": "No v2 equivalent"
          },
          {
            "identity": "rim",
            "map": "No RIM equivalent"
          }
        ]
      },
      {
        "id": "Extension:fromresource.id",
        "path": "Extension.id",
        "representation": [
          "xmlAttr"
        ],
        "name": "Extension:fromresource.id",
        "short": "xml:id (or equivalent in JSON)",
        "definition": "unique id for the element within a resource (for internal references).",
        "min": 0,
        "max": "1",
        "base": {
          "path": "Extension.id",
          "min": 0,
          "max": "1"
        },
        "type": [
          {
            "code": "id"
          }
        ],
        "maxLength": 0,
        "mustSupport": false,
        "isModifier": false,
        "isSummary": false,
        "mapping": [
          {
            "identity": "rim",
            "map": "n/a"
          }
        ]
      },
      {
        "id": "Extension:fromresource.extension",
        "path": "Extension.extension",
        "name": "Extension:fromresource.extension",
        "short": "Additional Content defined by implementations",
        "definition": "May be used to represent additional information that is not part of the basic definition of the element. In order to make the use of extensions safe and manageable, there is a strict set of governance  applied to the definition and use of extensions. Though any implementer is allowed to define an extension, there is a set of requirements that SHALL be met as part of the definition of the extension.",
        "comments": "There can be no stigma associated with the use of extensions by any application, project, or standard - regardless of the institution or jurisdiction that uses or defines the extensions.  The use of extensions is what allows the FHIR specification to retain a core level of simplicity for everyone.",
        "alias": [
          "extensions",
          "user content"
        ],
        "min": 0,
        "max": "*",
        "base": {
          "path": "Extension.extension",
          "min": 0,
          "max": "*"
        },
        "type": [
          {
            "code": "Extension"
          }
        ],
        "maxLength": 0,
        "mustSupport": false,
        "isModifier": false,
        "isSummary": false,
        "mapping": [
          {
            "identity": "rim",
            "map": "n/a"
          }
        ]
      },
      {
        "id": "Extension:fromresource.url",
        "path": "Extension.url",
        "representation": [
          "xmlAttr"
        ],
        "name": "Extension:fromresource.url",
        "short": "identifies the meaning of the extension",
        "definition": "Source of the definition for the extension code - a logical name or a URL.",
        "comments": "The definition may point directly to a computable or human-readable definition of the extensibility codes, or it may be a logical URI as declared in some other specification. The definition should be version specific.  This will ideally be the URI for the Resource Profile defining the extension, with the code for the extension after a #.",
        "min": 1,
        "max": "1",
        "base": {
          "path": "Extension.url",
          "min": 1,
          "max": "1"
        },
        "type": [
          {
            "code": "uri"
          }
        ],
        "fixedUri": "http://fhir.org/guides/argonaut/StructureDefinition/argo-fromResource",
        "maxLength": 0,
        "mustSupport": false,
        "isModifier": false,
        "isSummary": false,
        "mapping": [
          {
            "identity": "rim",
            "map": "N/A"
          }
        ]
      },
      {
        "id": "Extension:fromresource.valueCode",
        "path": "Extension.valueCode",
        "name": "Extension:fromresource.valueCode",
        "short": "Value of extension",
        "definition": "Value of extension - may be a resource or one of a constrained set of the data types (see Extensibility in the spec for list).",
        "min": 0,
        "max": "1",
        "base": {
          "path": "Extension.value[x]",
          "min": 0,
          "max": "1"
        },
        "type": [
          {
            "code": "code"
          }
        ],
        "maxLength": 0,
        "mustSupport": false,
        "isModifier": false,
        "isSummary": false,
        "binding": {
          "strength": "required",
          "valueSetReference": {
            "reference": "http://hl7.org/fhir/ValueSet/resource-types"
          }
        },
        "mapping": [
          {
            "identity": "rim",
            "map": "N/A"
          }
        ]
      }
    ]
  },
  "differential": {
    "element": [
      {
        "id": "Extension:fromresource",
        "path": "Extension",
        "name": "fromResource",
        "short": "Profile-resource association extension",
        "definition": "Used in the Conformance resource to link profiles to the resources they are based upon for the purpose of describing profile specific capababilties such as specific search criteria or operations which are supported on a profile by profile bases.  It is a code that references a  resource listed in Conformance.rest.resource.  For more information on how the Conformance resource describes profiles on resources, see [Two uses of Profiles] (http://hl7.org/fhir/profiling.html#profile-uses).",
        "comments": "This is helpful for publishing the CapabilityResource narrative.",
        "min": 0,
        "max": "*",
        "type": [
          {
            "code": "Extension"
          }
        ],
        "maxLength": 0,
        "mustSupport": false,
        "isModifier": false,
        "isSummary": false,
        "mapping": [
          {
            "identity": "v2",
            "map": "No v2 equivalent"
          },
          {
            "identity": "rim",
            "map": "No RIM equivalent"
          }
        ]
      },
      {
        "id": "Extension:fromresource.url",
        "path": "Extension.url",
        "name": "Extension:fromresource.url",
        "min": 0,
        "fixedUri": "http://fhir.org/guides/argonaut/StructureDefinition/argo-fromResource",
        "maxLength": 0,
        "mustSupport": false,
        "isModifier": false,
        "isSummary": false
      },
      {
        "id": "Extension:fromresource.value[x]",
        "path": "Extension.value[x]",
        "name": "Extension:fromresource.value[x]",
        "min": 0,
        "type": [
          {
            "code": "code"
          }
        ],
        "maxLength": 0,
        "mustSupport": false,
        "isModifier": false,
        "isSummary": false,
        "binding": {
          "strength": "required",
          "valueSetReference": {
            "reference": "http://hl7.org/fhir/ValueSet/resource-types"
          }
        }
      }
    ]
  }
}