<?xml version="1.0" encoding="UTF-8"?>

<StructureDefinition xmlns="http://hl7.org/fhir">
  <id value="argo-immunization"/>
  <text>
    <status value="generated"/>
  </text>
  <url value="http://fhir.org/guides/argonaut/StructureDefinition/argo-immunization"/>
  <name value="Argonaut Immunization Profile"/>
  <status value="draft"/>
  <publisher value="Argonaut Project"/>
  <contact>
    <telecom>
      <system value="other"/>
      <value value="http://argonautwiki.hl7.org"/>
      <rank value="0"/>
    </telecom>
  </contact>
  <date value="2016-10-18T00:00:00+11:00"/>
  <fhirVersion value="1.0.2"/>
  <mapping>
    <identity value="v2"/>
    <uri value="http://hl7.org/v2"/>
    <name value="HL7 v2"/>
  </mapping>
  <mapping>
    <identity value="rim"/>
    <uri value="http://hl7.org/v3"/>
    <name value="RIM"/>
  </mapping>
  <mapping>
    <identity value="w5"/>
    <uri value="http://hl7.org/fhir/w5"/>
    <name value="W5 Mapping"/>
  </mapping>
  <mapping>
    <identity value="cda"/>
    <uri value="http://hl7.org/v3/cda"/>
    <name value="CDA (R2)"/>
  </mapping>
  <kind value="resource"/>
  <constrainedType value="Immunization"/>
  <abstract value="false"/>
  <base value="http://hl7.org/fhir/StructureDefinition/Immunization"/>
  <snapshot>
    <element id="Immunization:argoprofile">
      <path value="Immunization"/>
      <name value="argoprofile"/>
      <short value="Argonaut Immunization Profile"/>
      <definition value="Describes the event of a patient being administered a vaccination or a record of a vaccination as reported by a patient, a clinician or another party and may include vaccine reaction information and what vaccination protocol was followed."/>
      <min value="0"/>
      <max value="*"/>
      <base>
        <path value="Immunization"/>
        <min value="0"/>
        <max value="*"/>
      </base>
      <type>
        <code value="Immunization"/>
      </type>
      <maxLength value="0"/>
      <constraint>
        <key value="imm-2"/>
        <severity value="error"/>
        <human value="If immunization was administered (wasNotGiven=false) then explanation.reasonNotGiven SHALL be absent."/>
        <xpath value="not(f:wasNotGiven/@value=false() and exists(f:explanation/f:reasonNotGiven))"/>
      </constraint>
      <constraint>
        <key value="imm-1"/>
        <severity value="error"/>
        <human value="If immunization was not administred (wasNotGiven=true) then there SHALL be no reaction nor explanation.reason present"/>
        <xpath value="not(f:wasNotGiven/@value=true() and (count(f:reaction) &gt; 0 or exists(f:explanation/f:reason)))"/>
      </constraint>
      <mustSupport value="false"/>
      <isModifier value="false"/>
      <isSummary value="false"/>
      <mapping>
        <identity value="v2"/>
        <map value="VXU_V04"/>
      </mapping>
      <mapping>
        <identity value="rim"/>
        <map value="SubstanceAdministration"/>
      </mapping>
      <mapping>
        <identity value="w5"/>
        <map value="clinical.medication"/>
      </mapping>
    </element>
    <element id="Immunization:argoprofile.id">
      <path value="Immunization.id"/>
      <name value="Immunization:argoprofile.id"/>
      <short value="Logical id of this artifact"/>
      <definition value="The logical id of the resource, as used in the URL for the resource. Once assigned, this value never changes."/>
      <comments value="The only time that a resource does not have an id is when it is being submitted to the server using a create operation. Bundles always have an id, though it is usually a generated UUID."/>
      <min value="0"/>
      <max value="1"/>
      <base>
        <path value="Immunization.id"/>
        <min value="0"/>
        <max value="1"/>
      </base>
      <type>
        <code value="id"/>
      </type>
      <maxLength value="0"/>
      <mustSupport value="false"/>
      <isModifier value="false"/>
      <isSummary value="true"/>
    </element>
    <element id="Immunization:argoprofile.meta">
      <path value="Immunization.meta"/>
      <name value="Immunization:argoprofile.meta"/>
      <short value="Metadata about the resource"/>
      <definition value="The metadata about the resource. This is content that is maintained by the infrastructure. Changes to the content may not always be associated with version changes to the resource."/>
      <min value="0"/>
      <max value="1"/>
      <base>
        <path value="Immunization.meta"/>
        <min value="0"/>
        <max value="1"/>
      </base>
      <type>
        <code value="Meta"/>
      </type>
      <maxLength value="0"/>
      <mustSupport value="false"/>
      <isModifier value="false"/>
      <isSummary value="true"/>
    </element>
    <element id="Immunization:argoprofile.implicitRules">
      <path value="Immunization.implicitRules"/>
      <name value="Immunization:argoprofile.implicitRules"/>
      <short value="A set of rules under which this content was created"/>
      <definition value="A reference to a set of rules that were followed when the resource was constructed, and which must be understood when processing the content."/>
      <comments value="Asserting this rule set restricts the content to be only understood by a limited set of trading partners. This inherently limits the usefulness of the data in the long term. However, the existing health eco-system is highly fractured, and not yet ready to define, collect, and exchange data in a generally computable sense. Wherever possible, implementers and/or specification writers should avoid using this element as much as possible."/>
      <min value="0"/>
      <max value="1"/>
      <base>
        <path value="Immunization.implicitRules"/>
        <min value="0"/>
        <max value="1"/>
      </base>
      <type>
        <code value="uri"/>
      </type>
      <maxLength value="0"/>
      <mustSupport value="false"/>
      <isModifier value="true"/>
      <isSummary value="true"/>
    </element>
    <element id="Immunization:argoprofile.language">
      <path value="Immunization.language"/>
      <name value="Immunization:argoprofile.language"/>
      <short value="Language of the resource content"/>
      <definition value="The base language in which the resource is written."/>
      <comments value="Language is provided to support indexing and accessibility (typically, services such as text to speech use the language tag). The html language tag in the narrative applies  to the narrative. The language tag on the resource may be used to specify the language of other presentations generated from the data in the resource  Not all the content has to be in the base language. The Resource.language should not be assumed to apply to the narrative automatically. If a language is specified, it should it also be specified on the div element in the html (see rules in HTML5 for information about the relationship between xml:lang and the html lang attribute)."/>
      <min value="0"/>
      <max value="1"/>
      <base>
        <path value="Immunization.language"/>
        <min value="0"/>
        <max value="1"/>
      </base>
      <type>
        <code value="code"/>
      </type>
      <maxLength value="0"/>
      <mustSupport value="false"/>
      <isModifier value="false"/>
      <isSummary value="false"/>
      <binding>
        <strength value="required"/>
        <description value="A human language."/>
        <valueSetUri value="http://tools.ietf.org/html/bcp47"/>
      </binding>
    </element>
    <element id="Immunization:argoprofile.text">
      <path value="Immunization.text"/>
      <name value="Immunization:argoprofile.text"/>
      <short value="Text summary of the resource, for human interpretation"/>
      <definition value="A human-readable narrative that contains a summary of the resource, and may be used to represent the content of the resource to a human. The narrative need not encode all the structured data, but is required to contain sufficient detail to make it &quot;clinically safe&quot; for a human to just read the narrative. Resource definitions may define what content should be represented in the narrative to ensure clinical safety."/>
      <comments value="Contained resources do not have narrative. Resources that are not contained SHOULD have a narrative."/>
      <alias value="narrative"/>
      <alias value="html"/>
      <alias value="xhtml"/>
      <alias value="display"/>
      <min value="0"/>
      <max value="1"/>
      <base>
        <path value="Immunization.text"/>
        <min value="0"/>
        <max value="1"/>
      </base>
      <type>
        <code value="Narrative"/>
      </type>
      <maxLength value="0"/>
      <condition value="dom-1"/>
      <mustSupport value="false"/>
      <isModifier value="false"/>
      <isSummary value="false"/>
      <mapping>
        <identity value="rim"/>
        <map value="Act.text?"/>
      </mapping>
    </element>
    <element id="Immunization:argoprofile.contained">
      <path value="Immunization.contained"/>
      <name value="Immunization:argoprofile.contained"/>
      <short value="Contained, inline Resources"/>
      <definition value="These resources do not have an independent existence apart from the resource that contains them - they cannot be identified independently, and nor can they have their own independent transaction scope."/>
      <comments value="This should never be done when the content can be identified properly, as once identification is lost, it is extremely difficult (and context dependent) to restore it again."/>
      <alias value="inline resources"/>
      <alias value="anonymous resources"/>
      <alias value="contained resources"/>
      <min value="0"/>
      <max value="*"/>
      <base>
        <path value="Immunization.contained"/>
        <min value="0"/>
        <max value="*"/>
      </base>
      <type>
        <code value="Resource"/>
      </type>
      <maxLength value="0"/>
      <mustSupport value="false"/>
      <isModifier value="false"/>
      <isSummary value="false"/>
      <mapping>
        <identity value="rim"/>
        <map value="N/A"/>
      </mapping>
    </element>
    <element id="Immunization:argoprofile.extension">
      <path value="Immunization.extension"/>
      <name value="Immunization:argoprofile.extension"/>
      <short value="Additional Content defined by implementations"/>
      <definition value="May be used to represent additional information that is not part of the basic definition of the resource. In order to make the use of extensions safe and manageable, there is a strict set of governance  applied to the definition and use of extensions. Though any implementer is allowed to define an extension, there is a set of requirements that SHALL be met as part of the definition of the extension."/>
      <comments value="There can be no stigma associated with the use of extensions by any application, project, or standard - regardless of the institution or jurisdiction that uses or defines the extensions.  The use of extensions is what allows the FHIR specification to retain a core level of simplicity for everyone."/>
      <alias value="extensions"/>
      <alias value="user content"/>
      <min value="0"/>
      <max value="*"/>
      <base>
        <path value="Immunization.extension"/>
        <min value="0"/>
        <max value="*"/>
      </base>
      <type>
        <code value="Extension"/>
      </type>
      <maxLength value="0"/>
      <mustSupport value="false"/>
      <isModifier value="false"/>
      <isSummary value="false"/>
      <mapping>
        <identity value="rim"/>
        <map value="N/A"/>
      </mapping>
    </element>
    <element id="Immunization:argoprofile.modifierExtension">
      <path value="Immunization.modifierExtension"/>
      <name value="Immunization:argoprofile.modifierExtension"/>
      <short value="Extensions that cannot be ignored"/>
      <definition value="May be used to represent additional information that is not part of the basic definition of the resource, and that modifies the understanding of the element that contains it. Usually modifier elements provide negation or qualification. In order to make the use of extensions safe and manageable, there is a strict set of governance applied to the definition and use of extensions. Though any implementer is allowed to define an extension, there is a set of requirements that SHALL be met as part of the definition of the extension. Applications processing a resource are required to check for modifier extensions."/>
      <comments value="There can be no stigma associated with the use of extensions by any application, project, or standard - regardless of the institution or jurisdiction that uses or defines the extensions.  The use of extensions is what allows the FHIR specification to retain a core level of simplicity for everyone."/>
      <alias value="extensions"/>
      <alias value="user content"/>
      <min value="0"/>
      <max value="*"/>
      <base>
        <path value="Immunization.modifierExtension"/>
        <min value="0"/>
        <max value="*"/>
      </base>
      <type>
        <code value="Extension"/>
      </type>
      <maxLength value="0"/>
      <mustSupport value="false"/>
      <isModifier value="true"/>
      <isSummary value="false"/>
      <mapping>
        <identity value="rim"/>
        <map value="N/A"/>
      </mapping>
    </element>
    <element id="Immunization:argoprofile.identifier">
      <path value="Immunization.identifier"/>
      <name value="Immunization:argoprofile.identifier"/>
      <short value="Business identifier"/>
      <definition value="A unique identifier assigned to this immunization record."/>
      <min value="0"/>
      <max value="*"/>
      <base>
        <path value="Immunization.identifier"/>
        <min value="0"/>
        <max value="*"/>
      </base>
      <type>
        <code value="Identifier"/>
      </type>
      <maxLength value="0"/>
      <mustSupport value="false"/>
      <isModifier value="false"/>
      <isSummary value="false"/>
      <mapping>
        <identity value="cda"/>
        <map value="ClinicalDocument/component/StructuredBody/component/section/entry/substanceAdministration/id"/>
      </mapping>
      <mapping>
        <identity value="rim"/>
        <map value=".id"/>
      </mapping>
      <mapping>
        <identity value="w5"/>
        <map value="id"/>
      </mapping>
    </element>
    <element id="Immunization:argoprofile.status">
      <path value="Immunization.status"/>
      <name value="Immunization:argoprofile.status"/>
      <short value="in-progress | on-hold | completed | entered-in-error | stopped"/>
      <definition value="Indicates the current status of the vaccination event."/>
      <comments value="Will generally be set to show that the immunization has been completed."/>
      <min value="1"/>
      <max value="1"/>
      <base>
        <path value="Immunization.status"/>
        <min value="1"/>
        <max value="1"/>
      </base>
      <type>
        <code value="code"/>
      </type>
      <maxLength value="0"/>
      <mustSupport value="true"/>
      <isModifier value="true"/>
      <isSummary value="false"/>
      <binding>
        <strength value="required"/>
        <description value="Constrained list of immunizaiotn status"/>
        <valueSetReference>
          <reference value="http://fhir.org/guides/argonaut/ValueSet/vacc-status"/>
        </valueSetReference>
      </binding>
      <mapping>
        <identity value="rim"/>
        <map value="statusCode"/>
      </mapping>
      <mapping>
        <identity value="w5"/>
        <map value="status"/>
      </mapping>
    </element>
    <element id="Immunization:argoprofile.date">
      <path value="Immunization.date"/>
      <name value="Immunization:argoprofile.date"/>
      <short value="Vaccination administration date"/>
      <definition value="Date vaccine administered or was to be administered."/>
      <comments value="When immunizations are given a specific date and time should always be known.   When immunizations are patient reported, a specific date might not be known.  Although partial dates are allowed, an adult patient might not be able to recall the year a childhood immunization was given."/>
      <min value="1"/>
      <max value="1"/>
      <base>
        <path value="Immunization.date"/>
        <min value="0"/>
        <max value="1"/>
      </base>
      <type>
        <code value="dateTime"/>
      </type>
      <maxLength value="0"/>
      <mustSupport value="true"/>
      <isModifier value="false"/>
      <isSummary value="false"/>
      <mapping>
        <identity value="cda"/>
        <map value="ClinicalDocument/component/StructuredBody/component/section/entry/substanceAdministration/effectiveTime/value"/>
      </mapping>
      <mapping>
        <identity value="v2"/>
        <map value="RXA-3"/>
      </mapping>
      <mapping>
        <identity value="rim"/>
        <map value=".effectiveTime"/>
      </mapping>
      <mapping>
        <identity value="w5"/>
        <map value="when.init"/>
      </mapping>
    </element>
    <element id="Immunization:argoprofile.vaccineCode">
      <path value="Immunization.vaccineCode"/>
      <name value="Immunization:argoprofile.vaccineCode"/>
      <short value="Vaccine Product Type (bind to CVX)"/>
      <definition value="Vaccine that was administered or was to be administered."/>
      <min value="1"/>
      <max value="1"/>
      <base>
        <path value="Immunization.vaccineCode"/>
        <min value="1"/>
        <max value="1"/>
      </base>
      <type>
        <code value="CodeableConcept"/>
      </type>
      <maxLength value="0"/>
      <constraint>
        <extension url="http://hl7.org/fhir/StructureDefinition/structuredefinition-expression">
          <valueString value="coding.where(system=&#39;http://hl7.org/fhir/sid/ndc&#39;).empty()"/>
        </extension>
        <key value="arg-1"/>
        <severity value="warning"/>
        <human value="SHOULD have a translation to the to the NDC value set"/>
        <xpath value="not(exists(f:coding/f:system[@value=&#39;http://hl7.org/fhir/sid/ndc&#39;]))"/>
      </constraint>
      <mustSupport value="true"/>
      <isModifier value="false"/>
      <isSummary value="false"/>
      <binding>
        <extension url="http://hl7.org/fhir/StructureDefinition/elementdefinition-maxValueSet">
          <valueReference>
            <reference value="http://hl7.org/fhir/ValueSet/daf-cvx"/>
          </valueReference>
        </extension>
        <strength value="extensible"/>
        <description value="The CVX (vaccine administered) code system"/>
        <valueSetReference>
          <reference value="http://hl7.org/fhir/ValueSet/daf-cvx"/>
        </valueSetReference>
      </binding>
      <mapping>
        <identity value="cda"/>
        <map value="ClinicalDocument/component/StructuredBody/component/section/entry/substanceAdministration/consumable/manfacturedProduct/manufacturedMaterial/realmCode/code"/>
      </mapping>
      <mapping>
        <identity value="v2"/>
        <map value="RXA-5"/>
      </mapping>
      <mapping>
        <identity value="rim"/>
        <map value=".code"/>
      </mapping>
      <mapping>
        <identity value="w5"/>
        <map value="what"/>
      </mapping>
    </element>
    <element id="Immunization:argoprofile.patient">
      <path value="Immunization.patient"/>
      <name value="Immunization:argoprofile.patient"/>
      <short value="Who was immunized"/>
      <definition value="The patient who either received or did not receive the immunization."/>
      <alias value="Patient"/>
      <min value="1"/>
      <max value="1"/>
      <base>
        <path value="Immunization.patient"/>
        <min value="1"/>
        <max value="1"/>
      </base>
      <type>
        <code value="Reference"/>
        <profile value="http://fhir.org/guides/argonaut/StructureDefinition/argo-patient"/>
      </type>
      <maxLength value="0"/>
      <mustSupport value="true"/>
      <isModifier value="false"/>
      <isSummary value="false"/>
      <mapping>
        <identity value="v2"/>
        <map value="PID-3"/>
      </mapping>
      <mapping>
        <identity value="rim"/>
        <map value=".partipication[ttypeCode=].role"/>
      </mapping>
      <mapping>
        <identity value="w5"/>
        <map value="who.focus"/>
      </mapping>
    </element>
    <element id="Immunization:argoprofile.wasNotGiven">
      <path value="Immunization.wasNotGiven"/>
      <name value="Immunization:argoprofile.wasNotGiven"/>
      <short value="Flag for whether immunization was given"/>
      <definition value="Indicates if the vaccination was or was not given."/>
      <min value="1"/>
      <max value="1"/>
      <base>
        <path value="Immunization.wasNotGiven"/>
        <min value="1"/>
        <max value="1"/>
      </base>
      <type>
        <code value="boolean"/>
      </type>
      <maxLength value="0"/>
      <mustSupport value="true"/>
      <isModifier value="true"/>
      <isSummary value="false"/>
      <mapping>
        <identity value="rim"/>
        <map value="[actionNegationInd=true].reasonCode"/>
      </mapping>
      <mapping>
        <identity value="w5"/>
        <map value="status"/>
      </mapping>
    </element>
    <element id="Immunization:argoprofile.reported">
      <path value="Immunization.reported"/>
      <name value="Immunization:argoprofile.reported"/>
      <short value="Indicates a self-reported record"/>
      <definition value="True if this administration was reported rather than directly administered."/>
      <comments value="May need source of reported info (e.g. parent), but leave out for now."/>
      <min value="1"/>
      <max value="1"/>
      <base>
        <path value="Immunization.reported"/>
        <min value="1"/>
        <max value="1"/>
      </base>
      <type>
        <code value="boolean"/>
      </type>
      <maxLength value="0"/>
      <mustSupport value="true"/>
      <isModifier value="false"/>
      <isSummary value="false"/>
      <mapping>
        <identity value="v2"/>
        <map value="RXA-9"/>
      </mapping>
      <mapping>
        <identity value="rim"/>
        <map value=".participation[typeCode=INF].role[classCode=PAT] (this syntax for self-reported=true)"/>
      </mapping>
      <mapping>
        <identity value="w5"/>
        <map value="who.source"/>
      </mapping>
    </element>
    <element id="Immunization:argoprofile.performer">
      <path value="Immunization.performer"/>
      <name value="Immunization:argoprofile.performer"/>
      <short value="Who administered vaccine"/>
      <definition value="Clinician who administered the vaccine."/>
      <min value="0"/>
      <max value="1"/>
      <base>
        <path value="Immunization.performer"/>
        <min value="0"/>
        <max value="1"/>
      </base>
      <type>
        <code value="Reference"/>
        <profile value="http://hl7.org/fhir/StructureDefinition/Practitioner"/>
      </type>
      <maxLength value="0"/>
      <mustSupport value="false"/>
      <isModifier value="false"/>
      <isSummary value="false"/>
      <mapping>
        <identity value="cda"/>
        <map value="ClinicalDocument/component/StructuredBody/component/section/entry/substanceAdministration/performer/assignedEntity/assignedPerson/name"/>
      </mapping>
      <mapping>
        <identity value="v2"/>
        <map value="RXA-10"/>
      </mapping>
      <mapping>
        <identity value="rim"/>
        <map value=".participation[typeCode=PRF].COCT_MT090102UV"/>
      </mapping>
      <mapping>
        <identity value="w5"/>
        <map value="who.actor"/>
      </mapping>
    </element>
    <element id="Immunization:argoprofile.requester">
      <path value="Immunization.requester"/>
      <name value="Immunization:argoprofile.requester"/>
      <short value="Who ordered vaccination"/>
      <definition value="Clinician who ordered the vaccination."/>
      <comments value="Other participants - delegate to Provenance resource."/>
      <min value="0"/>
      <max value="1"/>
      <base>
        <path value="Immunization.requester"/>
        <min value="0"/>
        <max value="1"/>
      </base>
      <type>
        <code value="Reference"/>
        <profile value="http://hl7.org/fhir/StructureDefinition/Practitioner"/>
      </type>
      <maxLength value="0"/>
      <mustSupport value="false"/>
      <isModifier value="false"/>
      <isSummary value="false"/>
      <mapping>
        <identity value="v2"/>
        <map value="ORC-12"/>
      </mapping>
      <mapping>
        <identity value="rim"/>
        <map value="outboundRelationship.target[classCode=SBADM].participation[typeCode=AUT].COCT_MT090102UV"/>
      </mapping>
      <mapping>
        <identity value="w5"/>
        <map value="who.cause"/>
      </mapping>
    </element>
    <element id="Immunization:argoprofile.encounter">
      <path value="Immunization.encounter"/>
      <name value="Immunization:argoprofile.encounter"/>
      <short value="Encounter administered as part of"/>
      <definition value="The visit or admission or other contact between patient and health care provider the immunization was performed as part of."/>
      <min value="0"/>
      <max value="1"/>
      <base>
        <path value="Immunization.encounter"/>
        <min value="0"/>
        <max value="1"/>
      </base>
      <type>
        <code value="Reference"/>
        <profile value="http://hl7.org/fhir/StructureDefinition/Encounter"/>
      </type>
      <maxLength value="0"/>
      <mustSupport value="false"/>
      <isModifier value="false"/>
      <isSummary value="false"/>
      <mapping>
        <identity value="v2"/>
        <map value="PV1-19"/>
      </mapping>
      <mapping>
        <identity value="rim"/>
        <map value="component-&gt;EncounterEvent"/>
      </mapping>
      <mapping>
        <identity value="w5"/>
        <map value="context"/>
      </mapping>
    </element>
    <element id="Immunization:argoprofile.manufacturer">
      <path value="Immunization.manufacturer"/>
      <name value="Immunization:argoprofile.manufacturer"/>
      <short value="Vaccine manufacturer"/>
      <definition value="Name of vaccine manufacturer."/>
      <min value="0"/>
      <max value="1"/>
      <base>
        <path value="Immunization.manufacturer"/>
        <min value="0"/>
        <max value="1"/>
      </base>
      <type>
        <code value="Reference"/>
        <profile value="http://hl7.org/fhir/StructureDefinition/Organization"/>
      </type>
      <maxLength value="0"/>
      <mustSupport value="false"/>
      <isModifier value="false"/>
      <isSummary value="false"/>
      <mapping>
        <identity value="cda"/>
        <map value="ClinicalDocument/component/StructuredBody/component/section/entry/substanceAdministration/consumable/manfacturedProduct/manufacuturerOrganization/name"/>
      </mapping>
      <mapping>
        <identity value="v2"/>
        <map value="RXA-17"/>
      </mapping>
      <mapping>
        <identity value="rim"/>
        <map value=".participation[typeCode=CSM].role[classCode=INST].scopedRole.scoper[classCode=ORG]"/>
      </mapping>
    </element>
    <element id="Immunization:argoprofile.location">
      <path value="Immunization.location"/>
      <name value="Immunization:argoprofile.location"/>
      <short value="Where vaccination occurred"/>
      <definition value="The service delivery location where the vaccine administration occurred."/>
      <min value="0"/>
      <max value="1"/>
      <base>
        <path value="Immunization.location"/>
        <min value="0"/>
        <max value="1"/>
      </base>
      <type>
        <code value="Reference"/>
        <profile value="http://hl7.org/fhir/StructureDefinition/Location"/>
      </type>
      <maxLength value="0"/>
      <mustSupport value="false"/>
      <isModifier value="false"/>
      <isSummary value="false"/>
      <mapping>
        <identity value="v2"/>
        <map value="RXA-27  (or RXA-11, deprecated as of v2.7)"/>
      </mapping>
      <mapping>
        <identity value="rim"/>
        <map value=".participation[typeCode=LOC].COCT_MT240000UV"/>
      </mapping>
      <mapping>
        <identity value="w5"/>
        <map value="where"/>
      </mapping>
    </element>
    <element id="Immunization:argoprofile.lotNumber">
      <path value="Immunization.lotNumber"/>
      <name value="Immunization:argoprofile.lotNumber"/>
      <short value="Vaccine lot number"/>
      <definition value="Lot number of the  vaccine product."/>
      <min value="0"/>
      <max value="1"/>
      <base>
        <path value="Immunization.lotNumber"/>
        <min value="0"/>
        <max value="1"/>
      </base>
      <type>
        <code value="string"/>
      </type>
      <maxLength value="0"/>
      <mustSupport value="false"/>
      <isModifier value="false"/>
      <isSummary value="false"/>
      <mapping>
        <identity value="cda"/>
        <map value="ClinicalDocument/component/StructuredBody/component/section/entry/substanceAdministration/consumable/manfacturedProduct/manufacturedMaterial/lotNumberText"/>
      </mapping>
      <mapping>
        <identity value="v2"/>
        <map value="RXA-15"/>
      </mapping>
      <mapping>
        <identity value="rim"/>
        <map value=".participation[typeCode=CSM].role[classCode=INST].scopedRole.scoper[classCode=MMAT].id"/>
      </mapping>
    </element>
    <element id="Immunization:argoprofile.expirationDate">
      <path value="Immunization.expirationDate"/>
      <name value="Immunization:argoprofile.expirationDate"/>
      <short value="Vaccine expiration date"/>
      <definition value="Date vaccine batch expires."/>
      <min value="0"/>
      <max value="1"/>
      <base>
        <path value="Immunization.expirationDate"/>
        <min value="0"/>
        <max value="1"/>
      </base>
      <type>
        <code value="date"/>
      </type>
      <maxLength value="0"/>
      <mustSupport value="false"/>
      <isModifier value="false"/>
      <isSummary value="false"/>
      <mapping>
        <identity value="v2"/>
        <map value="RXA-16"/>
      </mapping>
      <mapping>
        <identity value="rim"/>
        <map value=".participation[typeCode=CSM].role[classCode=INST].scopedRole.scoper[classCode=MMAT].expirationTime"/>
      </mapping>
    </element>
    <element id="Immunization:argoprofile.site">
      <path value="Immunization.site"/>
      <name value="Immunization:argoprofile.site"/>
      <short value="Body site vaccine  was administered"/>
      <definition value="Body site where vaccine was administered."/>
      <min value="0"/>
      <max value="1"/>
      <base>
        <path value="Immunization.site"/>
        <min value="0"/>
        <max value="1"/>
      </base>
      <type>
        <code value="CodeableConcept"/>
      </type>
      <maxLength value="0"/>
      <mustSupport value="false"/>
      <isModifier value="false"/>
      <isSummary value="false"/>
      <binding>
        <strength value="example"/>
        <description value="The site at which the vaccine was administered"/>
        <valueSetReference>
          <reference value="http://hl7.org/fhir/ValueSet/immunization-site"/>
        </valueSetReference>
      </binding>
      <mapping>
        <identity value="cda"/>
        <map value="ClinicalDocument/component/StructuredBody/component/section/entry/substanceAdministration/approachSiteCode/code"/>
      </mapping>
      <mapping>
        <identity value="v2"/>
        <map value="RXR-2"/>
      </mapping>
      <mapping>
        <identity value="rim"/>
        <map value="observation.targetSiteCode"/>
      </mapping>
    </element>
    <element id="Immunization:argoprofile.route">
      <path value="Immunization.route"/>
      <name value="Immunization:argoprofile.route"/>
      <short value="How vaccine entered body"/>
      <definition value="The path by which the vaccine product is taken into the body."/>
      <min value="0"/>
      <max value="1"/>
      <base>
        <path value="Immunization.route"/>
        <min value="0"/>
        <max value="1"/>
      </base>
      <type>
        <code value="CodeableConcept"/>
      </type>
      <maxLength value="0"/>
      <mustSupport value="false"/>
      <isModifier value="false"/>
      <isSummary value="false"/>
      <binding>
        <strength value="example"/>
        <description value="The route by which the vaccine was administered"/>
        <valueSetReference>
          <reference value="http://hl7.org/fhir/ValueSet/immunization-route"/>
        </valueSetReference>
      </binding>
      <mapping>
        <identity value="cda"/>
        <map value="ClinicalDocument/component/StructuredBody/component/section/entry/substanceAdministration/routeCode/code"/>
      </mapping>
      <mapping>
        <identity value="v2"/>
        <map value="RXR-1"/>
      </mapping>
      <mapping>
        <identity value="rim"/>
        <map value=".routeCode"/>
      </mapping>
    </element>
    <element id="Immunization:argoprofile.doseQuantity">
      <path value="Immunization.doseQuantity"/>
      <name value="Immunization:argoprofile.doseQuantity"/>
      <short value="Amount of vaccine administered"/>
      <definition value="The quantity of vaccine product that was administered."/>
      <min value="0"/>
      <max value="1"/>
      <base>
        <path value="Immunization.doseQuantity"/>
        <min value="0"/>
        <max value="1"/>
      </base>
      <type>
        <code value="Quantity"/>
        <profile value="http://hl7.org/fhir/StructureDefinition/SimpleQuantity"/>
      </type>
      <maxLength value="0"/>
      <mustSupport value="false"/>
      <isModifier value="false"/>
      <isSummary value="false"/>
      <mapping>
        <identity value="v2"/>
        <map value="RXA-6 / RXA-7.1"/>
      </mapping>
      <mapping>
        <identity value="rim"/>
        <map value=".doseQuantity"/>
      </mapping>
    </element>
    <element id="Immunization:argoprofile.note">
      <path value="Immunization.note"/>
      <name value="Immunization:argoprofile.note"/>
      <short value="Vaccination notes"/>
      <definition value="Extra information about the immunization that is not conveyed by the other attributes."/>
      <min value="0"/>
      <max value="*"/>
      <base>
        <path value="Immunization.note"/>
        <min value="0"/>
        <max value="*"/>
      </base>
      <type>
        <code value="Annotation"/>
      </type>
      <maxLength value="0"/>
      <mustSupport value="false"/>
      <isModifier value="false"/>
      <isSummary value="true"/>
      <mapping>
        <identity value="rim"/>
        <map value="note"/>
      </mapping>
    </element>
    <element id="Immunization:argoprofile.explanation">
      <path value="Immunization.explanation"/>
      <name value="Immunization:argoprofile.explanation"/>
      <short value="Administration/non-administration reasons"/>
      <definition value="Reasons why a vaccine was or was not administered."/>
      <min value="0"/>
      <max value="1"/>
      <base>
        <path value="Immunization.explanation"/>
        <min value="0"/>
        <max value="1"/>
      </base>
      <type>
        <code value="BackboneElement"/>
      </type>
      <maxLength value="0"/>
      <mustSupport value="false"/>
      <isModifier value="false"/>
      <isSummary value="false"/>
      <mapping>
        <identity value="rim"/>
        <map value="n/a"/>
      </mapping>
    </element>
    <element id="Immunization:argoprofile.explanation.id">
      <path value="Immunization.explanation.id"/>
      <representation value="xmlAttr"/>
      <name value="Immunization:argoprofile.explanation.id"/>
      <short value="xml:id (or equivalent in JSON)"/>
      <definition value="unique id for the element within a resource (for internal references)."/>
      <min value="0"/>
      <max value="1"/>
      <base>
        <path value="Immunization.explanation.id"/>
        <min value="0"/>
        <max value="1"/>
      </base>
      <type>
        <code value="id"/>
      </type>
      <maxLength value="0"/>
      <mustSupport value="false"/>
      <isModifier value="false"/>
      <isSummary value="false"/>
      <mapping>
        <identity value="rim"/>
        <map value="n/a"/>
      </mapping>
    </element>
    <element id="Immunization:argoprofile.explanation.extension">
      <path value="Immunization.explanation.extension"/>
      <name value="Immunization:argoprofile.explanation.extension"/>
      <short value="Additional Content defined by implementations"/>
      <definition value="May be used to represent additional information that is not part of the basic definition of the element. In order to make the use of extensions safe and manageable, there is a strict set of governance  applied to the definition and use of extensions. Though any implementer is allowed to define an extension, there is a set of requirements that SHALL be met as part of the definition of the extension."/>
      <comments value="There can be no stigma associated with the use of extensions by any application, project, or standard - regardless of the institution or jurisdiction that uses or defines the extensions.  The use of extensions is what allows the FHIR specification to retain a core level of simplicity for everyone."/>
      <alias value="extensions"/>
      <alias value="user content"/>
      <min value="0"/>
      <max value="*"/>
      <base>
        <path value="Immunization.explanation.extension"/>
        <min value="0"/>
        <max value="*"/>
      </base>
      <type>
        <code value="Extension"/>
      </type>
      <maxLength value="0"/>
      <mustSupport value="false"/>
      <isModifier value="false"/>
      <isSummary value="false"/>
      <mapping>
        <identity value="rim"/>
        <map value="n/a"/>
      </mapping>
    </element>
    <element id="Immunization:argoprofile.explanation.modifierExtension">
      <path value="Immunization.explanation.modifierExtension"/>
      <name value="Immunization:argoprofile.explanation.modifierExtension"/>
      <short value="Extensions that cannot be ignored"/>
      <definition value="May be used to represent additional information that is not part of the basic definition of the element, and that modifies the understanding of the element that contains it. Usually modifier elements provide negation or qualification. In order to make the use of extensions safe and manageable, there is a strict set of governance applied to the definition and use of extensions. Though any implementer is allowed to define an extension, there is a set of requirements that SHALL be met as part of the definition of the extension. Applications processing a resource are required to check for modifier extensions."/>
      <comments value="There can be no stigma associated with the use of extensions by any application, project, or standard - regardless of the institution or jurisdiction that uses or defines the extensions.  The use of extensions is what allows the FHIR specification to retain a core level of simplicity for everyone."/>
      <alias value="extensions"/>
      <alias value="user content"/>
      <alias value="modifiers"/>
      <min value="0"/>
      <max value="*"/>
      <base>
        <path value="Immunization.explanation.modifierExtension"/>
        <min value="0"/>
        <max value="*"/>
      </base>
      <type>
        <code value="Extension"/>
      </type>
      <maxLength value="0"/>
      <mustSupport value="false"/>
      <isModifier value="true"/>
      <isSummary value="false"/>
      <mapping>
        <identity value="rim"/>
        <map value="N/A"/>
      </mapping>
    </element>
    <element id="Immunization:argoprofile.explanation.reason">
      <path value="Immunization.explanation.reason"/>
      <name value="Immunization:argoprofile.explanation.reason"/>
      <short value="Why immunization occurred"/>
      <definition value="Reasons why a vaccine was administered."/>
      <min value="0"/>
      <max value="*"/>
      <base>
        <path value="Immunization.explanation.reason"/>
        <min value="0"/>
        <max value="*"/>
      </base>
      <type>
        <code value="CodeableConcept"/>
      </type>
      <maxLength value="0"/>
      <mustSupport value="false"/>
      <isModifier value="false"/>
      <isSummary value="false"/>
      <binding>
        <strength value="example"/>
        <description value="The reason why a vaccine was administered"/>
        <valueSetReference>
          <reference value="http://hl7.org/fhir/ValueSet/immunization-reason"/>
        </valueSetReference>
      </binding>
      <mapping>
        <identity value="rim"/>
        <map value="[actionNegationInd=false].reasonCode"/>
      </mapping>
    </element>
    <element id="Immunization:argoprofile.explanation.reasonNotGiven">
      <path value="Immunization.explanation.reasonNotGiven"/>
      <name value="Immunization:argoprofile.explanation.reasonNotGiven"/>
      <short value="Why immunization did not occur"/>
      <definition value="Reason why a vaccine was not administered."/>
      <min value="0"/>
      <max value="*"/>
      <base>
        <path value="Immunization.explanation.reasonNotGiven"/>
        <min value="0"/>
        <max value="*"/>
      </base>
      <type>
        <code value="CodeableConcept"/>
      </type>
      <maxLength value="0"/>
      <mustSupport value="false"/>
      <isModifier value="false"/>
      <isSummary value="false"/>
      <binding>
        <strength value="example"/>
        <description value="The reason why a vaccine was not administered"/>
        <valueSetReference>
          <reference value="http://hl7.org/fhir/ValueSet/no-immunization-reason"/>
        </valueSetReference>
      </binding>
      <mapping>
        <identity value="v2"/>
        <map value="RXA-18"/>
      </mapping>
      <mapping>
        <identity value="rim"/>
        <map value="[actionNegationInd=true].reasonCode"/>
      </mapping>
    </element>
    <element id="Immunization:argoprofile.reaction">
      <path value="Immunization.reaction"/>
      <name value="Immunization:argoprofile.reaction"/>
      <short value="Details of a reaction that follows immunization"/>
      <definition value="Categorical data indicating that an adverse event is associated in time to an immunization."/>
      <comments value="A reaction may be an indication of an allergy or intolerance and, if this is determined to be the case,  it should be recorded as a new [[[AllergyIntolerance]]] resource instance as most systems will not query against  past Immunization.reaction elements."/>
      <min value="0"/>
      <max value="*"/>
      <base>
        <path value="Immunization.reaction"/>
        <min value="0"/>
        <max value="*"/>
      </base>
      <type>
        <code value="BackboneElement"/>
      </type>
      <maxLength value="0"/>
      <mustSupport value="false"/>
      <isModifier value="false"/>
      <isSummary value="false"/>
      <mapping>
        <identity value="v2"/>
        <map value="OBX-3"/>
      </mapping>
      <mapping>
        <identity value="rim"/>
        <map value="Observation[classCode=obs].code"/>
      </mapping>
    </element>
    <element id="Immunization:argoprofile.reaction.id">
      <path value="Immunization.reaction.id"/>
      <representation value="xmlAttr"/>
      <name value="Immunization:argoprofile.reaction.id"/>
      <short value="xml:id (or equivalent in JSON)"/>
      <definition value="unique id for the element within a resource (for internal references)."/>
      <min value="0"/>
      <max value="1"/>
      <base>
        <path value="Immunization.reaction.id"/>
        <min value="0"/>
        <max value="1"/>
      </base>
      <type>
        <code value="id"/>
      </type>
      <maxLength value="0"/>
      <mustSupport value="false"/>
      <isModifier value="false"/>
      <isSummary value="false"/>
      <mapping>
        <identity value="rim"/>
        <map value="n/a"/>
      </mapping>
    </element>
    <element id="Immunization:argoprofile.reaction.extension">
      <path value="Immunization.reaction.extension"/>
      <name value="Immunization:argoprofile.reaction.extension"/>
      <short value="Additional Content defined by implementations"/>
      <definition value="May be used to represent additional information that is not part of the basic definition of the element. In order to make the use of extensions safe and manageable, there is a strict set of governance  applied to the definition and use of extensions. Though any implementer is allowed to define an extension, there is a set of requirements that SHALL be met as part of the definition of the extension."/>
      <comments value="There can be no stigma associated with the use of extensions by any application, project, or standard - regardless of the institution or jurisdiction that uses or defines the extensions.  The use of extensions is what allows the FHIR specification to retain a core level of simplicity for everyone."/>
      <alias value="extensions"/>
      <alias value="user content"/>
      <min value="0"/>
      <max value="*"/>
      <base>
        <path value="Immunization.reaction.extension"/>
        <min value="0"/>
        <max value="*"/>
      </base>
      <type>
        <code value="Extension"/>
      </type>
      <maxLength value="0"/>
      <mustSupport value="false"/>
      <isModifier value="false"/>
      <isSummary value="false"/>
      <mapping>
        <identity value="rim"/>
        <map value="n/a"/>
      </mapping>
    </element>
    <element id="Immunization:argoprofile.reaction.modifierExtension">
      <path value="Immunization.reaction.modifierExtension"/>
      <name value="Immunization:argoprofile.reaction.modifierExtension"/>
      <short value="Extensions that cannot be ignored"/>
      <definition value="May be used to represent additional information that is not part of the basic definition of the element, and that modifies the understanding of the element that contains it. Usually modifier elements provide negation or qualification. In order to make the use of extensions safe and manageable, there is a strict set of governance applied to the definition and use of extensions. Though any implementer is allowed to define an extension, there is a set of requirements that SHALL be met as part of the definition of the extension. Applications processing a resource are required to check for modifier extensions."/>
      <comments value="There can be no stigma associated with the use of extensions by any application, project, or standard - regardless of the institution or jurisdiction that uses or defines the extensions.  The use of extensions is what allows the FHIR specification to retain a core level of simplicity for everyone."/>
      <alias value="extensions"/>
      <alias value="user content"/>
      <alias value="modifiers"/>
      <min value="0"/>
      <max value="*"/>
      <base>
        <path value="Immunization.reaction.modifierExtension"/>
        <min value="0"/>
        <max value="*"/>
      </base>
      <type>
        <code value="Extension"/>
      </type>
      <maxLength value="0"/>
      <mustSupport value="false"/>
      <isModifier value="true"/>
      <isSummary value="false"/>
      <mapping>
        <identity value="rim"/>
        <map value="N/A"/>
      </mapping>
    </element>
    <element id="Immunization:argoprofile.reaction.date">
      <path value="Immunization.reaction.date"/>
      <name value="Immunization:argoprofile.reaction.date"/>
      <short value="When reaction started"/>
      <definition value="Date of reaction to the immunization."/>
      <min value="0"/>
      <max value="1"/>
      <base>
        <path value="Immunization.reaction.date"/>
        <min value="0"/>
        <max value="1"/>
      </base>
      <type>
        <code value="dateTime"/>
      </type>
      <maxLength value="0"/>
      <mustSupport value="false"/>
      <isModifier value="false"/>
      <isSummary value="false"/>
      <mapping>
        <identity value="v2"/>
        <map value="OBX-14 (ideally this would be reported in an IAM segment, but IAM is not part of the HL7 v2 VXU message - most likely would appear in OBX segments if at all)"/>
      </mapping>
      <mapping>
        <identity value="rim"/>
        <map value=".effectiveTime"/>
      </mapping>
    </element>
    <element id="Immunization:argoprofile.reaction.detail">
      <path value="Immunization.reaction.detail"/>
      <name value="Immunization:argoprofile.reaction.detail"/>
      <short value="Additional information on reaction"/>
      <definition value="Details of the reaction."/>
      <min value="0"/>
      <max value="1"/>
      <base>
        <path value="Immunization.reaction.detail"/>
        <min value="0"/>
        <max value="1"/>
      </base>
      <type>
        <code value="Reference"/>
        <profile value="http://hl7.org/fhir/StructureDefinition/Observation"/>
      </type>
      <maxLength value="0"/>
      <mustSupport value="false"/>
      <isModifier value="false"/>
      <isSummary value="false"/>
      <mapping>
        <identity value="v2"/>
        <map value="OBX-5"/>
      </mapping>
      <mapping>
        <identity value="rim"/>
        <map value=".value"/>
      </mapping>
    </element>
    <element id="Immunization:argoprofile.reaction.reported">
      <path value="Immunization.reaction.reported"/>
      <name value="Immunization:argoprofile.reaction.reported"/>
      <short value="Indicates self-reported reaction"/>
      <definition value="Self-reported indicator."/>
      <min value="0"/>
      <max value="1"/>
      <base>
        <path value="Immunization.reaction.reported"/>
        <min value="0"/>
        <max value="1"/>
      </base>
      <type>
        <code value="boolean"/>
      </type>
      <maxLength value="0"/>
      <mustSupport value="false"/>
      <isModifier value="false"/>
      <isSummary value="false"/>
      <mapping>
        <identity value="v2"/>
        <map value="(no such concept seems to exist for allergy/adverse reaction in HL7 v2)"/>
      </mapping>
      <mapping>
        <identity value="rim"/>
        <map value=".participation[typeCode=INF].role[classCode=PAT] (this syntax for self-reported=true)"/>
      </mapping>
    </element>
    <element id="Immunization:argoprofile.vaccinationProtocol">
      <path value="Immunization.vaccinationProtocol"/>
      <name value="Immunization:argoprofile.vaccinationProtocol"/>
      <short value="What protocol was followed"/>
      <definition value="Contains information about the protocol(s) under which the vaccine was administered."/>
      <min value="0"/>
      <max value="*"/>
      <base>
        <path value="Immunization.vaccinationProtocol"/>
        <min value="0"/>
        <max value="*"/>
      </base>
      <type>
        <code value="BackboneElement"/>
      </type>
      <maxLength value="0"/>
      <mustSupport value="false"/>
      <isModifier value="false"/>
      <isSummary value="false"/>
      <mapping>
        <identity value="v2"/>
        <map value="(HL7 v2 doesn&#39;t seem to provide for this)"/>
      </mapping>
      <mapping>
        <identity value="rim"/>
        <map value="outboundRelationship[typeCode=INST].target[classCode=SBADM]"/>
      </mapping>
    </element>
    <element id="Immunization:argoprofile.vaccinationProtocol.id">
      <path value="Immunization.vaccinationProtocol.id"/>
      <representation value="xmlAttr"/>
      <name value="Immunization:argoprofile.vaccinationProtocol.id"/>
      <short value="xml:id (or equivalent in JSON)"/>
      <definition value="unique id for the element within a resource (for internal references)."/>
      <min value="0"/>
      <max value="1"/>
      <base>
        <path value="Immunization.vaccinationProtocol.id"/>
        <min value="0"/>
        <max value="1"/>
      </base>
      <type>
        <code value="id"/>
      </type>
      <maxLength value="0"/>
      <mustSupport value="false"/>
      <isModifier value="false"/>
      <isSummary value="false"/>
      <mapping>
        <identity value="rim"/>
        <map value="n/a"/>
      </mapping>
    </element>
    <element id="Immunization:argoprofile.vaccinationProtocol.extension">
      <path value="Immunization.vaccinationProtocol.extension"/>
      <name value="Immunization:argoprofile.vaccinationProtocol.extension"/>
      <short value="Additional Content defined by implementations"/>
      <definition value="May be used to represent additional information that is not part of the basic definition of the element. In order to make the use of extensions safe and manageable, there is a strict set of governance  applied to the definition and use of extensions. Though any implementer is allowed to define an extension, there is a set of requirements that SHALL be met as part of the definition of the extension."/>
      <comments value="There can be no stigma associated with the use of extensions by any application, project, or standard - regardless of the institution or jurisdiction that uses or defines the extensions.  The use of extensions is what allows the FHIR specification to retain a core level of simplicity for everyone."/>
      <alias value="extensions"/>
      <alias value="user content"/>
      <min value="0"/>
      <max value="*"/>
      <base>
        <path value="Immunization.vaccinationProtocol.extension"/>
        <min value="0"/>
        <max value="*"/>
      </base>
      <type>
        <code value="Extension"/>
      </type>
      <maxLength value="0"/>
      <mustSupport value="false"/>
      <isModifier value="false"/>
      <isSummary value="false"/>
      <mapping>
        <identity value="rim"/>
        <map value="n/a"/>
      </mapping>
    </element>
    <element id="Immunization:argoprofile.vaccinationProtocol.modifierExtension">
      <path value="Immunization.vaccinationProtocol.modifierExtension"/>
      <name value="Immunization:argoprofile.vaccinationProtocol.modifierExtension"/>
      <short value="Extensions that cannot be ignored"/>
      <definition value="May be used to represent additional information that is not part of the basic definition of the element, and that modifies the understanding of the element that contains it. Usually modifier elements provide negation or qualification. In order to make the use of extensions safe and manageable, there is a strict set of governance applied to the definition and use of extensions. Though any implementer is allowed to define an extension, there is a set of requirements that SHALL be met as part of the definition of the extension. Applications processing a resource are required to check for modifier extensions."/>
      <comments value="There can be no stigma associated with the use of extensions by any application, project, or standard - regardless of the institution or jurisdiction that uses or defines the extensions.  The use of extensions is what allows the FHIR specification to retain a core level of simplicity for everyone."/>
      <alias value="extensions"/>
      <alias value="user content"/>
      <alias value="modifiers"/>
      <min value="0"/>
      <max value="*"/>
      <base>
        <path value="Immunization.vaccinationProtocol.modifierExtension"/>
        <min value="0"/>
        <max value="*"/>
      </base>
      <type>
        <code value="Extension"/>
      </type>
      <maxLength value="0"/>
      <mustSupport value="false"/>
      <isModifier value="true"/>
      <isSummary value="false"/>
      <mapping>
        <identity value="rim"/>
        <map value="N/A"/>
      </mapping>
    </element>
    <element id="Immunization:argoprofile.vaccinationProtocol.doseSequence">
      <path value="Immunization.vaccinationProtocol.doseSequence"/>
      <name value="Immunization:argoprofile.vaccinationProtocol.doseSequence"/>
      <short value="Dose number within series"/>
      <definition value="Nominal position in a series."/>
      <min value="1"/>
      <max value="1"/>
      <base>
        <path value="Immunization.vaccinationProtocol.doseSequence"/>
        <min value="1"/>
        <max value="1"/>
      </base>
      <type>
        <code value="positiveInt"/>
      </type>
      <maxLength value="0"/>
      <mustSupport value="false"/>
      <isModifier value="false"/>
      <isSummary value="false"/>
      <mapping>
        <identity value="rim"/>
        <map value="outboundRelationship[typeCode=INST].target[classCode=SBADM].inboundRelationship[typeCode=COMP].sequenceNumber"/>
      </mapping>
    </element>
    <element id="Immunization:argoprofile.vaccinationProtocol.description">
      <path value="Immunization.vaccinationProtocol.description"/>
      <name value="Immunization:argoprofile.vaccinationProtocol.description"/>
      <short value="Details of vaccine protocol"/>
      <definition value="Contains the description about the protocol under which the vaccine was administered."/>
      <min value="0"/>
      <max value="1"/>
      <base>
        <path value="Immunization.vaccinationProtocol.description"/>
        <min value="0"/>
        <max value="1"/>
      </base>
      <type>
        <code value="string"/>
      </type>
      <maxLength value="0"/>
      <mustSupport value="false"/>
      <isModifier value="false"/>
      <isSummary value="false"/>
      <mapping>
        <identity value="rim"/>
        <map value="outboundRelationship[typeCode=INST].target[classCode=SBADM].inboundRelationship[typeCode=COMP].source[classCode=SBADM].text"/>
      </mapping>
    </element>
    <element id="Immunization:argoprofile.vaccinationProtocol.authority">
      <path value="Immunization.vaccinationProtocol.authority"/>
      <name value="Immunization:argoprofile.vaccinationProtocol.authority"/>
      <short value="Who is responsible for protocol"/>
      <definition value="Indicates the authority who published the protocol.  E.g. ACIP."/>
      <min value="0"/>
      <max value="1"/>
      <base>
        <path value="Immunization.vaccinationProtocol.authority"/>
        <min value="0"/>
        <max value="1"/>
      </base>
      <type>
        <code value="Reference"/>
        <profile value="http://hl7.org/fhir/StructureDefinition/Organization"/>
      </type>
      <maxLength value="0"/>
      <mustSupport value="false"/>
      <isModifier value="false"/>
      <isSummary value="false"/>
      <mapping>
        <identity value="rim"/>
        <map value="outboundRelationship[typeCode=INST].target[classCode=SBADM].inboundRelationship[typeCode=COMP].source[classCode=SBADM].participation[typeCode=AUT].COCT_MT090200UV"/>
      </mapping>
    </element>
    <element id="Immunization:argoprofile.vaccinationProtocol.series">
      <path value="Immunization.vaccinationProtocol.series"/>
      <name value="Immunization:argoprofile.vaccinationProtocol.series"/>
      <short value="Name of vaccine series"/>
      <definition value="One possible path to achieve presumed immunity against a disease - within the context of an authority."/>
      <min value="0"/>
      <max value="1"/>
      <base>
        <path value="Immunization.vaccinationProtocol.series"/>
        <min value="0"/>
        <max value="1"/>
      </base>
      <type>
        <code value="string"/>
      </type>
      <maxLength value="0"/>
      <mustSupport value="false"/>
      <isModifier value="false"/>
      <isSummary value="false"/>
      <mapping>
        <identity value="rim"/>
        <map value="outboundRelationship[typeCode=INST].target[classCode=SBADM]"/>
      </mapping>
    </element>
    <element id="Immunization:argoprofile.vaccinationProtocol.seriesDoses">
      <path value="Immunization.vaccinationProtocol.seriesDoses"/>
      <name value="Immunization:argoprofile.vaccinationProtocol.seriesDoses"/>
      <short value="Recommended number of doses for immunity"/>
      <definition value="The recommended number of doses to achieve immunity."/>
      <min value="0"/>
      <max value="1"/>
      <base>
        <path value="Immunization.vaccinationProtocol.seriesDoses"/>
        <min value="0"/>
        <max value="1"/>
      </base>
      <type>
        <code value="positiveInt"/>
      </type>
      <maxLength value="0"/>
      <mustSupport value="false"/>
      <isModifier value="false"/>
      <isSummary value="false"/>
      <mapping>
        <identity value="rim"/>
        <map value="outboundRelationship[typeCode=INST].target[classCode=SBADM].inboundRelationship[typeCode=COMP].source[classCode=SBADM].text"/>
      </mapping>
    </element>
    <element id="Immunization:argoprofile.vaccinationProtocol.targetDisease">
      <path value="Immunization.vaccinationProtocol.targetDisease"/>
      <name value="Immunization:argoprofile.vaccinationProtocol.targetDisease"/>
      <short value="Disease immunized against"/>
      <definition value="The targeted disease."/>
      <min value="1"/>
      <max value="*"/>
      <base>
        <path value="Immunization.vaccinationProtocol.targetDisease"/>
        <min value="1"/>
        <max value="*"/>
      </base>
      <type>
        <code value="CodeableConcept"/>
      </type>
      <maxLength value="0"/>
      <mustSupport value="false"/>
      <isModifier value="false"/>
      <isSummary value="false"/>
      <binding>
        <strength value="example"/>
        <description value="The disease target of the vaccination protocol"/>
        <valueSetReference>
          <reference value="http://hl7.org/fhir/ValueSet/vaccination-protocol-dose-target"/>
        </valueSetReference>
      </binding>
      <mapping>
        <identity value="rim"/>
        <map value="outboundRelationship.target[classCode=OBS].code"/>
      </mapping>
    </element>
    <element id="Immunization:argoprofile.vaccinationProtocol.doseStatus">
      <path value="Immunization.vaccinationProtocol.doseStatus"/>
      <name value="Immunization:argoprofile.vaccinationProtocol.doseStatus"/>
      <short value="Indicates if dose counts towards immunity"/>
      <definition value="Indicates if the immunization event should &quot;count&quot; against  the protocol."/>
      <comments value="May need to differentiate between status declarations by a provider vs. a CDS engine."/>
      <min value="1"/>
      <max value="1"/>
      <base>
        <path value="Immunization.vaccinationProtocol.doseStatus"/>
        <min value="1"/>
        <max value="1"/>
      </base>
      <type>
        <code value="CodeableConcept"/>
      </type>
      <maxLength value="0"/>
      <mustSupport value="false"/>
      <isModifier value="false"/>
      <isSummary value="false"/>
      <binding>
        <strength value="example"/>
        <description value="The status of the vaccination protocol (i.e. should this count)"/>
        <valueSetReference>
          <reference value="http://hl7.org/fhir/ValueSet/vaccination-protocol-dose-status"/>
        </valueSetReference>
      </binding>
      <mapping>
        <identity value="rim"/>
        <map value=".participation[typeCode=CSM].role[classCode=INST].scopedRole.scoper[classCode=MMAT].playedRole[classCode=INGR].scopedRole.scoper[classCode=MMAT].playedRole[classCode=HLTHCHRT].participation[typeCode=SBJ].observation[classCode=OBS].value"/>
      </mapping>
    </element>
    <element id="Immunization:argoprofile.vaccinationProtocol.doseStatusReason">
      <path value="Immunization.vaccinationProtocol.doseStatusReason"/>
      <name value="Immunization:argoprofile.vaccinationProtocol.doseStatusReason"/>
      <short value="Why dose does (not) count"/>
      <definition value="Provides an explanation as to why an immunization event should or should not count against the protocol."/>
      <min value="0"/>
      <max value="1"/>
      <base>
        <path value="Immunization.vaccinationProtocol.doseStatusReason"/>
        <min value="0"/>
        <max value="1"/>
      </base>
      <type>
        <code value="CodeableConcept"/>
      </type>
      <maxLength value="0"/>
      <mustSupport value="false"/>
      <isModifier value="false"/>
      <isSummary value="false"/>
      <binding>
        <strength value="example"/>
        <description value="The reason for the determining if a vaccination should count or why vaccination should not count."/>
        <valueSetReference>
          <reference value="http://hl7.org/fhir/ValueSet/vaccination-protocol-dose-status-reason"/>
        </valueSetReference>
      </binding>
      <mapping>
        <identity value="rim"/>
        <map value=".participation[typeCode=CSM].role[classCode=INST].scopedRole.scoper[classCode=MMAT].playedRole[classCode=INGR].scopedRole.scoper[classCode=MMAT].playedRole[classCode=HLTHCHRT].participation[typeCode=SBJ].observation[classCode=OBS].reasonCode"/>
      </mapping>
    </element>
  </snapshot>
  <differential>
    <element id="Immunization:argoprofile">
      <path value="Immunization"/>
      <name value="argoprofile"/>
      <short value="Argonaut Immunization Profile"/>
      <min value="0"/>
      <type>
        <code value="Immunization"/>
      </type>
      <maxLength value="0"/>
      <mustSupport value="false"/>
      <isModifier value="false"/>
      <isSummary value="false"/>
    </element>
    <element id="Immunization:argoprofile.status">
      <path value="Immunization.status"/>
      <name value="Immunization:argoprofile.status"/>
      <min value="1"/>
      <max value="1"/>
      <type>
        <code value="code"/>
      </type>
      <maxLength value="0"/>
      <mustSupport value="true"/>
      <isModifier value="false"/>
      <isSummary value="false"/>
      <binding>
        <strength value="required"/>
        <description value="Constrained list of immunizaiotn status"/>
        <valueSetReference>
          <reference value="http://fhir.org/guides/argonaut/ValueSet/vacc-status"/>
        </valueSetReference>
      </binding>
    </element>
    <element id="Immunization:argoprofile.date">
      <path value="Immunization.date"/>
      <name value="Immunization:argoprofile.date"/>
      <min value="1"/>
      <max value="1"/>
      <type>
        <code value="dateTime"/>
      </type>
      <maxLength value="0"/>
      <mustSupport value="true"/>
      <isModifier value="false"/>
      <isSummary value="false"/>
    </element>
    <element id="Immunization:argoprofile.vaccineCode">
      <path value="Immunization.vaccineCode"/>
      <name value="Immunization:argoprofile.vaccineCode"/>
      <short value="Vaccine Product Type (bind to CVX)"/>
      <min value="1"/>
      <max value="1"/>
      <type>
        <code value="CodeableConcept"/>
      </type>
      <maxLength value="0"/>
      <constraint>
        <extension url="http://hl7.org/fhir/StructureDefinition/structuredefinition-expression">
          <valueString value="coding.where(system=&#39;http://hl7.org/fhir/sid/ndc&#39;).empty()"/>
        </extension>
        <key value="arg-1"/>
        <severity value="warning"/>
        <human value="SHOULD have a translation to the to the NDC value set"/>
        <xpath value="not(exists(f:coding/f:system[@value=&#39;http://hl7.org/fhir/sid/ndc&#39;]))"/>
      </constraint>
      <mustSupport value="true"/>
      <isModifier value="false"/>
      <isSummary value="false"/>
      <binding>
        <extension url="http://hl7.org/fhir/StructureDefinition/elementdefinition-maxValueSet">
          <valueReference>
            <reference value="http://hl7.org/fhir/ValueSet/daf-cvx"/>
          </valueReference>
        </extension>
        <strength value="extensible"/>
        <description value="The CVX (vaccine administered) code system"/>
        <valueSetReference>
          <reference value="http://hl7.org/fhir/ValueSet/daf-cvx"/>
        </valueSetReference>
      </binding>
    </element>
    <element id="Immunization:argoprofile.patient">
      <path value="Immunization.patient"/>
      <name value="Immunization:argoprofile.patient"/>
      <alias value="Patient"/>
      <min value="1"/>
      <max value="1"/>
      <type>
        <code value="Reference"/>
        <profile value="http://fhir.org/guides/argonaut/StructureDefinition/argo-patient"/>
      </type>
      <maxLength value="0"/>
      <mustSupport value="true"/>
      <isModifier value="false"/>
      <isSummary value="false"/>
    </element>
    <element id="Immunization:argoprofile.wasNotGiven">
      <path value="Immunization.wasNotGiven"/>
      <name value="Immunization:argoprofile.wasNotGiven"/>
      <min value="1"/>
      <max value="1"/>
      <type>
        <code value="boolean"/>
      </type>
      <maxLength value="0"/>
      <mustSupport value="true"/>
      <isModifier value="false"/>
      <isSummary value="false"/>
    </element>
    <element id="Immunization:argoprofile.reported">
      <path value="Immunization.reported"/>
      <name value="Immunization:argoprofile.reported"/>
      <min value="1"/>
      <max value="1"/>
      <type>
        <code value="boolean"/>
      </type>
      <maxLength value="0"/>
      <mustSupport value="true"/>
      <isModifier value="false"/>
      <isSummary value="false"/>
    </element>
  </differential>
</StructureDefinition>