{
  "resourceType": "ValueSet",
  "id": "usrealm-birthsex",
  "text": {
    "status": "generated"
  },
  "url": "http://fhir.org/guides/argonaut/ValueSet/usrealm-birthsex",
  "name": "USRealm Birth Sex Value Set",
  "status": "active",
  "publisher": "Argonaut Project",
  "contact": [
    {
      "telecom": [
        {
          "system": "other",
          "value": "http://argonautwiki.hl7.org",
          "rank": 0
        }
      ]
    }
  ],
  "date": "2016-08-10T00:00:00+10:00",
  "description": "Codes for assigning sex at birth as specified by the [Office of the National Coordinator for Health IT (ONC)](https://www.healthit.gov/newsroom/about-onc)",
  "immutable": false,
  "extensible": false,
  "compose": {
    "include": [
      {
        "system": "http://hl7.org/fhir/v3/AdministrativeGender",
        "concept": [
          {
            "code": "F",
            "display": "Female"
          },
          {
            "code": "M",
            "display": "Male"
          }
        ]
      },
      {
        "system": "http://hl7.org/fhir/v3/NullFlavor",
        "concept": [
          {
            "code": "UNK",
            "display": "Unknown"
          }
        ]
      }
    ]
  }
}