<?xml version="1.0" encoding="UTF-8"?><ValueSet xmlns="http://hl7.org/fhir"><id value="slot-bundle-type"/><text><status value="generated"/><div xmlns="http://www.w3.org/1999/xhtml"><h2>Argonaut_Slot_BundleType_Codes</h2><div><p>Slot Bundle Profile types constrained to &#39;history&#39; and &#39;searchset&#39;.</p>
</div><p>This value set includes codes from the following code systems:</p><ul><li>Include these codes as defined in <a href="http://hl7.org/fhir/STU3/codesystem-bundle-type.html"><code>http://hl7.org/fhir/bundle-type</code></a><table class="none"><tr><td style="white-space:nowrap"><b>Code</b></td><td><b>Display</b></td></tr><tr><td><a href="http://hl7.org/fhir/STU3/codesystem-bundle-type.html#bundle-type-searchset">searchset</a></td><td>Search Results</td><td>The bundle is a list of resources returned as a result of a search/query interaction, operation, or message.</td></tr><tr><td><a href="http://hl7.org/fhir/STU3/codesystem-bundle-type.html#bundle-type-history">history</a></td><td>History List</td><td>The bundle is a list of resources from a history interaction on a server.</td></tr></table></li></ul></div></text><url value="http://fhir.org/guides/argonaut-scheduling/ValueSet/slot-bundle-type"/><version value="1.0.0"/><name value="Argonaut_Slot_BundleType_Codes"/><title value="Argonaut Slot BundleType Codes"/><status value="active"/><date value="2017-01-10T18:40:10+11:00"/><description value="Slot Bundle Profile types constrained to &#39;history&#39; and &#39;searchset&#39;."/><jurisdiction><coding><system value="urn:iso:std:iso:3166"/><code value="US"/><display value="United States of America"/></coding></jurisdiction><compose><include><system value="http://hl7.org/fhir/bundle-type"/><concept><code value="searchset"/></concept><concept><code value="history"/></concept></include></compose></ValueSet>