<?xml version="1.0" encoding="UTF-8"?><ValueSet xmlns="http://hl7.org/fhir"><id value="appt-type"/><text><status value="generated"/><div xmlns="http://www.w3.org/1999/xhtml"><h2>Argonaut_Appointment_Types</h2><div><p>The style of appointment or patient for appointment booking (not service type).  These concepts are used in the FHIR Appointment, Schedule and Slot resources. The <a href="http://fhir.org/guides/argonaut-scheduling/ConceptMap/visit-appt-map">Argonaut Scheduling Visit Types</a> are mapped to these concepts.</p>
</div><p>This value set includes codes from the following code systems:</p><ul><li>Include all codes defined in <a href="CodeSystem-appt-type.html"><code>http://fhir.org/guides/argonaut-scheduling/CodeSystem/appt-type</code></a></li><li/><li>Import all the codes that are contained in <a href="http://hl7.org/fhir/STU3/v2/0276/index.html">http://hl7.org/fhir/ValueSet/v2-0276</a></li></ul></div></text><url value="http://fhir.org/guides/argonaut-scheduling/ValueSet/appt-type"/><version value="1.0.0"/><name value="Argonaut_Appointment_Types"/><title value="Argonaut Appointment Types"/><status value="active"/><date value="2017-07-13T05:40:10+10:00"/><description value="The style of appointment or patient for appointment booking (not service type).  These concepts are used in the FHIR Appointment, Schedule and Slot resources. The [Argonaut Scheduling Visit Types](http://fhir.org/guides/argonaut-scheduling/ConceptMap/visit-appt-map) are mapped to these concepts."/><jurisdiction><coding><system value="urn:iso:std:iso:3166"/><code value="US"/><display value="United States of America"/></coding></jurisdiction><compose><include><system value="http://fhir.org/guides/argonaut-scheduling/CodeSystem/appt-type"/></include><include><valueSet value="http://hl7.org/fhir/ValueSet/v2-0276"/></include></compose></ValueSet>