<?xml version="1.0" encoding="UTF-8"?><Bundle xmlns="http://hl7.org/fhir"><type value="collection"/><entry/><entry><resource><OperationOutcome><extension url="http://hl7.org/fhir/StructureDefinition/operationoutcome-file"><valueString value="C:\temp\fhir.cdc.opioid-mme-r4#3.0.0\input\resources\library\library-ConversionFactors"/></extension></OperationOutcome></resource></entry><entry><resource><OperationOutcome><extension url="http://hl7.org/fhir/StructureDefinition/operationoutcome-file"><valueString value="C:\temp\fhir.cdc.opioid-mme-r4#3.0.0\input\resources\library\library-ConversionFactorsTests"/></extension></OperationOutcome></resource></entry><entry><resource><OperationOutcome><extension url="http://hl7.org/fhir/StructureDefinition/operationoutcome-file"><valueString value="C:\temp\fhir.cdc.opioid-mme-r4#3.0.0\input\resources\library\library-MMECalculator"/></extension></OperationOutcome></resource></entry><entry><resource><OperationOutcome><extension url="http://hl7.org/fhir/StructureDefinition/operationoutcome-file"><valueString value="C:\temp\fhir.cdc.opioid-mme-r4#3.0.0\input\resources\library\library-MMECalculatorTests"/></extension></OperationOutcome></resource></entry><entry><resource><OperationOutcome><extension url="http://hl7.org/fhir/StructureDefinition/operationoutcome-file"><valueString value="C:\temp\fhir.cdc.opioid-mme-r4#3.0.0\input\resources\library\library-OMTKData"/></extension></OperationOutcome></resource></entry><entry><resource><OperationOutcome><extension url="http://hl7.org/fhir/StructureDefinition/operationoutcome-file"><valueString value="C:\temp\fhir.cdc.opioid-mme-r4#3.0.0\input\resources\library\library-OMTKDataTests"/></extension></OperationOutcome></resource></entry><entry><resource><OperationOutcome><extension url="http://hl7.org/fhir/StructureDefinition/operationoutcome-file"><valueString value="C:\temp\fhir.cdc.opioid-mme-r4#3.0.0\input\resources\library\library-OMTKLogic"/></extension></OperationOutcome></resource></entry><entry><resource><OperationOutcome><extension url="http://hl7.org/fhir/StructureDefinition/operationoutcome-file"><valueString value="C:\temp\fhir.cdc.opioid-mme-r4#3.0.0\input\resources\library\library-OMTKLogicTests"/></extension></OperationOutcome></resource></entry><entry><resource><OperationOutcome><extension url="http://hl7.org/fhir/StructureDefinition/operationoutcome-file"><valueString value="C:\temp\fhir.cdc.opioid-mme-r4#3.0.0\input\tests\ConversionFactorsClinicalTests\cfct-example\codesystem-cfct-example-CDCMMEClinicalConversionFactors"/></extension></OperationOutcome></resource></entry><entry><resource><OperationOutcome><extension url="http://hl7.org/fhir/StructureDefinition/operationoutcome-file"><valueString value="C:\temp\fhir.cdc.opioid-mme-r4#3.0.0\input\tests\ConversionFactorsClinicalTests\cfct-example\patient-cfct-example"/></extension></OperationOutcome></resource></entry><entry><resource><OperationOutcome><extension url="http://hl7.org/fhir/StructureDefinition/operationoutcome-file"><valueString value="C:\temp\fhir.cdc.opioid-mme-r4#3.0.0\input\tests\ConversionFactorsTests\cft-example\patient-cft-example"/></extension></OperationOutcome></resource></entry><entry><resource><OperationOutcome><extension url="http://hl7.org/fhir/StructureDefinition/operationoutcome-file"><valueString value="C:\temp\fhir.cdc.opioid-mme-r4#3.0.0\input\tests\MMECalculatorTests\patient-mme-greater-than-fifty\GuidanceResponse-patient-mme-greater-than-fifty"/></extension></OperationOutcome></resource></entry><entry><resource><OperationOutcome><extension url="http://hl7.org/fhir/StructureDefinition/operationoutcome-file"><valueString value="C:\temp\fhir.cdc.opioid-mme-r4#3.0.0\input\tests\MMECalculatorTests\patient-mme-greater-than-fifty\example-rec-05-mme-greater-than-fifty-context"/></extension></OperationOutcome></resource></entry><entry><resource><OperationOutcome><extension url="http://hl7.org/fhir/StructureDefinition/operationoutcome-file"><valueString value="C:\temp\fhir.cdc.opioid-mme-r4#3.0.0\input\tests\MMECalculatorTests\patient-mme-greater-than-fifty\patient-mme-greater-than-fifty"/></extension></OperationOutcome></resource></entry><entry><resource><OperationOutcome><extension url="http://hl7.org/fhir/StructureDefinition/operationoutcome-file"><valueString value="C:\temp\fhir.cdc.opioid-mme-r4#3.0.0\input\tests\MMECalculatorTests\patient-mme-less-than-fifty\GuidanceResponse-patient-mme-less-than-fifty"/></extension></OperationOutcome></resource></entry><entry><resource><OperationOutcome><extension url="http://hl7.org/fhir/StructureDefinition/operationoutcome-file"><valueString value="C:\temp\fhir.cdc.opioid-mme-r4#3.0.0\input\tests\MMECalculatorTests\patient-mme-less-than-fifty\example-rec-05-mme-less-than-fifty-context"/></extension></OperationOutcome></resource></entry><entry><resource><OperationOutcome><extension url="http://hl7.org/fhir/StructureDefinition/operationoutcome-file"><valueString value="C:\temp\fhir.cdc.opioid-mme-r4#3.0.0\input\tests\MMECalculatorTests\patient-mme-less-than-fifty\patient-mme-less-than-fifty"/></extension></OperationOutcome></resource></entry><entry><resource><OperationOutcome><extension url="http://hl7.org/fhir/StructureDefinition/operationoutcome-file"><valueString value="C:\temp\fhir.cdc.opioid-mme-r4#3.0.0\input\tests\MMECalculatorTests\patient-mme-with-timeofday\GuidanceResponse-patient-mme-with-timeofday"/></extension></OperationOutcome></resource></entry><entry><resource><OperationOutcome><extension url="http://hl7.org/fhir/StructureDefinition/operationoutcome-file"><valueString value="C:\temp\fhir.cdc.opioid-mme-r4#3.0.0\input\tests\MMECalculatorTests\patient-mme-with-timeofday\example-rec-05-mme-with-timeofday-context"/></extension></OperationOutcome></resource></entry><entry><resource><OperationOutcome><extension url="http://hl7.org/fhir/StructureDefinition/operationoutcome-file"><valueString value="C:\temp\fhir.cdc.opioid-mme-r4#3.0.0\input\tests\MMECalculatorTests\patient-mme-with-timeofday\patient-mme-with-timeofday"/></extension></OperationOutcome></resource></entry><entry><resource><OperationOutcome><extension url="http://hl7.org/fhir/StructureDefinition/operationoutcome-file"><valueString value="C:\temp\fhir.cdc.opioid-mme-r4#3.0.0\input\tests\MMECalculatorTests\patient-no-meds\patient-no-meds"/></extension></OperationOutcome></resource></entry><entry><resource><OperationOutcome><extension url="http://hl7.org/fhir/StructureDefinition/operationoutcome-file"><valueString value="C:\temp\fhir.cdc.opioid-mme-r4#3.0.0\input\vocabulary\codesystem\codesystem-CDCMMEClinicalConversionFactors"/></extension></OperationOutcome></resource></entry><entry><resource><OperationOutcome><extension url="http://hl7.org/fhir/StructureDefinition/operationoutcome-file"><valueString value="C:\temp\fhir.cdc.opioid-mme-r4#3.0.0\input\vocabulary\codesystem\codesystem-CDCMMEUsageContextCodes"/></extension></OperationOutcome></resource></entry><entry><resource><OperationOutcome><extension url="http://hl7.org/fhir/StructureDefinition/operationoutcome-file"><valueString value="MMEMedicationRequest"/></extension></OperationOutcome></resource></entry><entry><resource><OperationOutcome><extension url="http://hl7.org/fhir/StructureDefinition/operationoutcome-file"><valueString value="c:\temp\fhir.cdc.opioid-mme-r4#3.0.0\input\opioid-mme-r4"/></extension></OperationOutcome></resource></entry></Bundle>