<?xml version="1.0" encoding="UTF-8"?><Library xmlns="http://hl7.org/fhir"><id value="OMTKLogicTests"/><meta><profile value="http://hl7.org/fhir/uv/cpg/StructureDefinition/cpg-shareablelibrary"/><profile value="http://hl7.org/fhir/uv/cpg/StructureDefinition/cpg-computablelibrary"/><profile value="http://hl7.org/fhir/uv/cpg/StructureDefinition/cpg-publishablelibrary"/><profile value="http://hl7.org/fhir/uv/cpg/StructureDefinition/cpg-executablelibrary"/></meta><extension url="http://hl7.org/fhir/uv/cpg/StructureDefinition/cpg-knowledgeCapability"><valueCode value="shareable"/></extension><extension url="http://hl7.org/fhir/uv/cpg/StructureDefinition/cpg-knowledgeCapability"><valueCode value="computable"/></extension><extension url="http://hl7.org/fhir/uv/cpg/StructureDefinition/cpg-knowledgeCapability"><valueCode value="publishable"/></extension><extension url="http://hl7.org/fhir/uv/cpg/StructureDefinition/cpg-knowledgeCapability"><valueCode value="executable"/></extension><extension url="http://hl7.org/fhir/uv/cpg/StructureDefinition/cpg-knowledgeRepresentationLevel"><valueCode value="structured"/></extension><url value="http://fhir.org/guides/cdc/opioid-mme-r4/Library/OMTKLogicTests"/><version value="3.0.0"/><name value="OMTKLogicTests"/><title value="Tests of the Opioid Management Terminology Knowledge Logic library"/><status value="active"/><experimental value="true"/><type><coding><system value="http://terminology.hl7.org/CodeSystem/library-type"/><code value="logic-library"/></coding></type><date value="2021-11-25T15:15:41+11:00"/><publisher value="Alphora"/><contact><telecom><system value="url"/><value value="http://alphora.com"/></telecom></contact><description value="This library tests the MME calculator provided by the OMTKLogic library"/><jurisdiction><coding><system value="http://unstats.un.org/unsd/methods/m49/m49.htm"/><code value="840"/></coding></jurisdiction><copyright value="Copyright 2019+ Centers for Disease Control and Prevention (CDC)"/><topic><text value="Opioid Prescribing"/></topic><topic><text value="Morphine Milligram Equivalent (MME)"/></topic><author><name value="Floyd Eisenberg, MD, MPH"/></author><author><name value="Kensaku Kawamoto, MD, PhD, MHS"/></author><author><name value="Robert McClure, MD"/></author><author><name value="Bryn Rhodes"/></author><relatedArtifact><type value="depends-on"/><display value="Library OMTKLogic"/><resource value="http://fhir.org/guides/cdc/opioid-mme-r4/Library/OMTKLogic|3.0.0"/></relatedArtifact><relatedArtifact><type value="depends-on"/><display value="Library OMTKData"/><resource value="http://fhir.org/guides/cdc/opioid-mme-r4/Library/OMTKData|3.0.0"/></relatedArtifact><relatedArtifact><type value="depends-on"/><display value="Library ConversionFactors"/><resource value="http://fhir.org/guides/cdc/opioid-mme-r4/Library/ConversionFactors|3.0.0"/></relatedArtifact><relatedArtifact><type value="depends-on"/><display value="Code system RXNORM"/><resource value="http://www.nlm.nih.gov/research/umls/rxnorm"/></relatedArtifact><relatedArtifact><type value="depends-on"/><display value="Code system Usage Context Type"/><resource value="http://terminology.hl7.org/CodeSystem/usage-context-type"/></relatedArtifact><relatedArtifact><type value="depends-on"/><display value="Code system CDC MME Usage Context Codes"/><resource value="http://fhir.org/guides/cdc/opioid-mme-r4/CodeSystem/CDCMMEUsageContextCodes"/></relatedArtifact><parameter><name value="ErrorLevel"/><use value="in"/><min value="0"/><max value="1"/><type value="string"/></parameter><parameter><name value="ConversionFactorSupplementName"/><use value="in"/><min value="0"/><max value="1"/><type value="string"/></parameter><parameter><name value="TestToUCUM_MG"/><use value="out"/><min value="0"/><max value="1"/><type value="boolean"/></parameter><parameter><name value="TestToUCUM_MGPerACTUAT"/><use value="out"/><min value="0"/><max value="1"/><type value="boolean"/></parameter><parameter><name value="TestToUCUM_MGPerML"/><use value="out"/><min value="0"/><max value="1"/><type value="boolean"/></parameter><parameter><name value="TestToUCUM_MGPerHR"/><use value="out"/><min value="0"/><max value="1"/><type value="boolean"/></parameter><parameter><name value="TestToUCUM_Unknown"/><use value="out"/><min value="0"/><max value="1"/><type value="boolean"/></parameter><parameter><name value="TestToDaily_h"/><use value="out"/><min value="0"/><max value="1"/><type value="boolean"/></parameter><parameter><name value="TestToDaily_min"/><use value="out"/><min value="0"/><max value="1"/><type value="boolean"/></parameter><parameter><name value="TestToDaily_s"/><use value="out"/><min value="0"/><max value="1"/><type value="boolean"/></parameter><parameter><name value="TestToDaily_d"/><use value="out"/><min value="0"/><max value="1"/><type value="boolean"/></parameter><parameter><name value="TestToDaily_wk"/><use value="out"/><min value="0"/><max value="1"/><type value="boolean"/></parameter><parameter><name value="TestToDaily_mo"/><use value="out"/><min value="0"/><max value="1"/><type value="boolean"/></parameter><parameter><name value="TestToDaily_a"/><use value="out"/><min value="0"/><max value="1"/><type value="boolean"/></parameter><parameter><name value="TestToDaily_unknown"/><use value="out"/><min value="0"/><max value="1"/><type value="boolean"/></parameter><parameter><name value="TestIngredients_Fentanyl"/><use value="out"/><min value="0"/><max value="*"/><type value="Any"/></parameter><parameter><name value="TestIngredients_Fentanyl_Spray"/><use value="out"/><min value="0"/><max value="*"/><type value="Any"/></parameter><parameter><name value="TestIngredients_Fentanyl_Ropivicaine"/><use value="out"/><min value="0"/><max value="*"/><type value="Any"/></parameter><parameter><name value="TestIngredients_Methadone"/><use value="out"/><min value="0"/><max value="*"/><type value="Any"/></parameter><parameter><name value="TestDrug_Fentanyl_Transdermal"/><use value="out"/><min value="0"/><max value="1"/><type value="Any"/></parameter><parameter><name value="TestDrug_Fentanyl_0375_Transdermal"/><use value="out"/><min value="0"/><max value="1"/><type value="Any"/></parameter><parameter><name value="TestDrug_Fentanyl_Injection"/><use value="out"/><min value="0"/><max value="1"/><type value="Any"/></parameter><parameter><name value="TestDrug_Methadone"/><use value="out"/><min value="0"/><max value="1"/><type value="Any"/></parameter><parameter><name value="TestDrug_Fentanyl_Spray"/><use value="out"/><min value="0"/><max value="1"/><type value="Any"/></parameter><parameter><name value="TestDrug_Fentanyl_Film"/><use value="out"/><min value="0"/><max value="1"/><type value="Any"/></parameter><parameter><name value="TestDrug_Fentanyl_Mucosal_Spray"/><use value="out"/><min value="0"/><max value="1"/><type value="Any"/></parameter><parameter><name value="TestDrug_Oxycodone"/><use value="out"/><min value="0"/><max value="1"/><type value="Any"/></parameter><parameter><name value="TestDrug_Oxycodone_ER"/><use value="out"/><min value="0"/><max value="1"/><type value="Any"/></parameter><parameter><name value="TestDrugs"/><use value="out"/><min value="0"/><max value="*"/><type value="Any"/></parameter><parameter><name value="TestStripPer_Null"/><use value="out"/><min value="0"/><max value="1"/><type value="boolean"/></parameter><parameter><name value="TestStripPer_Empty"/><use value="out"/><min value="0"/><max value="1"/><type value="boolean"/></parameter><parameter><name value="TestStripPer_Tab"/><use value="out"/><min value="0"/><max value="1"/><type value="boolean"/></parameter><parameter><name value="TestStripPer_MG"/><use value="out"/><min value="0"/><max value="1"/><type value="boolean"/></parameter><parameter><name value="TestStripPer_UGPerH"/><use value="out"/><min value="0"/><max value="1"/><type value="boolean"/></parameter><parameter><name value="TestStripPer_MGPerTab"/><use value="out"/><min value="0"/><max value="1"/><type value="boolean"/></parameter><parameter><name value="TestStripPer_Multiple"/><use value="out"/><min value="0"/><max value="1"/><type value="boolean"/></parameter><parameter><name value="TestGetDailyDose"/><use value="out"/><min value="0"/><max value="*"/><type value="Any"/></parameter><parameter><name value="TestCalculateMMEs"/><use value="out"/><min value="0"/><max value="*"/><type value="Any"/></parameter><parameter><name value="TestGetIngredients"/><use value="out"/><min value="0"/><max value="*"/><type value="Any"/></parameter><content><contentType value="text/cql"/><data/></content><content><contentType value="application/elm+xml"/><data/></content><content><contentType value="application/elm+json"/><data/></content></Library>