<?xml version="1.0" encoding="UTF-8"?><Library xmlns="http://hl7.org/fhir"><id value="OMTKDataTests"/><meta><profile value="http://hl7.org/fhir/uv/cpg/StructureDefinition/cpg-shareablelibrary"/><profile value="http://hl7.org/fhir/uv/cpg/StructureDefinition/cpg-computablelibrary"/><profile value="http://hl7.org/fhir/uv/cpg/StructureDefinition/cpg-publishablelibrary"/><profile value="http://hl7.org/fhir/uv/cpg/StructureDefinition/cpg-executablelibrary"/></meta><extension url="http://hl7.org/fhir/uv/cpg/StructureDefinition/cpg-knowledgeCapability"><valueCode value="shareable"/></extension><extension url="http://hl7.org/fhir/uv/cpg/StructureDefinition/cpg-knowledgeCapability"><valueCode value="computable"/></extension><extension url="http://hl7.org/fhir/uv/cpg/StructureDefinition/cpg-knowledgeCapability"><valueCode value="publishable"/></extension><extension url="http://hl7.org/fhir/uv/cpg/StructureDefinition/cpg-knowledgeCapability"><valueCode value="executable"/></extension><extension url="http://hl7.org/fhir/uv/cpg/StructureDefinition/cpg-knowledgeRepresentationLevel"><valueCode value="structured"/></extension><url value="http://fhir.org/guides/cdc/opioid-mme-r4/Library/OMTKDataTests"/><version value="3.0.0"/><name value="OMTKDataTests"/><title value="Tests for the Opioid Management Terminology Knowledge Data Library"/><status value="active"/><experimental value="true"/><type><coding><system value="http://terminology.hl7.org/CodeSystem/library-type"/><code value="logic-library"/></coding></type><date value="2021-11-25T15:15:41+11:00"/><publisher value="Alphora"/><contact><telecom><system value="url"/><value value="http://alphora.com"/></telecom></contact><description value="This library contains tests of the OMTKData library"/><jurisdiction><coding><system value="http://unstats.un.org/unsd/methods/m49/m49.htm"/><code value="840"/></coding></jurisdiction><copyright value="Copyright 2019+ Centers for Disease Control and Prevention (CDC)"/><topic><text value="Opioid Prescribing"/></topic><topic><text value="Morphine Milligram Equivalent (MME)"/></topic><author><name value="Floyd Eisenberg, MD, MPH"/></author><author><name value="Kensaku Kawamoto, MD, PhD, MHS"/></author><author><name value="Robert McClure, MD"/></author><author><name value="Bryn Rhodes"/></author><relatedArtifact><type value="depends-on"/><display value="Library OMTKData"/><resource value="http://fhir.org/guides/cdc/opioid-mme-r4/Library/OMTKData|3.0.0"/></relatedArtifact><parameter><name value="TestDoseForms"/><use value="out"/><min value="0"/><max value="*"/><type value="Any"/></parameter><parameter><name value="TestUnits"/><use value="out"/><min value="0"/><max value="*"/><type value="string"/></parameter><content><contentType value="text/cql"/><data/></content><content><contentType value="application/elm+xml"/><data/></content><content><contentType value="application/elm+json"/><data/></content></Library>