<?xml version="1.0" encoding="UTF-8"?>

<Endpoint xmlns="http://hl7.org/fhir/STU3">
  <id value="example-endpoint-1"/>
  <meta>
    <profile value="http://fhir.org/guides/argonaut-pd/StructureDefinition/argo-endpoint"/>
  </meta>
  <text>
    <status value="generated"/><div xmlns="http://www.w3.org/1999/xhtml"><p><b>Generated Narrative with Details</b></p><p><b>id</b>: example-endpoint-1</p><p><b>meta</b>: </p><p><b>status</b>: active</p><p><b>connectionType</b>: Direct Project (Details: http://hl7.org/fhir/STU3/endpoint-connection-type code direct-project = 'Direct Project', stated as 'null')</p><p><b>name</b>: Dr. Ronald Bone Direct Address</p><p><b>managingOrganization</b>: <a href="Organization-example-organization-1.html">Generated Summary: id: example-organization-1; 1144221847, 2523423456; active; <span title="Codes: {http://hl7.org/fhir/STU3/organization-type prov}">Healthcare Provider</span>; name: Acme Hospital; ph: (+1) 734-677-7777, hq@acme.org</a></p><p><b>payloadType</b>: urn:hl7-org:sdwg:ccda-structuredBody:1.1 <span style="background: LightGoldenRodYellow">(Details : {urn:oid:1.3.6.1.4.1.19376.1.2.3 code 'urn:hl7-org:sdwg:ccda-structuredBody:1.1' = 'urn:hl7-org:sdwg:ccda-structuredBody:1.1)</span></p><p><b>payloadMimeType</b>: text/xml</p><p><b>address</b>: <a href="mailto:Interoperability@DirectAddress.com">mailto:Interoperability@DirectAddress.com</a></p></div>
  </text>
  <status value="active"/>
  <connectionType>
    <system value="http://hl7.org/fhir/STU3/endpoint-connection-type"/>
    <code value="direct-project"/>
  </connectionType>
  <name value="Dr. Ronald Bone Direct Address"/>
  <managingOrganization>
    <reference value="Organization/example-organization-1"/>
  </managingOrganization>
  <payloadType>
    <coding>
      <system value="urn:oid:1.3.6.1.4.1.19376.1.2.3"/>
      <code value="urn:hl7-org:sdwg:ccda-structuredBody:1.1"/>
    </coding>
  </payloadType>
  <payloadMimeType value="text/xml"/>
  <address value="mailto:Interoperability@DirectAddress.com"/>
</Endpoint>